# The Utah teapot as JetExamples' esp32-lighting-teapot renders it: its
# esp32-lighting-teapot/main/TeapotMesh.hpp at 57b05a240f5b,
# written as OBJ by tools/vendor_jet.py. 822 vertices, 1560 triangles.
# Generated from freeglut's teapot control points; LICENSES.txt carries
# their notice. Do not edit: re-run `make vendor-jet`.
v 1.75 1.03125 0
v 1.6640625 1.03125 0.5546875
v 1.4140625 1.03125 1.0390625
v 1.0390625 1.03125 1.4140625
v 0.5546875 1.03125 1.6640625
v 0 1.03125 1.75
v 1.7265625 1.109375 0
v 1.640625 1.109375 0.546875
v 1.3984375 1.109375 1.0234375
v 1.0234375 1.109375 1.3984375
v 0.546875 1.109375 1.640625
v 0 1.109375 1.7265625
v 1.734375 1.1484375 0
v 1.6484375 1.1484375 0.5546875
v 1.40625 1.1484375 1.03125
v 1.03125 1.1484375 1.40625
v 0.5546875 1.1484375 1.6484375
v 0 1.1484375 1.734375
v 1.7734375 1.1484375 0
v 1.6875 1.1484375 0.5625
v 1.4375 1.1484375 1.0546875
v 1.0546875 1.1484375 1.4375
v 0.5625 1.1484375 1.6875
v 0 1.1484375 1.7734375
v 1.828125 1.109375 0
v 1.734375 1.109375 0.5859375
v 1.4765625 1.109375 1.0859375
v 1.0859375 1.109375 1.4765625
v 0.5859375 1.109375 1.734375
v 0 1.109375 1.828125
v 1.875 1.03125 0
v 1.78125 1.03125 0.6015625
v 1.515625 1.03125 1.1171875
v 1.1171875 1.03125 1.515625
v 0.6015625 1.03125 1.78125
v 0 1.03125 1.875
v 0 1.03125 -1.75
v 0.5546875 1.03125 -1.6640625
v 1.0390625 1.03125 -1.4140625
v 1.4140625 1.03125 -1.0390625
v 1.6640625 1.03125 -0.5546875
v 0 1.109375 -1.7265625
v 0.546875 1.109375 -1.640625
v 1.0234375 1.109375 -1.3984375
v 1.3984375 1.109375 -1.0234375
v 1.640625 1.109375 -0.546875
v 0 1.1484375 -1.734375
v 0.5546875 1.1484375 -1.6484375
v 1.03125 1.1484375 -1.40625
v 1.40625 1.1484375 -1.03125
v 1.6484375 1.1484375 -0.5546875
v 0 1.1484375 -1.7734375
v 0.5625 1.1484375 -1.6875
v 1.0546875 1.1484375 -1.4375
v 1.4375 1.1484375 -1.0546875
v 1.6875 1.1484375 -0.5625
v 0 1.109375 -1.828125
v 0.5859375 1.109375 -1.734375
v 1.0859375 1.109375 -1.4765625
v 1.4765625 1.109375 -1.0859375
v 1.734375 1.109375 -0.5859375
v 0 1.03125 -1.875
v 0.6015625 1.03125 -1.78125
v 1.1171875 1.03125 -1.515625
v 1.515625 1.03125 -1.1171875
v 1.78125 1.03125 -0.6015625
v -1.75 1.03125 0
v -1.6640625 1.03125 -0.5546875
v -1.4140625 1.03125 -1.0390625
v -1.0390625 1.03125 -1.4140625
v -0.5546875 1.03125 -1.6640625
v -1.7265625 1.109375 0
v -1.640625 1.109375 -0.546875
v -1.3984375 1.109375 -1.0234375
v -1.0234375 1.109375 -1.3984375
v -0.546875 1.109375 -1.640625
v -1.734375 1.1484375 0
v -1.6484375 1.1484375 -0.5546875
v -1.40625 1.1484375 -1.03125
v -1.03125 1.1484375 -1.40625
v -0.5546875 1.1484375 -1.6484375
v -1.7734375 1.1484375 0
v -1.6875 1.1484375 -0.5625
v -1.4375 1.1484375 -1.0546875
v -1.0546875 1.1484375 -1.4375
v -0.5625 1.1484375 -1.6875
v -1.828125 1.109375 0
v -1.734375 1.109375 -0.5859375
v -1.4765625 1.109375 -1.0859375
v -1.0859375 1.109375 -1.4765625
v -0.5859375 1.109375 -1.734375
v -1.875 1.03125 0
v -1.78125 1.03125 -0.6015625
v -1.515625 1.03125 -1.1171875
v -1.1171875 1.03125 -1.515625
v -0.6015625 1.03125 -1.78125
v -0.5546875 1.03125 1.6640625
v -1.0390625 1.03125 1.4140625
v -1.4140625 1.03125 1.0390625
v -1.6640625 1.03125 0.5546875
v -0.546875 1.109375 1.640625
v -1.0234375 1.109375 1.3984375
v -1.3984375 1.109375 1.0234375
v -1.640625 1.109375 0.546875
v -0.5546875 1.1484375 1.6484375
v -1.03125 1.1484375 1.40625
v -1.40625 1.1484375 1.03125
v -1.6484375 1.1484375 0.5546875
v -0.5625 1.1484375 1.6875
v -1.0546875 1.1484375 1.4375
v -1.4375 1.1484375 1.0546875
v -1.6875 1.1484375 0.5625
v -0.5859375 1.109375 1.734375
v -1.0859375 1.109375 1.4765625
v -1.4765625 1.109375 1.0859375
v -1.734375 1.109375 0.5859375
v -0.6015625 1.03125 1.78125
v -1.1171875 1.03125 1.515625
v -1.515625 1.03125 1.1171875
v -1.78125 1.03125 0.6015625
v 2.0625 0.640625 0
v 1.953125 0.640625 0.65625
v 1.6640625 0.640625 1.2265625
v 1.2265625 0.640625 1.6640625
v 0.65625 0.640625 1.953125
v 0 0.640625 2.0625
v 2.2265625 0.25 0
v 2.1171875 0.25 0.7109375
v 1.8046875 0.25 1.328125
v 1.328125 0.25 1.8046875
v 0.7109375 0.25 2.1171875
v 0 0.25 2.2265625
v 2.3671875 -0.1328125 0
v 2.25 -0.1328125 0.7578125
v 1.921875 -0.1328125 1.40625
v 1.40625 -0.1328125 1.921875
v 0.7578125 -0.1328125 2.25
v 0 -0.1328125 2.3671875
v 2.46875 -0.4921875 0
v 2.34375 -0.4921875 0.7890625
v 1.9921875 -0.4921875 1.4609375
v 1.4609375 -0.4921875 1.9921875
v 0.7890625 -0.4921875 2.34375
v 0 -0.4921875 2.46875
v 2.5 -0.84375 0
v 2.375 -0.84375 0.796875
v 2.0234375 -0.84375 1.484375
v 1.484375 -0.84375 2.0234375
v 0.796875 -0.84375 2.375
v 0 -0.84375 2.5
v 0 0.640625 -2.0625
v 0.65625 0.640625 -1.953125
v 1.2265625 0.640625 -1.6640625
v 1.6640625 0.640625 -1.2265625
v 1.953125 0.640625 -0.65625
v 0 0.25 -2.2265625
v 0.7109375 0.25 -2.1171875
v 1.328125 0.25 -1.8046875
v 1.8046875 0.25 -1.328125
v 2.1171875 0.25 -0.7109375
v 0 -0.1328125 -2.3671875
v 0.7578125 -0.1328125 -2.25
v 1.40625 -0.1328125 -1.921875
v 1.921875 -0.1328125 -1.40625
v 2.25 -0.1328125 -0.7578125
v 0 -0.4921875 -2.46875
v 0.7890625 -0.4921875 -2.34375
v 1.4609375 -0.4921875 -1.9921875
v 1.9921875 -0.4921875 -1.4609375
v 2.34375 -0.4921875 -0.7890625
v 0 -0.84375 -2.5
v 0.796875 -0.84375 -2.375
v 1.484375 -0.84375 -2.0234375
v 2.0234375 -0.84375 -1.484375
v 2.375 -0.84375 -0.796875
v -2.0625 0.640625 0
v -1.953125 0.640625 -0.65625
v -1.6640625 0.640625 -1.2265625
v -1.2265625 0.640625 -1.6640625
v -0.65625 0.640625 -1.953125
v -2.2265625 0.25 0
v -2.1171875 0.25 -0.7109375
v -1.8046875 0.25 -1.328125
v -1.328125 0.25 -1.8046875
v -0.7109375 0.25 -2.1171875
v -2.3671875 -0.1328125 0
v -2.25 -0.1328125 -0.7578125
v -1.921875 -0.1328125 -1.40625
v -1.40625 -0.1328125 -1.921875
v -0.7578125 -0.1328125 -2.25
v -2.46875 -0.4921875 0
v -2.34375 -0.4921875 -0.7890625
v -1.9921875 -0.4921875 -1.4609375
v -1.4609375 -0.4921875 -1.9921875
v -0.7890625 -0.4921875 -2.34375
v -2.5 -0.84375 0
v -2.375 -0.84375 -0.796875
v -2.0234375 -0.84375 -1.484375
v -1.484375 -0.84375 -2.0234375
v -0.796875 -0.84375 -2.375
v -0.65625 0.640625 1.953125
v -1.2265625 0.640625 1.6640625
v -1.6640625 0.640625 1.2265625
v -1.953125 0.640625 0.65625
v -0.7109375 0.25 2.1171875
v -1.328125 0.25 1.8046875
v -1.8046875 0.25 1.328125
v -2.1171875 0.25 0.7109375
v -0.7578125 -0.1328125 2.25
v -1.40625 -0.1328125 1.921875
v -1.921875 -0.1328125 1.40625
v -2.25 -0.1328125 0.7578125
v -0.7890625 -0.4921875 2.34375
v -1.4609375 -0.4921875 1.9921875
v -1.9921875 -0.4921875 1.4609375
v -2.34375 -0.4921875 0.7890625
v -0.796875 -0.84375 2.375
v -1.484375 -0.84375 2.0234375
v -2.0234375 -0.84375 1.484375
v -2.375 -0.84375 0.796875
v 2.4375 -1.1484375 0
v 2.3125 -1.1484375 0.7734375
v 1.96875 -1.1484375 1.4453125
v 1.4453125 -1.1484375 1.96875
v 0.7734375 -1.1484375 2.3125
v 0 -1.1484375 2.4375
v 2.28125 -1.390625 0
v 2.1640625 -1.390625 0.7265625
v 1.84375 -1.390625 1.3515625
v 1.3515625 -1.390625 1.84375
v 0.7265625 -1.390625 2.1640625
v 0 -1.390625 2.28125
v 2.09375 -1.5703125 0
v 1.9921875 -1.5703125 0.671875
v 1.6953125 -1.5703125 1.2421875
v 1.2421875 -1.5703125 1.6953125
v 0.671875 -1.5703125 1.9921875
v 0 -1.5703125 2.09375
v 1.9375 -1.703125 0
v 1.84375 -1.703125 0.6171875
v 1.5703125 -1.703125 1.1484375
v 1.1484375 -1.703125 1.5703125
v 0.6171875 -1.703125 1.84375
v 0 -1.703125 1.9375
v 1.875 -1.78125 0
v 1.78125 -1.78125 0.6015625
v 1.515625 -1.78125 1.1171875
v 1.1171875 -1.78125 1.515625
v 0.6015625 -1.78125 1.78125
v 0 -1.78125 1.875
v 0 -1.1484375 -2.4375
v 0.7734375 -1.1484375 -2.3125
v 1.4453125 -1.1484375 -1.96875
v 1.96875 -1.1484375 -1.4453125
v 2.3125 -1.1484375 -0.7734375
v 0 -1.390625 -2.28125
v 0.7265625 -1.390625 -2.1640625
v 1.3515625 -1.390625 -1.84375
v 1.84375 -1.390625 -1.3515625
v 2.1640625 -1.390625 -0.7265625
v 0 -1.5703125 -2.09375
v 0.671875 -1.5703125 -1.9921875
v 1.2421875 -1.5703125 -1.6953125
v 1.6953125 -1.5703125 -1.2421875
v 1.9921875 -1.5703125 -0.671875
v 0 -1.703125 -1.9375
v 0.6171875 -1.703125 -1.84375
v 1.1484375 -1.703125 -1.5703125
v 1.5703125 -1.703125 -1.1484375
v 1.84375 -1.703125 -0.6171875
v 0 -1.78125 -1.875
v 0.6015625 -1.78125 -1.78125
v 1.1171875 -1.78125 -1.515625
v 1.515625 -1.78125 -1.1171875
v 1.78125 -1.78125 -0.6015625
v -2.4375 -1.1484375 0
v -2.3125 -1.1484375 -0.7734375
v -1.96875 -1.1484375 -1.4453125
v -1.4453125 -1.1484375 -1.96875
v -0.7734375 -1.1484375 -2.3125
v -2.28125 -1.390625 0
v -2.1640625 -1.390625 -0.7265625
v -1.84375 -1.390625 -1.3515625
v -1.3515625 -1.390625 -1.84375
v -0.7265625 -1.390625 -2.1640625
v -2.09375 -1.5703125 0
v -1.9921875 -1.5703125 -0.671875
v -1.6953125 -1.5703125 -1.2421875
v -1.2421875 -1.5703125 -1.6953125
v -0.671875 -1.5703125 -1.9921875
v -1.9375 -1.703125 0
v -1.84375 -1.703125 -0.6171875
v -1.5703125 -1.703125 -1.1484375
v -1.1484375 -1.703125 -1.5703125
v -0.6171875 -1.703125 -1.84375
v -1.875 -1.78125 0
v -1.78125 -1.78125 -0.6015625
v -1.515625 -1.78125 -1.1171875
v -1.1171875 -1.78125 -1.515625
v -0.6015625 -1.78125 -1.78125
v -0.7734375 -1.1484375 2.3125
v -1.4453125 -1.1484375 1.96875
v -1.96875 -1.1484375 1.4453125
v -2.3125 -1.1484375 0.7734375
v -0.7265625 -1.390625 2.1640625
v -1.3515625 -1.390625 1.84375
v -1.84375 -1.390625 1.3515625
v -2.1640625 -1.390625 0.7265625
v -0.671875 -1.5703125 1.9921875
v -1.2421875 -1.5703125 1.6953125
v -1.6953125 -1.5703125 1.2421875
v -1.9921875 -1.5703125 0.671875
v -0.6171875 -1.703125 1.84375
v -1.1484375 -1.703125 1.5703125
v -1.5703125 -1.703125 1.1484375
v -1.84375 -1.703125 0.6171875
v -0.6015625 -1.78125 1.78125
v -1.1171875 -1.78125 1.515625
v -1.515625 -1.78125 1.1171875
v -1.78125 -1.78125 0.6015625
v 0 1.96875 0
v 0.3828125 1.9296875 0
v 0.3671875 1.9296875 0.125
v 0.3125 1.9296875 0.2265625
v 0.2265625 1.9296875 0.3125
v 0.125 1.9296875 0.3671875
v 0 1.9296875 0.3828125
v 0.4453125 1.828125 0
v 0.421875 1.828125 0.140625
v 0.359375 1.828125 0.265625
v 0.265625 1.828125 0.359375
v 0.140625 1.828125 0.421875
v 0 1.828125 0.4453125
v 0.34375 1.6875 0
v 0.328125 1.6875 0.109375
v 0.2734375 1.6875 0.203125
v 0.203125 1.6875 0.2734375
v 0.109375 1.6875 0.328125
v 0 1.6875 0.34375
v 0.2265625 1.5390625 0
v 0.2109375 1.5390625 0.0703125
v 0.1796875 1.5390625 0.1328125
v 0.1328125 1.5390625 0.1796875
v 0.0703125 1.5390625 0.2109375
v 0 1.5390625 0.2265625
v 0.25 1.40625 0
v 0.234375 1.40625 0.078125
v 0.203125 1.40625 0.1484375
v 0.1484375 1.40625 0.203125
v 0.078125 1.40625 0.234375
v 0 1.40625 0.25
v 0 1.9296875 -0.3828125
v 0.125 1.9296875 -0.3671875
v 0.2265625 1.9296875 -0.3125
v 0.3125 1.9296875 -0.2265625
v 0.3671875 1.9296875 -0.125
v 0 1.828125 -0.4453125
v 0.140625 1.828125 -0.421875
v 0.265625 1.828125 -0.359375
v 0.359375 1.828125 -0.265625
v 0.421875 1.828125 -0.140625
v 0 1.6875 -0.34375
v 0.109375 1.6875 -0.328125
v 0.203125 1.6875 -0.2734375
v 0.2734375 1.6875 -0.203125
v 0.328125 1.6875 -0.109375
v 0 1.5390625 -0.2265625
v 0.0703125 1.5390625 -0.2109375
v 0.1328125 1.5390625 -0.1796875
v 0.1796875 1.5390625 -0.1328125
v 0.2109375 1.5390625 -0.0703125
v 0 1.40625 -0.25
v 0.078125 1.40625 -0.234375
v 0.1484375 1.40625 -0.203125
v 0.203125 1.40625 -0.1484375
v 0.234375 1.40625 -0.078125
v -0.3828125 1.9296875 0
v -0.3671875 1.9296875 -0.125
v -0.3125 1.9296875 -0.2265625
v -0.2265625 1.9296875 -0.3125
v -0.125 1.9296875 -0.3671875
v -0.4453125 1.828125 0
v -0.421875 1.828125 -0.140625
v -0.359375 1.828125 -0.265625
v -0.265625 1.828125 -0.359375
v -0.140625 1.828125 -0.421875
v -0.34375 1.6875 0
v -0.328125 1.6875 -0.109375
v -0.2734375 1.6875 -0.203125
v -0.203125 1.6875 -0.2734375
v -0.109375 1.6875 -0.328125
v -0.2265625 1.5390625 0
v -0.2109375 1.5390625 -0.0703125
v -0.1796875 1.5390625 -0.1328125
v -0.1328125 1.5390625 -0.1796875
v -0.0703125 1.5390625 -0.2109375
v -0.25 1.40625 0
v -0.234375 1.40625 -0.078125
v -0.203125 1.40625 -0.1484375
v -0.1484375 1.40625 -0.203125
v -0.078125 1.40625 -0.234375
v -0.125 1.9296875 0.3671875
v -0.2265625 1.9296875 0.3125
v -0.3125 1.9296875 0.2265625
v -0.3671875 1.9296875 0.125
v -0.140625 1.828125 0.421875
v -0.265625 1.828125 0.359375
v -0.359375 1.828125 0.265625
v -0.421875 1.828125 0.140625
v -0.109375 1.6875 0.328125
v -0.203125 1.6875 0.2734375
v -0.2734375 1.6875 0.203125
v -0.328125 1.6875 0.109375
v -0.0703125 1.5390625 0.2109375
v -0.1328125 1.5390625 0.1796875
v -0.1796875 1.5390625 0.1328125
v -0.2109375 1.5390625 0.0703125
v -0.078125 1.40625 0.234375
v -0.1484375 1.40625 0.203125
v -0.203125 1.40625 0.1484375
v -0.234375 1.40625 0.078125
v 0.4921875 1.3125 0
v 0.4609375 1.3125 0.15625
v 0.3984375 1.3125 0.2890625
v 0.2890625 1.3125 0.3984375
v 0.15625 1.3125 0.4609375
v 0 1.3125 0.4921875
v 0.84375 1.25 0
v 0.796875 1.25 0.265625
v 0.6796875 1.25 0.5
v 0.5 1.25 0.6796875
v 0.265625 1.25 0.796875
v 0 1.25 0.84375
v 1.2109375 1.1875 0
v 1.1484375 1.1875 0.390625
v 0.984375 1.1875 0.71875
v 0.71875 1.1875 0.984375
v 0.390625 1.1875 1.1484375
v 0 1.1875 1.2109375
v 1.5078125 1.125 0
v 1.4296875 1.125 0.484375
v 1.21875 1.125 0.890625
v 0.890625 1.125 1.21875
v 0.484375 1.125 1.4296875
v 0 1.125 1.5078125
v 1.625 1.03125 0
v 1.546875 1.03125 0.515625
v 1.3125 1.03125 0.96875
v 0.96875 1.03125 1.3125
v 0.515625 1.03125 1.546875
v 0 1.03125 1.625
v 0 1.3125 -0.4921875
v 0.15625 1.3125 -0.4609375
v 0.2890625 1.3125 -0.3984375
v 0.3984375 1.3125 -0.2890625
v 0.4609375 1.3125 -0.15625
v 0 1.25 -0.84375
v 0.265625 1.25 -0.796875
v 0.5 1.25 -0.6796875
v 0.6796875 1.25 -0.5
v 0.796875 1.25 -0.265625
v 0 1.1875 -1.2109375
v 0.390625 1.1875 -1.1484375
v 0.71875 1.1875 -0.984375
v 0.984375 1.1875 -0.71875
v 1.1484375 1.1875 -0.390625
v 0 1.125 -1.5078125
v 0.484375 1.125 -1.4296875
v 0.890625 1.125 -1.21875
v 1.21875 1.125 -0.890625
v 1.4296875 1.125 -0.484375
v 0 1.03125 -1.625
v 0.515625 1.03125 -1.546875
v 0.96875 1.03125 -1.3125
v 1.3125 1.03125 -0.96875
v 1.546875 1.03125 -0.515625
v -0.4921875 1.3125 0
v -0.4609375 1.3125 -0.15625
v -0.3984375 1.3125 -0.2890625
v -0.2890625 1.3125 -0.3984375
v -0.15625 1.3125 -0.4609375
v -0.84375 1.25 0
v -0.796875 1.25 -0.265625
v -0.6796875 1.25 -0.5
v -0.5 1.25 -0.6796875
v -0.265625 1.25 -0.796875
v -1.2109375 1.1875 0
v -1.1484375 1.1875 -0.390625
v -0.984375 1.1875 -0.71875
v -0.71875 1.1875 -0.984375
v -0.390625 1.1875 -1.1484375
v -1.5078125 1.125 0
v -1.4296875 1.125 -0.484375
v -1.21875 1.125 -0.890625
v -0.890625 1.125 -1.21875
v -0.484375 1.125 -1.4296875
v -1.625 1.03125 0
v -1.546875 1.03125 -0.515625
v -1.3125 1.03125 -0.96875
v -0.96875 1.03125 -1.3125
v -0.515625 1.03125 -1.546875
v -0.15625 1.3125 0.4609375
v -0.2890625 1.3125 0.3984375
v -0.3984375 1.3125 0.2890625
v -0.4609375 1.3125 0.15625
v -0.265625 1.25 0.796875
v -0.5 1.25 0.6796875
v -0.6796875 1.25 0.5
v -0.796875 1.25 0.265625
v -0.390625 1.1875 1.1484375
v -0.71875 1.1875 0.984375
v -0.984375 1.1875 0.71875
v -1.1484375 1.1875 0.390625
v -0.484375 1.125 1.4296875
v -0.890625 1.125 1.21875
v -1.21875 1.125 0.890625
v -1.4296875 1.125 0.484375
v -0.515625 1.03125 1.546875
v -0.96875 1.03125 1.3125
v -1.3125 1.03125 0.96875
v -1.546875 1.03125 0.515625
v 0 -1.96875 0
v 0 -1.9609375 0.8828125
v 0.28125 -1.9609375 0.8359375
v 0.5234375 -1.9609375 0.7109375
v 0.7109375 -1.9609375 0.5234375
v 0.8359375 -1.9609375 0.28125
v 0.8828125 -1.9609375 0
v 0 -1.9296875 1.4296875
v 0.453125 -1.9296875 1.359375
v 0.8515625 -1.9296875 1.15625
v 1.15625 -1.9296875 0.8515625
v 1.359375 -1.9296875 0.453125
v 1.4296875 -1.9296875 0
v 0 -1.890625 1.7265625
v 0.5546875 -1.890625 1.640625
v 1.0234375 -1.890625 1.3984375
v 1.3984375 -1.890625 1.0234375
v 1.640625 -1.890625 0.5546875
v 1.7265625 -1.890625 0
v 0 -1.8359375 1.8515625
v 0.59375 -1.8359375 1.7578125
v 1.1015625 -1.8359375 1.5
v 1.5 -1.8359375 1.1015625
v 1.7578125 -1.8359375 0.59375
v 1.8515625 -1.8359375 0
v 0.8359375 -1.9609375 -0.28125
v 0.7109375 -1.9609375 -0.5234375
v 0.5234375 -1.9609375 -0.7109375
v 0.28125 -1.9609375 -0.8359375
v 0 -1.9609375 -0.8828125
v 1.359375 -1.9296875 -0.453125
v 1.15625 -1.9296875 -0.8515625
v 0.8515625 -1.9296875 -1.15625
v 0.453125 -1.9296875 -1.359375
v 0 -1.9296875 -1.4296875
v 1.640625 -1.890625 -0.5546875
v 1.3984375 -1.890625 -1.0234375
v 1.0234375 -1.890625 -1.3984375
v 0.5546875 -1.890625 -1.640625
v 0 -1.890625 -1.7265625
v 1.7578125 -1.8359375 -0.59375
v 1.5 -1.8359375 -1.1015625
v 1.1015625 -1.8359375 -1.5
v 0.59375 -1.8359375 -1.7578125
v 0 -1.8359375 -1.8515625
v -0.28125 -1.9609375 -0.8359375
v -0.5234375 -1.9609375 -0.7109375
v -0.7109375 -1.9609375 -0.5234375
v -0.8359375 -1.9609375 -0.28125
v -0.8828125 -1.9609375 0
v -0.453125 -1.9296875 -1.359375
v -0.8515625 -1.9296875 -1.15625
v -1.15625 -1.9296875 -0.8515625
v -1.359375 -1.9296875 -0.453125
v -1.4296875 -1.9296875 0
v -0.5546875 -1.890625 -1.640625
v -1.0234375 -1.890625 -1.3984375
v -1.3984375 -1.890625 -1.0234375
v -1.640625 -1.890625 -0.5546875
v -1.7265625 -1.890625 0
v -0.59375 -1.8359375 -1.7578125
v -1.1015625 -1.8359375 -1.5
v -1.5 -1.8359375 -1.1015625
v -1.7578125 -1.8359375 -0.59375
v -1.8515625 -1.8359375 0
v -0.8359375 -1.9609375 0.28125
v -0.7109375 -1.9609375 0.5234375
v -0.5234375 -1.9609375 0.7109375
v -0.28125 -1.9609375 0.8359375
v -1.359375 -1.9296875 0.453125
v -1.15625 -1.9296875 0.8515625
v -0.8515625 -1.9296875 1.15625
v -0.453125 -1.9296875 1.359375
v -1.640625 -1.890625 0.5546875
v -1.3984375 -1.890625 1.0234375
v -1.0234375 -1.890625 1.3984375
v -0.5546875 -1.890625 1.640625
v -1.7578125 -1.8359375 0.59375
v -1.5 -1.8359375 1.1015625
v -1.1015625 -1.8359375 1.5
v -0.59375 -1.8359375 1.7578125
v -2 0.5625 0
v -1.984375 0.59375 0.1796875
v -1.953125 0.6640625 0.2734375
v -1.921875 0.7421875 0.2734375
v -1.890625 0.8125 0.1796875
v -1.875 0.84375 0
v -2.4765625 0.5625 0
v -2.484375 0.5859375 0.1796875
v -2.5078125 0.65625 0.2734375
v -2.5234375 0.7421875 0.2734375
v -2.5390625 0.8125 0.1796875
v -2.546875 0.8359375 0
v -2.859375 0.546875 0
v -2.8828125 0.5703125 0.1796875
v -2.9375 0.640625 0.2734375
v -3 0.71875 0.2734375
v -3.0546875 0.78125 0.1796875
v -3.078125 0.8046875 0
v -3.140625 0.5 0
v -3.171875 0.5234375 0.1796875
v -3.25 0.578125 0.2734375
v -3.34375 0.6484375 0.2734375
v -3.421875 0.703125 0.1796875
v -3.453125 0.71875 0
v -3.3125 0.421875 0
v -3.3515625 0.4296875 0.1796875
v -3.4453125 0.46875 0.2734375
v -3.546875 0.5078125 0.2734375
v -3.640625 0.5390625 0.1796875
v -3.671875 0.5546875 0
v -3.375 0.28125 0
v -3.4140625 0.28125 0.1796875
v -3.5078125 0.28125 0.2734375
v -3.6171875 0.28125 0.2734375
v -3.7109375 0.28125 0.1796875
v -3.75 0.28125 0
v -1.984375 0.59375 -0.1796875
v -1.953125 0.6640625 -0.2734375
v -1.921875 0.7421875 -0.2734375
v -1.890625 0.8125 -0.1796875
v -2.484375 0.5859375 -0.1796875
v -2.5078125 0.65625 -0.2734375
v -2.5234375 0.7421875 -0.2734375
v -2.5390625 0.8125 -0.1796875
v -2.8828125 0.5703125 -0.1796875
v -2.9375 0.640625 -0.2734375
v -3 0.71875 -0.2734375
v -3.0546875 0.78125 -0.1796875
v -3.171875 0.5234375 -0.1796875
v -3.25 0.578125 -0.2734375
v -3.34375 0.6484375 -0.2734375
v -3.421875 0.703125 -0.1796875
v -3.3515625 0.4296875 -0.1796875
v -3.4453125 0.46875 -0.2734375
v -3.546875 0.5078125 -0.2734375
v -3.640625 0.5390625 -0.1796875
v -3.4140625 0.28125 -0.1796875
v -3.5078125 0.28125 -0.2734375
v -3.6171875 0.28125 -0.2734375
v -3.7109375 0.28125 -0.1796875
v -3.34375 0.0859375 0
v -3.3828125 0.0703125 0.1796875
v -3.46875 0.0390625 0.2734375
v -3.5703125 0 0.2734375
v -3.6640625 -0.0390625 0.1796875
v -3.6953125 -0.046875 0
v -3.25 -0.15625 0
v -3.2734375 -0.1796875 0.1796875
v -3.3515625 -0.2265625 0.2734375
v -3.4375 -0.296875 0.2734375
v -3.5078125 -0.34375 0.1796875
v -3.5390625 -0.3671875 0
v -3.078125 -0.40625 0
v -3.09375 -0.4375 0.1796875
v -3.140625 -0.5 0.2734375
v -3.1953125 -0.578125 0.2734375
v -3.2421875 -0.640625 0.1796875
v -3.265625 -0.671875 0
v -2.828125 -0.6484375 0
v -2.8359375 -0.6796875 0.1796875
v -2.84375 -0.7578125 0.2734375
v -2.859375 -0.84375 0.2734375
v -2.875 -0.921875 0.1796875
v -2.875 -0.953125 0
v -2.5 -0.84375 0
v -2.484375 -0.8828125 0.1796875
v -2.453125 -0.9765625 0.2734375
v -2.421875 -1.0859375 0.2734375
v -2.390625 -1.1796875 0.1796875
v -2.375 -1.21875 0
v -3.3828125 0.0703125 -0.1796875
v -3.46875 0.0390625 -0.2734375
v -3.5703125 0 -0.2734375
v -3.6640625 -0.0390625 -0.1796875
v -3.2734375 -0.1796875 -0.1796875
v -3.3515625 -0.2265625 -0.2734375
v -3.4375 -0.296875 -0.2734375
v -3.5078125 -0.34375 -0.1796875
v -3.09375 -0.4375 -0.1796875
v -3.140625 -0.5 -0.2734375
v -3.1953125 -0.578125 -0.2734375
v -3.2421875 -0.640625 -0.1796875
v -2.8359375 -0.6796875 -0.1796875
v -2.84375 -0.7578125 -0.2734375
v -2.859375 -0.84375 -0.2734375
v -2.875 -0.921875 -0.1796875
v -2.484375 -0.8828125 -0.1796875
v -2.453125 -0.9765625 -0.2734375
v -2.421875 -1.0859375 -0.2734375
v -2.390625 -1.1796875 -0.1796875
v 2.125 -0.1875 0
v 2.125 -0.296875 0.3984375
v 2.125 -0.546875 0.59375
v 2.125 -0.859375 0.59375
v 2.125 -1.109375 0.3984375
v 2.125 -1.21875 0
v 2.640625 -0.09375 0
v 2.6640625 -0.1796875 0.3671875
v 2.7265625 -0.390625 0.5546875
v 2.8046875 -0.6328125 0.5546875
v 2.8671875 -0.8359375 0.3671875
v 2.8984375 -0.921875 0
v 2.90625 0.1328125 0
v 2.9453125 0.0703125 0.3125
v 3.03125 -0.0703125 0.4609375
v 3.1328125 -0.2421875 0.4609375
v 3.2265625 -0.3828125 0.3125
v 3.2578125 -0.4375 0
v 3.046875 0.4375 0
v 3.0859375 0.40625 0.234375
v 3.1796875 0.328125 0.3515625
v 3.296875 0.234375 0.3515625
v 3.3984375 0.1484375 0.234375
v 3.4375 0.1171875 0
v 3.1640625 0.7578125 0
v 3.2109375 0.75 0.171875
v 3.3359375 0.71875 0.265625
v 3.4765625 0.6875 0.265625
v 3.6015625 0.65625 0.171875
v 3.65625 0.640625 0
v 3.375 1.03125 0
v 3.453125 1.03125 0.1484375
v 3.640625 1.03125 0.2265625
v 3.859375 1.03125 0.2265625
v 4.046875 1.03125 0.1484375
v 4.125 1.03125 0
v 2.125 -0.296875 -0.3984375
v 2.125 -0.546875 -0.59375
v 2.125 -0.859375 -0.59375
v 2.125 -1.109375 -0.3984375
v 2.6640625 -0.1796875 -0.3671875
v 2.7265625 -0.390625 -0.5546875
v 2.8046875 -0.6328125 -0.5546875
v 2.8671875 -0.8359375 -0.3671875
v 2.9453125 0.0703125 -0.3125
v 3.03125 -0.0703125 -0.4609375
v 3.1328125 -0.2421875 -0.4609375
v 3.2265625 -0.3828125 -0.3125
v 3.0859375 0.40625 -0.234375
v 3.1796875 0.328125 -0.3515625
v 3.296875 0.234375 -0.3515625
v 3.3984375 0.1484375 -0.234375
v 3.2109375 0.75 -0.171875
v 3.3359375 0.71875 -0.265625
v 3.4765625 0.6875 -0.265625
v 3.6015625 0.65625 -0.171875
v 3.453125 1.03125 -0.1484375
v 3.640625 1.03125 -0.2265625
v 3.859375 1.03125 -0.2265625
v 4.046875 1.03125 -0.1484375
v 3.4453125 1.078125 0
v 3.53125 1.078125 0.140625
v 3.7265625 1.078125 0.21875
v 3.96875 1.0859375 0.21875
v 4.1640625 1.0859375 0.140625
v 4.25 1.0859375 0
v 3.5078125 1.1015625 0
v 3.59375 1.1015625 0.125
v 3.78125 1.109375 0.1953125
v 4.015625 1.1171875 0.1953125
v 4.2109375 1.1171875 0.125
v 4.2890625 1.125 0
v 3.546875 1.1015625 0
v 3.6171875 1.1015625 0.109375
v 3.796875 1.109375 0.1640625
v 4.0078125 1.1171875 0.1640625
v 4.1875 1.125 0.109375
v 4.2578125 1.125 0
v 3.546875 1.078125 0
v 3.609375 1.078125 0.09375
v 3.765625 1.0859375 0.140625
v 3.9453125 1.0859375 0.140625
v 4.09375 1.09375 0.09375
v 4.15625 1.09375 0
v 3.5 1.03125 0
v 3.5546875 1.03125 0.09375
v 3.6796875 1.03125 0.1328125
v 3.8203125 1.03125 0.1328125
v 3.9453125 1.03125 0.09375
v 4 1.03125 0
v 3.53125 1.078125 -0.140625
v 3.7265625 1.078125 -0.21875
v 3.96875 1.0859375 -0.21875
v 4.1640625 1.0859375 -0.140625
v 3.59375 1.1015625 -0.125
v 3.78125 1.109375 -0.1953125
v 4.015625 1.1171875 -0.1953125
v 4.2109375 1.1171875 -0.125
v 3.6171875 1.1015625 -0.109375
v 3.796875 1.109375 -0.1640625
v 4.0078125 1.1171875 -0.1640625
v 4.1875 1.125 -0.109375
v 3.609375 1.078125 -0.09375
v 3.765625 1.0859375 -0.140625
v 3.9453125 1.0859375 -0.140625
v 4.09375 1.09375 -0.09375
v 3.5546875 1.03125 -0.09375
v 3.6796875 1.03125 -0.1328125
v 3.8203125 1.03125 -0.1328125
v 3.9453125 1.03125 -0.09375
vt 0 0
vn -0.9033203125 -0.4296875 0
vn -0.857421875 -0.4306640625 -0.2802734375
vn -0.7294921875 -0.431640625 -0.53125
vn -0.53125 -0.431640625 -0.7294921875
vn -0.2802734375 -0.4306640625 -0.857421875
vn 0 -0.4296875 -0.9033203125
vn -0.998046875 -0.0693359375 0
vn -0.9482421875 -0.0693359375 -0.3095703125
vn -0.806640625 -0.0703125 -0.587890625
vn -0.587890625 -0.0703125 -0.806640625
vn -0.3095703125 -0.0693359375 -0.9482421875
vn 0 -0.0693359375 -0.998046875
vn -0.5947265625 0.8037109375 0
vn -0.564453125 0.8046875 -0.1845703125
vn -0.4794921875 0.8046875 -0.349609375
vn -0.349609375 0.8046875 -0.4794921875
vn -0.1845703125 0.8046875 -0.564453125
vn 0 0.8037109375 -0.5947265625
vn 0.3984375 0.9169921875 0
vn 0.3779296875 0.91796875 0.123046875
vn 0.3203125 0.91796875 0.2333984375
vn 0.2333984375 0.91796875 0.3203125
vn 0.123046875 0.91796875 0.3779296875
vn 0 0.9169921875 0.3984375
vn 0.75 0.662109375 0
vn 0.7119140625 0.662109375 0.232421875
vn 0.6044921875 0.6630859375 0.4404296875
vn 0.4404296875 0.6630859375 0.6044921875
vn 0.232421875 0.662109375 0.7119140625
vn 0 0.662109375 0.75
vn 0.9033203125 0.4296875 0
vn 0.857421875 0.4306640625 0.2802734375
vn 0.7294921875 0.431640625 0.53125
vn 0.53125 0.431640625 0.7294921875
vn 0.2802734375 0.4306640625 0.857421875
vn 0 0.4296875 0.9033203125
vn 0 -0.4296875 0.9033203125
vn -0.2802734375 -0.4306640625 0.857421875
vn -0.53125 -0.431640625 0.7294921875
vn -0.7294921875 -0.431640625 0.53125
vn -0.857421875 -0.4306640625 0.2802734375
vn 0 -0.0693359375 0.998046875
vn -0.3095703125 -0.0693359375 0.9482421875
vn -0.587890625 -0.0703125 0.806640625
vn -0.806640625 -0.0703125 0.587890625
vn -0.9482421875 -0.0693359375 0.3095703125
vn 0 0.8037109375 0.5947265625
vn -0.1845703125 0.8046875 0.564453125
vn -0.349609375 0.8046875 0.4794921875
vn -0.4794921875 0.8046875 0.349609375
vn -0.564453125 0.8046875 0.1845703125
vn 0 0.9169921875 -0.3984375
vn 0.123046875 0.91796875 -0.3779296875
vn 0.2333984375 0.91796875 -0.3203125
vn 0.3203125 0.91796875 -0.2333984375
vn 0.3779296875 0.91796875 -0.123046875
vn 0 0.662109375 -0.75
vn 0.232421875 0.662109375 -0.7119140625
vn 0.4404296875 0.6630859375 -0.6044921875
vn 0.6044921875 0.6630859375 -0.4404296875
vn 0.7119140625 0.662109375 -0.232421875
vn 0 0.4296875 -0.9033203125
vn 0.2802734375 0.4306640625 -0.857421875
vn 0.53125 0.431640625 -0.7294921875
vn 0.7294921875 0.431640625 -0.53125
vn 0.857421875 0.4306640625 -0.2802734375
vn 0.9033203125 -0.4296875 0
vn 0.857421875 -0.4306640625 0.2802734375
vn 0.7294921875 -0.431640625 0.53125
vn 0.53125 -0.431640625 0.7294921875
vn 0.2802734375 -0.4306640625 0.857421875
vn 0.998046875 -0.0693359375 0
vn 0.9482421875 -0.0693359375 0.3095703125
vn 0.806640625 -0.0703125 0.587890625
vn 0.587890625 -0.0703125 0.806640625
vn 0.3095703125 -0.0693359375 0.9482421875
vn 0.5947265625 0.8037109375 0
vn 0.564453125 0.8046875 0.1845703125
vn 0.4794921875 0.8046875 0.349609375
vn 0.349609375 0.8046875 0.4794921875
vn 0.1845703125 0.8046875 0.564453125
vn -0.3984375 0.9169921875 0
vn -0.3779296875 0.91796875 -0.123046875
vn -0.3203125 0.91796875 -0.2333984375
vn -0.2333984375 0.91796875 -0.3203125
vn -0.123046875 0.91796875 -0.3779296875
vn -0.75 0.662109375 0
vn -0.7119140625 0.662109375 -0.232421875
vn -0.6044921875 0.6630859375 -0.4404296875
vn -0.4404296875 0.6630859375 -0.6044921875
vn -0.232421875 0.662109375 -0.7119140625
vn -0.9033203125 0.4296875 0
vn -0.857421875 0.4306640625 -0.2802734375
vn -0.7294921875 0.431640625 -0.53125
vn -0.53125 0.431640625 -0.7294921875
vn -0.2802734375 0.4306640625 -0.857421875
vn 0.2802734375 -0.4306640625 -0.857421875
vn 0.53125 -0.431640625 -0.7294921875
vn 0.7294921875 -0.431640625 -0.53125
vn 0.857421875 -0.4306640625 -0.2802734375
vn 0.3095703125 -0.0693359375 -0.9482421875
vn 0.587890625 -0.0703125 -0.806640625
vn 0.806640625 -0.0703125 -0.587890625
vn 0.9482421875 -0.0693359375 -0.3095703125
vn 0.1845703125 0.8046875 -0.564453125
vn 0.349609375 0.8046875 -0.4794921875
vn 0.4794921875 0.8046875 -0.349609375
vn 0.564453125 0.8046875 -0.1845703125
vn -0.123046875 0.91796875 0.3779296875
vn -0.2333984375 0.91796875 0.3203125
vn -0.3203125 0.91796875 0.2333984375
vn -0.3779296875 0.91796875 0.123046875
vn -0.232421875 0.662109375 0.7119140625
vn -0.4404296875 0.6630859375 0.6044921875
vn -0.6044921875 0.6630859375 0.4404296875
vn -0.7119140625 0.662109375 0.232421875
vn -0.2802734375 0.4306640625 0.857421875
vn -0.53125 0.431640625 0.7294921875
vn -0.7294921875 0.431640625 0.53125
vn -0.857421875 0.4306640625 0.2802734375
vn 0.908203125 0.41796875 0
vn 0.86328125 0.41796875 0.2822265625
vn 0.7333984375 0.4189453125 0.53515625
vn 0.53515625 0.4189453125 0.7333984375
vn 0.2822265625 0.41796875 0.86328125
vn 0 0.41796875 0.908203125
vn 0.92578125 0.37890625 0
vn 0.8798828125 0.3798828125 0.287109375
vn 0.7470703125 0.3798828125 0.544921875
vn 0.544921875 0.3798828125 0.7470703125
vn 0.287109375 0.3798828125 0.8798828125
vn 0 0.37890625 0.92578125
vn 0.9521484375 0.3056640625 0
vn 0.904296875 0.306640625 0.2958984375
vn 0.76953125 0.306640625 0.560546875
vn 0.560546875 0.306640625 0.76953125
vn 0.2958984375 0.306640625 0.904296875
vn 0 0.3056640625 0.9521484375
vn 0.982421875 0.185546875 0
vn 0.93359375 0.185546875 0.3056640625
vn 0.7939453125 0.1865234375 0.5791015625
vn 0.5791015625 0.1865234375 0.7939453125
vn 0.3056640625 0.185546875 0.93359375
vn 0 0.185546875 0.982421875
vn 1 0 0
vn 0.9501953125 0 0.310546875
vn 0.80859375 0 0.5888671875
vn 0.5888671875 0 0.80859375
vn 0.310546875 0 0.9501953125
vn 0 0 1
vn 0 0.41796875 -0.908203125
vn 0.2822265625 0.41796875 -0.86328125
vn 0.53515625 0.4189453125 -0.7333984375
vn 0.7333984375 0.4189453125 -0.53515625
vn 0.86328125 0.41796875 -0.2822265625
vn 0 0.37890625 -0.92578125
vn 0.287109375 0.3798828125 -0.8798828125
vn 0.544921875 0.3798828125 -0.7470703125
vn 0.7470703125 0.3798828125 -0.544921875
vn 0.8798828125 0.3798828125 -0.287109375
vn 0 0.3056640625 -0.9521484375
vn 0.2958984375 0.306640625 -0.904296875
vn 0.560546875 0.306640625 -0.76953125
vn 0.76953125 0.306640625 -0.560546875
vn 0.904296875 0.306640625 -0.2958984375
vn 0 0.185546875 -0.982421875
vn 0.3056640625 0.185546875 -0.93359375
vn 0.5791015625 0.1865234375 -0.7939453125
vn 0.7939453125 0.1865234375 -0.5791015625
vn 0.93359375 0.185546875 -0.3056640625
vn 0 0 -1
vn 0.310546875 0 -0.9501953125
vn 0.5888671875 0 -0.80859375
vn 0.80859375 0 -0.5888671875
vn 0.9501953125 0 -0.310546875
vn -0.908203125 0.41796875 0
vn -0.86328125 0.41796875 -0.2822265625
vn -0.7333984375 0.4189453125 -0.53515625
vn -0.53515625 0.4189453125 -0.7333984375
vn -0.2822265625 0.41796875 -0.86328125
vn -0.92578125 0.37890625 0
vn -0.8798828125 0.3798828125 -0.287109375
vn -0.7470703125 0.3798828125 -0.544921875
vn -0.544921875 0.3798828125 -0.7470703125
vn -0.287109375 0.3798828125 -0.8798828125
vn -0.9521484375 0.3056640625 0
vn -0.904296875 0.306640625 -0.2958984375
vn -0.76953125 0.306640625 -0.560546875
vn -0.560546875 0.306640625 -0.76953125
vn -0.2958984375 0.306640625 -0.904296875
vn -0.982421875 0.185546875 0
vn -0.93359375 0.185546875 -0.3056640625
vn -0.7939453125 0.1865234375 -0.5791015625
vn -0.5791015625 0.1865234375 -0.7939453125
vn -0.3056640625 0.185546875 -0.93359375
vn -1 0 0
vn -0.9501953125 0 -0.310546875
vn -0.80859375 0 -0.5888671875
vn -0.5888671875 0 -0.80859375
vn -0.310546875 0 -0.9501953125
vn -0.2822265625 0.41796875 0.86328125
vn -0.53515625 0.4189453125 0.7333984375
vn -0.7333984375 0.4189453125 0.53515625
vn -0.86328125 0.41796875 0.2822265625
vn -0.287109375 0.3798828125 0.8798828125
vn -0.544921875 0.3798828125 0.7470703125
vn -0.7470703125 0.3798828125 0.544921875
vn -0.8798828125 0.3798828125 0.287109375
vn -0.2958984375 0.306640625 0.904296875
vn -0.560546875 0.306640625 0.76953125
vn -0.76953125 0.306640625 0.560546875
vn -0.904296875 0.306640625 0.2958984375
vn -0.3056640625 0.185546875 0.93359375
vn -0.5791015625 0.1865234375 0.7939453125
vn -0.7939453125 0.1865234375 0.5791015625
vn -0.93359375 0.185546875 0.3056640625
vn -0.310546875 0 0.9501953125
vn -0.5888671875 0 0.80859375
vn -0.80859375 0 0.5888671875
vn -0.9501953125 0 0.310546875
vn 0.9150390625 -0.4033203125 0
vn 0.869140625 -0.404296875 0.2841796875
vn 0.7392578125 -0.404296875 0.5380859375
vn 0.5380859375 -0.404296875 0.7392578125
vn 0.2841796875 -0.404296875 0.869140625
vn 0 -0.4033203125 0.9150390625
vn 0.76171875 -0.6484375 0
vn 0.7236328125 -0.6484375 0.236328125
vn 0.6142578125 -0.6494140625 0.4482421875
vn 0.4482421875 -0.6494140625 0.6142578125
vn 0.236328125 -0.6484375 0.7236328125
vn 0 -0.6484375 0.76171875
vn 0.6533203125 -0.7568359375 0
vn 0.6201171875 -0.7578125 0.203125
vn 0.5263671875 -0.7587890625 0.3837890625
vn 0.3837890625 -0.7587890625 0.5263671875
vn 0.203125 -0.7578125 0.6201171875
vn 0 -0.7568359375 0.6533203125
vn 0.6533203125 -0.7568359375 0
vn 0.6201171875 -0.7578125 0.203125
vn 0.5263671875 -0.7587890625 0.3837890625
vn 0.3837890625 -0.7587890625 0.5263671875
vn 0.203125 -0.7578125 0.6201171875
vn 0 -0.7568359375 0.6533203125
vn 1 0 0
vn 0.9501953125 0 0.310546875
vn 0.80859375 0 0.5888671875
vn 0.5888671875 0 0.80859375
vn 0.310546875 0 0.9501953125
vn 0 0 1
vn 0 -0.4033203125 -0.9150390625
vn 0.2841796875 -0.404296875 -0.869140625
vn 0.5380859375 -0.404296875 -0.7392578125
vn 0.7392578125 -0.404296875 -0.5380859375
vn 0.869140625 -0.404296875 -0.2841796875
vn 0 -0.6484375 -0.76171875
vn 0.236328125 -0.6484375 -0.7236328125
vn 0.4482421875 -0.6494140625 -0.6142578125
vn 0.6142578125 -0.6494140625 -0.4482421875
vn 0.7236328125 -0.6484375 -0.236328125
vn 0 -0.7568359375 -0.6533203125
vn 0.203125 -0.7578125 -0.6201171875
vn 0.3837890625 -0.7587890625 -0.5263671875
vn 0.5263671875 -0.7587890625 -0.3837890625
vn 0.6201171875 -0.7578125 -0.203125
vn 0 -0.7568359375 -0.6533203125
vn 0.203125 -0.7578125 -0.6201171875
vn 0.3837890625 -0.7587890625 -0.5263671875
vn 0.5263671875 -0.7587890625 -0.3837890625
vn 0.6201171875 -0.7578125 -0.203125
vn 0 0 -1
vn 0.310546875 0 -0.9501953125
vn 0.5888671875 0 -0.80859375
vn 0.80859375 0 -0.5888671875
vn 0.9501953125 0 -0.310546875
vn -0.9150390625 -0.4033203125 0
vn -0.869140625 -0.404296875 -0.2841796875
vn -0.7392578125 -0.404296875 -0.5380859375
vn -0.5380859375 -0.404296875 -0.7392578125
vn -0.2841796875 -0.404296875 -0.869140625
vn -0.76171875 -0.6484375 0
vn -0.7236328125 -0.6484375 -0.236328125
vn -0.6142578125 -0.6494140625 -0.4482421875
vn -0.4482421875 -0.6494140625 -0.6142578125
vn -0.236328125 -0.6484375 -0.7236328125
vn -0.6533203125 -0.7568359375 0
vn -0.6201171875 -0.7578125 -0.203125
vn -0.5263671875 -0.7587890625 -0.3837890625
vn -0.3837890625 -0.7587890625 -0.5263671875
vn -0.203125 -0.7578125 -0.6201171875
vn -0.6533203125 -0.7568359375 0
vn -0.6201171875 -0.7578125 -0.203125
vn -0.5263671875 -0.7587890625 -0.3837890625
vn -0.3837890625 -0.7587890625 -0.5263671875
vn -0.203125 -0.7578125 -0.6201171875
vn -1 0 0
vn -0.9501953125 0 -0.310546875
vn -0.80859375 0 -0.5888671875
vn -0.5888671875 0 -0.80859375
vn -0.310546875 0 -0.9501953125
vn -0.2841796875 -0.404296875 0.869140625
vn -0.5380859375 -0.404296875 0.7392578125
vn -0.7392578125 -0.404296875 0.5380859375
vn -0.869140625 -0.404296875 0.2841796875
vn -0.236328125 -0.6484375 0.7236328125
vn -0.4482421875 -0.6494140625 0.6142578125
vn -0.6142578125 -0.6494140625 0.4482421875
vn -0.7236328125 -0.6484375 0.236328125
vn -0.203125 -0.7578125 0.6201171875
vn -0.3837890625 -0.7587890625 0.5263671875
vn -0.5263671875 -0.7587890625 0.3837890625
vn -0.6201171875 -0.7578125 0.203125
vn -0.203125 -0.7578125 0.6201171875
vn -0.3837890625 -0.7587890625 0.5263671875
vn -0.5263671875 -0.7587890625 0.3837890625
vn -0.6201171875 -0.7578125 0.203125
vn -0.310546875 0 0.9501953125
vn -0.5888671875 0 0.80859375
vn -0.80859375 0 0.5888671875
vn -0.9501953125 0 0.310546875
vn 0 1 0
vn 0.3603515625 0.9326171875 0
vn 0.3427734375 0.9326171875 0.1103515625
vn 0.291015625 0.93359375 0.2109375
vn 0.2109375 0.93359375 0.291015625
vn 0.1103515625 0.9326171875 0.3427734375
vn 0 0.9326171875 0.3603515625
vn 0.9345703125 -0.3564453125 0
vn 0.888671875 -0.357421875 0.2880859375
vn 0.7548828125 -0.359375 0.548828125
vn 0.548828125 -0.359375 0.7548828125
vn 0.2880859375 -0.357421875 0.888671875
vn 0 -0.3564453125 0.9345703125
vn 0.732421875 -0.6806640625 0
vn 0.6953125 -0.681640625 0.2255859375
vn 0.5908203125 -0.6826171875 0.4296875
vn 0.4296875 -0.6826171875 0.5908203125
vn 0.2255859375 -0.681640625 0.6953125
vn 0 -0.6806640625 0.732421875
vn 0.89453125 -0.447265625 0
vn 0.849609375 -0.4482421875 0.27734375
vn 0.7216796875 -0.4501953125 0.525390625
vn 0.525390625 -0.4501953125 0.7216796875
vn 0.27734375 -0.4482421875 0.849609375
vn 0 -0.447265625 0.89453125
vn 0.599609375 0.7998046875 0
vn 0.5693359375 0.80078125 0.1865234375
vn 0.4833984375 0.80078125 0.3525390625
vn 0.3525390625 0.80078125 0.4833984375
vn 0.1865234375 0.80078125 0.5693359375
vn 0 0.7998046875 0.599609375
vn 0 0.9326171875 -0.3603515625
vn 0.1103515625 0.9326171875 -0.3427734375
vn 0.2109375 0.93359375 -0.291015625
vn 0.291015625 0.93359375 -0.2109375
vn 0.3427734375 0.9326171875 -0.1103515625
vn 0 -0.3564453125 -0.9345703125
vn 0.2880859375 -0.357421875 -0.888671875
vn 0.548828125 -0.359375 -0.7548828125
vn 0.7548828125 -0.359375 -0.548828125
vn 0.888671875 -0.357421875 -0.2880859375
vn 0 -0.6806640625 -0.732421875
vn 0.2255859375 -0.681640625 -0.6953125
vn 0.4296875 -0.6826171875 -0.5908203125
vn 0.5908203125 -0.6826171875 -0.4296875
vn 0.6953125 -0.681640625 -0.2255859375
vn 0 -0.447265625 -0.89453125
vn 0.27734375 -0.4482421875 -0.849609375
vn 0.525390625 -0.4501953125 -0.7216796875
vn 0.7216796875 -0.4501953125 -0.525390625
vn 0.849609375 -0.4482421875 -0.27734375
vn 0 0.7998046875 -0.599609375
vn 0.1865234375 0.80078125 -0.5693359375
vn 0.3525390625 0.80078125 -0.4833984375
vn 0.4833984375 0.80078125 -0.3525390625
vn 0.5693359375 0.80078125 -0.1865234375
vn -0.3603515625 0.9326171875 0
vn -0.3427734375 0.9326171875 -0.1103515625
vn -0.291015625 0.93359375 -0.2109375
vn -0.2109375 0.93359375 -0.291015625
vn -0.1103515625 0.9326171875 -0.3427734375
vn -0.9345703125 -0.3564453125 0
vn -0.888671875 -0.357421875 -0.2880859375
vn -0.7548828125 -0.359375 -0.548828125
vn -0.548828125 -0.359375 -0.7548828125
vn -0.2880859375 -0.357421875 -0.888671875
vn -0.732421875 -0.6806640625 0
vn -0.6953125 -0.681640625 -0.2255859375
vn -0.5908203125 -0.6826171875 -0.4296875
vn -0.4296875 -0.6826171875 -0.5908203125
vn -0.2255859375 -0.681640625 -0.6953125
vn -0.89453125 -0.447265625 0
vn -0.849609375 -0.4482421875 -0.27734375
vn -0.7216796875 -0.4501953125 -0.525390625
vn -0.525390625 -0.4501953125 -0.7216796875
vn -0.27734375 -0.4482421875 -0.849609375
vn -0.599609375 0.7998046875 0
vn -0.5693359375 0.80078125 -0.1865234375
vn -0.4833984375 0.80078125 -0.3525390625
vn -0.3525390625 0.80078125 -0.4833984375
vn -0.1865234375 0.80078125 -0.5693359375
vn -0.1103515625 0.9326171875 0.3427734375
vn -0.2109375 0.93359375 0.291015625
vn -0.291015625 0.93359375 0.2109375
vn -0.3427734375 0.9326171875 0.1103515625
vn -0.2880859375 -0.357421875 0.888671875
vn -0.548828125 -0.359375 0.7548828125
vn -0.7548828125 -0.359375 0.548828125
vn -0.888671875 -0.357421875 0.2880859375
vn -0.2255859375 -0.681640625 0.6953125
vn -0.4296875 -0.6826171875 0.5908203125
vn -0.5908203125 -0.6826171875 0.4296875
vn -0.6953125 -0.681640625 0.2255859375
vn -0.27734375 -0.4482421875 0.849609375
vn -0.525390625 -0.4501953125 0.7216796875
vn -0.7216796875 -0.4501953125 0.525390625
vn -0.849609375 -0.4482421875 0.27734375
vn -0.1865234375 0.80078125 0.5693359375
vn -0.3525390625 0.80078125 0.4833984375
vn -0.4833984375 0.80078125 0.3525390625
vn -0.5693359375 0.80078125 0.1865234375
vn 0.23828125 0.9716796875 0
vn 0.2255859375 0.9716796875 0.07421875
vn 0.19140625 0.9716796875 0.1396484375
vn 0.1396484375 0.9716796875 0.19140625
vn 0.07421875 0.9716796875 0.2255859375
vn 0 0.9716796875 0.23828125
vn 0.1533203125 0.98828125 0
vn 0.1455078125 0.98828125 0.0478515625
vn 0.123046875 0.98828125 0.08984375
vn 0.08984375 0.98828125 0.123046875
vn 0.0478515625 0.98828125 0.1455078125
vn 0 0.98828125 0.1533203125
vn 0.166015625 0.986328125 0
vn 0.1572265625 0.986328125 0.0517578125
vn 0.1337890625 0.986328125 0.09765625
vn 0.09765625 0.986328125 0.1337890625
vn 0.0517578125 0.986328125 0.1572265625
vn 0 0.986328125 0.166015625
vn 0.326171875 0.9453125 0
vn 0.3095703125 0.9453125 0.1005859375
vn 0.2626953125 0.9462890625 0.19140625
vn 0.19140625 0.9462890625 0.2626953125
vn 0.1005859375 0.9453125 0.3095703125
vn 0 0.9453125 0.326171875
vn 1 0 0
vn 0.9501953125 0 0.310546875
vn 0.80859375 0 0.5888671875
vn 0.5888671875 0 0.80859375
vn 0.310546875 0 0.9501953125
vn 0 0 1
vn 0 0.9716796875 -0.23828125
vn 0.07421875 0.9716796875 -0.2255859375
vn 0.1396484375 0.9716796875 -0.19140625
vn 0.19140625 0.9716796875 -0.1396484375
vn 0.2255859375 0.9716796875 -0.07421875
vn 0 0.98828125 -0.1533203125
vn 0.0478515625 0.98828125 -0.1455078125
vn 0.08984375 0.98828125 -0.123046875
vn 0.123046875 0.98828125 -0.08984375
vn 0.1455078125 0.98828125 -0.0478515625
vn 0 0.986328125 -0.166015625
vn 0.0517578125 0.986328125 -0.1572265625
vn 0.09765625 0.986328125 -0.1337890625
vn 0.1337890625 0.986328125 -0.09765625
vn 0.1572265625 0.986328125 -0.0517578125
vn 0 0.9453125 -0.326171875
vn 0.1005859375 0.9453125 -0.3095703125
vn 0.19140625 0.9462890625 -0.2626953125
vn 0.2626953125 0.9462890625 -0.19140625
vn 0.3095703125 0.9453125 -0.1005859375
vn 0 0 -1
vn 0.310546875 0 -0.9501953125
vn 0.5888671875 0 -0.80859375
vn 0.80859375 0 -0.5888671875
vn 0.9501953125 0 -0.310546875
vn -0.23828125 0.9716796875 0
vn -0.2255859375 0.9716796875 -0.07421875
vn -0.19140625 0.9716796875 -0.1396484375
vn -0.1396484375 0.9716796875 -0.19140625
vn -0.07421875 0.9716796875 -0.2255859375
vn -0.1533203125 0.98828125 0
vn -0.1455078125 0.98828125 -0.0478515625
vn -0.123046875 0.98828125 -0.08984375
vn -0.08984375 0.98828125 -0.123046875
vn -0.0478515625 0.98828125 -0.1455078125
vn -0.166015625 0.986328125 0
vn -0.1572265625 0.986328125 -0.0517578125
vn -0.1337890625 0.986328125 -0.09765625
vn -0.09765625 0.986328125 -0.1337890625
vn -0.0517578125 0.986328125 -0.1572265625
vn -0.326171875 0.9453125 0
vn -0.3095703125 0.9453125 -0.1005859375
vn -0.2626953125 0.9462890625 -0.19140625
vn -0.19140625 0.9462890625 -0.2626953125
vn -0.1005859375 0.9453125 -0.3095703125
vn -1 0 0
vn -0.9501953125 0 -0.310546875
vn -0.80859375 0 -0.5888671875
vn -0.5888671875 0 -0.80859375
vn -0.310546875 0 -0.9501953125
vn -0.07421875 0.9716796875 0.2255859375
vn -0.1396484375 0.9716796875 0.19140625
vn -0.19140625 0.9716796875 0.1396484375
vn -0.2255859375 0.9716796875 0.07421875
vn -0.0478515625 0.98828125 0.1455078125
vn -0.08984375 0.98828125 0.123046875
vn -0.123046875 0.98828125 0.08984375
vn -0.1455078125 0.98828125 0.0478515625
vn -0.0517578125 0.986328125 0.1572265625
vn -0.09765625 0.986328125 0.1337890625
vn -0.1337890625 0.986328125 0.09765625
vn -0.1572265625 0.986328125 0.0517578125
vn -0.1005859375 0.9453125 0.3095703125
vn -0.19140625 0.9462890625 0.2626953125
vn -0.2626953125 0.9462890625 0.19140625
vn -0.3095703125 0.9453125 0.1005859375
vn -0.310546875 0 0.9501953125
vn -0.5888671875 0 0.80859375
vn -0.80859375 0 0.5888671875
vn -0.9501953125 0 0.310546875
vn 0 -1 0
vn 0 -1 0.029296875
vn 0.0087890625 -1 0.02734375
vn 0.0166015625 -1 0.0234375
vn 0.0234375 -1 0.0166015625
vn 0.02734375 -1 0.0087890625
vn 0.029296875 -1 0
vn 0 -0.99609375 0.0869140625
vn 0.02734375 -0.99609375 0.0830078125
vn 0.05078125 -0.99609375 0.0703125
vn 0.0703125 -0.99609375 0.05078125
vn 0.0830078125 -0.99609375 0.02734375
vn 0.0869140625 -0.99609375 0
vn 0 -0.97265625 0.232421875
vn 0.072265625 -0.97265625 0.220703125
vn 0.1357421875 -0.97265625 0.1865234375
vn 0.1865234375 -0.97265625 0.1357421875
vn 0.220703125 -0.97265625 0.072265625
vn 0.232421875 -0.97265625 0
vn 0 -0.7470703125 0.6640625
vn 0.2060546875 -0.748046875 0.630859375
vn 0.390625 -0.7490234375 0.5361328125
vn 0.5361328125 -0.7490234375 0.390625
vn 0.630859375 -0.748046875 0.2060546875
vn 0.6640625 -0.7470703125 0
vn 0.02734375 -1 -0.0087890625
vn 0.0234375 -1 -0.0166015625
vn 0.0166015625 -1 -0.0234375
vn 0.0087890625 -1 -0.02734375
vn 0 -1 -0.029296875
vn 0.0830078125 -0.99609375 -0.02734375
vn 0.0703125 -0.99609375 -0.05078125
vn 0.05078125 -0.99609375 -0.0703125
vn 0.02734375 -0.99609375 -0.0830078125
vn 0 -0.99609375 -0.0869140625
vn 0.220703125 -0.97265625 -0.072265625
vn 0.1865234375 -0.97265625 -0.1357421875
vn 0.1357421875 -0.97265625 -0.1865234375
vn 0.072265625 -0.97265625 -0.220703125
vn 0 -0.97265625 -0.232421875
vn 0.630859375 -0.748046875 -0.2060546875
vn 0.5361328125 -0.7490234375 -0.390625
vn 0.390625 -0.7490234375 -0.5361328125
vn 0.2060546875 -0.748046875 -0.630859375
vn 0 -0.7470703125 -0.6640625
vn -0.0087890625 -1 -0.02734375
vn -0.0166015625 -1 -0.0234375
vn -0.0234375 -1 -0.0166015625
vn -0.02734375 -1 -0.0087890625
vn -0.029296875 -1 0
vn -0.02734375 -0.99609375 -0.0830078125
vn -0.05078125 -0.99609375 -0.0703125
vn -0.0703125 -0.99609375 -0.05078125
vn -0.0830078125 -0.99609375 -0.02734375
vn -0.0869140625 -0.99609375 0
vn -0.072265625 -0.97265625 -0.220703125
vn -0.1357421875 -0.97265625 -0.1865234375
vn -0.1865234375 -0.97265625 -0.1357421875
vn -0.220703125 -0.97265625 -0.072265625
vn -0.232421875 -0.97265625 0
vn -0.2060546875 -0.748046875 -0.630859375
vn -0.390625 -0.7490234375 -0.5361328125
vn -0.5361328125 -0.7490234375 -0.390625
vn -0.630859375 -0.748046875 -0.2060546875
vn -0.6640625 -0.7470703125 0
vn -0.02734375 -1 0.0087890625
vn -0.0234375 -1 0.0166015625
vn -0.0166015625 -1 0.0234375
vn -0.0087890625 -1 0.02734375
vn -0.0830078125 -0.99609375 0.02734375
vn -0.0703125 -0.99609375 0.05078125
vn -0.05078125 -0.99609375 0.0703125
vn -0.02734375 -0.99609375 0.0830078125
vn -0.220703125 -0.97265625 0.072265625
vn -0.1865234375 -0.97265625 0.1357421875
vn -0.1357421875 -0.97265625 0.1865234375
vn -0.072265625 -0.97265625 0.220703125
vn -0.630859375 -0.748046875 0.2060546875
vn -0.5361328125 -0.7490234375 0.390625
vn -0.390625 -0.7490234375 0.5361328125
vn -0.2060546875 -0.748046875 0.630859375
vn 0 -1 0
vn 0 -0.9287109375 0.37109375
vn 0 -0.4853515625 0.8740234375
vn 0 0.4853515625 0.8740234375
vn 0 0.9287109375 0.37109375
vn 0 1 0
vn 0.015625 -1 0
vn 0.015625 -0.9287109375 0.3701171875
vn 0.0087890625 -0.4873046875 0.873046875
vn -0.009765625 0.486328125 0.873046875
vn -0.0205078125 0.9287109375 0.3701171875
vn -0.0224609375 1 0
vn 0.0810546875 -0.9970703125 0
vn 0.080078125 -0.92578125 0.37109375
vn 0.046875 -0.4814453125 0.875
vn -0.0517578125 0.478515625 0.876953125
vn -0.107421875 0.919921875 0.376953125
vn -0.119140625 0.9931640625 0
vn 0.2578125 -0.9658203125 0
vn 0.251953125 -0.88671875 0.3876953125
vn 0.140625 -0.4345703125 0.8896484375
vn -0.1533203125 0.419921875 0.89453125
vn -0.333984375 0.84765625 0.412109375
vn -0.375 0.9267578125 0
vn 0.6787109375 -0.734375 0
vn 0.6298828125 -0.6357421875 0.4453125
vn 0.298828125 -0.2626953125 0.9169921875
vn -0.30859375 0.240234375 0.919921875
vn -0.71875 0.5146484375 0.4677734375
vn -0.8212890625 0.5703125 0
vn 1 0 0
vn 0.8828125 0 0.470703125
vn 0.384765625 0 0.9228515625
vn -0.384765625 0 0.9228515625
vn -0.8828125 0 0.470703125
vn -1 0 0
vn 0 -0.9287109375 -0.37109375
vn 0 -0.4853515625 -0.8740234375
vn 0 0.4853515625 -0.8740234375
vn 0 0.9287109375 -0.37109375
vn 0.015625 -0.9287109375 -0.3701171875
vn 0.0087890625 -0.4873046875 -0.873046875
vn -0.009765625 0.486328125 -0.873046875
vn -0.0205078125 0.9287109375 -0.3701171875
vn 0.080078125 -0.92578125 -0.37109375
vn 0.046875 -0.4814453125 -0.875
vn -0.0517578125 0.478515625 -0.876953125
vn -0.107421875 0.919921875 -0.376953125
vn 0.251953125 -0.88671875 -0.3876953125
vn 0.140625 -0.4345703125 -0.8896484375
vn -0.1533203125 0.419921875 -0.89453125
vn -0.333984375 0.84765625 -0.412109375
vn 0.6298828125 -0.6357421875 -0.4453125
vn 0.298828125 -0.2626953125 -0.9169921875
vn -0.30859375 0.240234375 -0.919921875
vn -0.71875 0.5146484375 -0.4677734375
vn 0.8828125 0 -0.470703125
vn 0.384765625 0 -0.9228515625
vn -0.384765625 0 -0.9228515625
vn -0.8828125 0 -0.470703125
vn 0.9619140625 0.2724609375 0
vn 0.8466796875 0.2451171875 0.4716796875
vn 0.3671875 0.111328125 0.923828125
vn -0.365234375 -0.115234375 0.923828125
vn -0.837890625 -0.271484375 0.47265625
vn -0.9501953125 -0.3115234375 0
vn 0.8837890625 0.466796875 0
vn 0.7822265625 0.4296875 0.451171875
vn 0.34375 0.205078125 0.916015625
vn -0.3359375 -0.216796875 0.9169921875
vn -0.736328125 -0.501953125 0.4541015625
vn -0.8212890625 -0.5712890625 0
vn 0.76953125 0.6376953125 0
vn 0.69140625 0.59765625 0.40625
vn 0.322265625 0.3037109375 0.896484375
vn -0.3076171875 -0.3154296875 0.8974609375
vn -0.6142578125 -0.671875 0.4140625
vn -0.666015625 -0.7451171875 0
vn 0.611328125 0.791015625 0
vn 0.55859375 0.7451171875 0.3642578125
vn 0.2802734375 0.3984375 0.873046875
vn -0.265625 -0.40234375 0.8759765625
vn -0.4931640625 -0.7841796875 0.376953125
vn -0.525390625 -0.8505859375 0
vn 0.41015625 0.912109375 0
vn 0.37890625 0.8427734375 0.3818359375
vn 0.1943359375 0.431640625 0.880859375
vn -0.1943359375 -0.431640625 0.880859375
vn -0.37890625 -0.8427734375 0.3818359375
vn -0.41015625 -0.912109375 0
vn 0.8466796875 0.2451171875 -0.4716796875
vn 0.3671875 0.111328125 -0.923828125
vn -0.365234375 -0.115234375 -0.923828125
vn -0.837890625 -0.271484375 -0.47265625
vn 0.7822265625 0.4296875 -0.451171875
vn 0.34375 0.205078125 -0.916015625
vn -0.3359375 -0.216796875 -0.9169921875
vn -0.736328125 -0.501953125 -0.4541015625
vn 0.69140625 0.59765625 -0.40625
vn 0.322265625 0.3037109375 -0.896484375
vn -0.3076171875 -0.3154296875 -0.8974609375
vn -0.6142578125 -0.671875 -0.4140625
vn 0.55859375 0.7451171875 -0.3642578125
vn 0.2802734375 0.3984375 -0.873046875
vn -0.265625 -0.40234375 -0.8759765625
vn -0.4931640625 -0.7841796875 -0.376953125
vn 0.37890625 0.8427734375 -0.3818359375
vn 0.1943359375 0.431640625 -0.880859375
vn -0.1943359375 -0.431640625 -0.880859375
vn -0.37890625 -0.8427734375 -0.3818359375
vn 0 1 0
vn -0.0205078125 0.83203125 0.5546875
vn -0.0234375 0.31640625 0.9482421875
vn 0.0380859375 -0.31640625 0.9482421875
vn 0.123046875 -0.8251953125 0.55078125
vn 0.158203125 -0.9873046875 0
vn -0.41796875 0.908203125 0
vn -0.3359375 0.791015625 0.5107421875
vn -0.0517578125 0.3486328125 0.935546875
vn 0.3125 -0.2587890625 0.9140625
vn 0.5498046875 -0.6796875 0.4853515625
vn 0.6083984375 -0.7939453125 0
vn -0.8359375 0.548828125 0
vn -0.703125 0.5400390625 0.4619140625
vn -0.14453125 0.3447265625 0.927734375
vn 0.5390625 -0.060546875 0.83984375
vn 0.8544921875 -0.326171875 0.4052734375
vn 0.9169921875 -0.3994140625 0
vn -0.9482421875 0.31640625 0
vn -0.806640625 0.357421875 0.470703125
vn -0.2255859375 0.310546875 0.9228515625
vn 0.4912109375 0.048828125 0.8701171875
vn 0.8759765625 -0.1923828125 0.4423828125
vn 0.9619140625 -0.2734375 0
vn -0.9013671875 0.4326171875 0
vn -0.6953125 0.4345703125 0.572265625
vn -0.216796875 0.30078125 0.9287109375
vn 0.29296875 -0.013671875 0.9560546875
vn 0.71484375 -0.392578125 0.5791015625
vn 0.8408203125 -0.5419921875 0
vn -0.599609375 0.7998046875 0
vn -0.45703125 0.6708984375 0.5849609375
vn -0.1640625 0.2890625 0.943359375
vn 0.1611328125 -0.3349609375 0.9287109375
vn 0.3544921875 -0.818359375 0.453125
vn 0.384765625 -0.9228515625 0
vn -0.0205078125 0.83203125 -0.5546875
vn -0.0234375 0.31640625 -0.9482421875
vn 0.0380859375 -0.31640625 -0.9482421875
vn 0.123046875 -0.8251953125 -0.55078125
vn -0.3359375 0.791015625 -0.5107421875
vn -0.0517578125 0.3486328125 -0.935546875
vn 0.3125 -0.2587890625 -0.9140625
vn 0.5498046875 -0.6796875 -0.4853515625
vn -0.703125 0.5400390625 -0.4619140625
vn -0.14453125 0.3447265625 -0.927734375
vn 0.5390625 -0.060546875 -0.83984375
vn 0.8544921875 -0.326171875 -0.4052734375
vn -0.806640625 0.357421875 -0.470703125
vn -0.2255859375 0.310546875 -0.9228515625
vn 0.4912109375 0.048828125 -0.8701171875
vn 0.8759765625 -0.1923828125 -0.4423828125
vn -0.6953125 0.4345703125 -0.572265625
vn -0.216796875 0.30078125 -0.9287109375
vn 0.29296875 -0.013671875 -0.9560546875
vn 0.71484375 -0.392578125 -0.5791015625
vn -0.45703125 0.6708984375 -0.5849609375
vn -0.1640625 0.2890625 -0.943359375
vn 0.1611328125 -0.3349609375 -0.9287109375
vn 0.3544921875 -0.818359375 -0.453125
vn -0.439453125 0.8984375 0
vn -0.3349609375 0.8232421875 0.4580078125
vn -0.1318359375 0.609375 0.78125
vn 0.150390625 0.1259765625 0.98046875
vn 0.4453125 -0.6455078125 0.6201171875
vn 0.48828125 -0.873046875 0
vn -0.2158203125 0.9765625 0
vn -0.1689453125 0.9609375 0.2177734375
vn -0.08203125 0.9208984375 0.3818359375
vn 0.0537109375 0.830078125 0.5546875
vn 0.4599609375 0.4931640625 0.73828125
vn 0.98046875 -0.1982421875 0
vn 0.47265625 0.8818359375 0
vn 0.224609375 0.876953125 -0.423828125
vn 0.021484375 0.9091796875 -0.4169921875
vn -0.0791015625 0.9423828125 -0.32421875
vn -0.1494140625 0.9716796875 -0.185546875
vn -0.1806640625 0.9833984375 0
vn 0.8486328125 -0.5283203125 0
vn 0.5166015625 -0.205078125 -0.8310546875
vn 0.123046875 0.2421875 -0.962890625
vn -0.126953125 0.6025390625 -0.7880859375
vn -0.2861328125 0.861328125 -0.419921875
vn -0.3349609375 0.9423828125 0
vn 0.599609375 -0.7998046875 0
vn 0.439453125 -0.64453125 -0.6259765625
vn 0.1494140625 -0.2587890625 -0.9541015625
vn -0.1474609375 0.29296875 -0.9443359375
vn -0.3603515625 0.7783203125 -0.5126953125
vn -0.41015625 0.912109375 0
vn -0.3349609375 0.8232421875 -0.4580078125
vn -0.1318359375 0.609375 -0.78125
vn 0.150390625 0.1259765625 -0.98046875
vn 0.4453125 -0.6455078125 -0.6201171875
vn -0.1689453125 0.9609375 -0.2177734375
vn -0.08203125 0.9208984375 -0.3818359375
vn 0.0537109375 0.830078125 -0.5546875
vn 0.4599609375 0.4931640625 -0.73828125
vn 0.224609375 0.876953125 0.423828125
vn 0.021484375 0.9091796875 0.4169921875
vn -0.0791015625 0.9423828125 0.32421875
vn -0.1494140625 0.9716796875 0.185546875
vn 0.5166015625 -0.205078125 0.8310546875
vn 0.123046875 0.2421875 0.962890625
vn -0.126953125 0.6025390625 0.7880859375
vn -0.2861328125 0.861328125 0.419921875
vn 0.439453125 -0.64453125 0.6259765625
vn 0.1494140625 -0.2587890625 0.9541015625
vn -0.1474609375 0.29296875 0.9443359375
vn -0.3603515625 0.7783203125 0.5126953125
f 1/1/1 8/1/8 7/1/7
f 1/1/1 2/1/2 8/1/8
f 2/1/2 9/1/9 8/1/8
f 2/1/2 3/1/3 9/1/9
f 3/1/3 10/1/10 9/1/9
f 3/1/3 4/1/4 10/1/10
f 4/1/4 11/1/11 10/1/10
f 4/1/4 5/1/5 11/1/11
f 5/1/5 12/1/12 11/1/11
f 5/1/5 6/1/6 12/1/12
f 7/1/7 14/1/14 13/1/13
f 7/1/7 8/1/8 14/1/14
f 8/1/8 15/1/15 14/1/14
f 8/1/8 9/1/9 15/1/15
f 9/1/9 16/1/16 15/1/15
f 9/1/9 10/1/10 16/1/16
f 10/1/10 17/1/17 16/1/16
f 10/1/10 11/1/11 17/1/17
f 11/1/11 18/1/18 17/1/17
f 11/1/11 12/1/12 18/1/18
f 13/1/13 20/1/20 19/1/19
f 13/1/13 14/1/14 20/1/20
f 14/1/14 21/1/21 20/1/20
f 14/1/14 15/1/15 21/1/21
f 15/1/15 22/1/22 21/1/21
f 15/1/15 16/1/16 22/1/22
f 16/1/16 23/1/23 22/1/22
f 16/1/16 17/1/17 23/1/23
f 17/1/17 24/1/24 23/1/23
f 17/1/17 18/1/18 24/1/24
f 19/1/19 26/1/26 25/1/25
f 19/1/19 20/1/20 26/1/26
f 20/1/20 27/1/27 26/1/26
f 20/1/20 21/1/21 27/1/27
f 21/1/21 28/1/28 27/1/27
f 21/1/21 22/1/22 28/1/28
f 22/1/22 29/1/29 28/1/28
f 22/1/22 23/1/23 29/1/29
f 23/1/23 30/1/30 29/1/29
f 23/1/23 24/1/24 30/1/30
f 25/1/25 32/1/32 31/1/31
f 25/1/25 26/1/26 32/1/32
f 26/1/26 33/1/33 32/1/32
f 26/1/26 27/1/27 33/1/33
f 27/1/27 34/1/34 33/1/33
f 27/1/27 28/1/28 34/1/34
f 28/1/28 35/1/35 34/1/34
f 28/1/28 29/1/29 35/1/35
f 29/1/29 36/1/36 35/1/35
f 29/1/29 30/1/30 36/1/36
f 37/1/37 43/1/43 42/1/42
f 37/1/37 38/1/38 43/1/43
f 38/1/38 44/1/44 43/1/43
f 38/1/38 39/1/39 44/1/44
f 39/1/39 45/1/45 44/1/44
f 39/1/39 40/1/40 45/1/45
f 40/1/40 46/1/46 45/1/45
f 40/1/40 41/1/41 46/1/46
f 41/1/41 7/1/7 46/1/46
f 41/1/41 1/1/1 7/1/7
f 42/1/42 48/1/48 47/1/47
f 42/1/42 43/1/43 48/1/48
f 43/1/43 49/1/49 48/1/48
f 43/1/43 44/1/44 49/1/49
f 44/1/44 50/1/50 49/1/49
f 44/1/44 45/1/45 50/1/50
f 45/1/45 51/1/51 50/1/50
f 45/1/45 46/1/46 51/1/51
f 46/1/46 13/1/13 51/1/51
f 46/1/46 7/1/7 13/1/13
f 47/1/47 53/1/53 52/1/52
f 47/1/47 48/1/48 53/1/53
f 48/1/48 54/1/54 53/1/53
f 48/1/48 49/1/49 54/1/54
f 49/1/49 55/1/55 54/1/54
f 49/1/49 50/1/50 55/1/55
f 50/1/50 56/1/56 55/1/55
f 50/1/50 51/1/51 56/1/56
f 51/1/51 19/1/19 56/1/56
f 51/1/51 13/1/13 19/1/19
f 52/1/52 58/1/58 57/1/57
f 52/1/52 53/1/53 58/1/58
f 53/1/53 59/1/59 58/1/58
f 53/1/53 54/1/54 59/1/59
f 54/1/54 60/1/60 59/1/59
f 54/1/54 55/1/55 60/1/60
f 55/1/55 61/1/61 60/1/60
f 55/1/55 56/1/56 61/1/61
f 56/1/56 25/1/25 61/1/61
f 56/1/56 19/1/19 25/1/25
f 57/1/57 63/1/63 62/1/62
f 57/1/57 58/1/58 63/1/63
f 58/1/58 64/1/64 63/1/63
f 58/1/58 59/1/59 64/1/64
f 59/1/59 65/1/65 64/1/64
f 59/1/59 60/1/60 65/1/65
f 60/1/60 66/1/66 65/1/65
f 60/1/60 61/1/61 66/1/66
f 61/1/61 31/1/31 66/1/66
f 61/1/61 25/1/25 31/1/31
f 67/1/67 73/1/73 72/1/72
f 67/1/67 68/1/68 73/1/73
f 68/1/68 74/1/74 73/1/73
f 68/1/68 69/1/69 74/1/74
f 69/1/69 75/1/75 74/1/74
f 69/1/69 70/1/70 75/1/75
f 70/1/70 76/1/76 75/1/75
f 70/1/70 71/1/71 76/1/76
f 71/1/71 42/1/42 76/1/76
f 71/1/71 37/1/37 42/1/42
f 72/1/72 78/1/78 77/1/77
f 72/1/72 73/1/73 78/1/78
f 73/1/73 79/1/79 78/1/78
f 73/1/73 74/1/74 79/1/79
f 74/1/74 80/1/80 79/1/79
f 74/1/74 75/1/75 80/1/80
f 75/1/75 81/1/81 80/1/80
f 75/1/75 76/1/76 81/1/81
f 76/1/76 47/1/47 81/1/81
f 76/1/76 42/1/42 47/1/47
f 77/1/77 83/1/83 82/1/82
f 77/1/77 78/1/78 83/1/83
f 78/1/78 84/1/84 83/1/83
f 78/1/78 79/1/79 84/1/84
f 79/1/79 85/1/85 84/1/84
f 79/1/79 80/1/80 85/1/85
f 80/1/80 86/1/86 85/1/85
f 80/1/80 81/1/81 86/1/86
f 81/1/81 52/1/52 86/1/86
f 81/1/81 47/1/47 52/1/52
f 82/1/82 88/1/88 87/1/87
f 82/1/82 83/1/83 88/1/88
f 83/1/83 89/1/89 88/1/88
f 83/1/83 84/1/84 89/1/89
f 84/1/84 90/1/90 89/1/89
f 84/1/84 85/1/85 90/1/90
f 85/1/85 91/1/91 90/1/90
f 85/1/85 86/1/86 91/1/91
f 86/1/86 57/1/57 91/1/91
f 86/1/86 52/1/52 57/1/57
f 87/1/87 93/1/93 92/1/92
f 87/1/87 88/1/88 93/1/93
f 88/1/88 94/1/94 93/1/93
f 88/1/88 89/1/89 94/1/94
f 89/1/89 95/1/95 94/1/94
f 89/1/89 90/1/90 95/1/95
f 90/1/90 96/1/96 95/1/95
f 90/1/90 91/1/91 96/1/96
f 91/1/91 62/1/62 96/1/96
f 91/1/91 57/1/57 62/1/62
f 6/1/6 101/1/101 12/1/12
f 6/1/6 97/1/97 101/1/101
f 97/1/97 102/1/102 101/1/101
f 97/1/97 98/1/98 102/1/102
f 98/1/98 103/1/103 102/1/102
f 98/1/98 99/1/99 103/1/103
f 99/1/99 104/1/104 103/1/103
f 99/1/99 100/1/100 104/1/104
f 100/1/100 72/1/72 104/1/104
f 100/1/100 67/1/67 72/1/72
f 12/1/12 105/1/105 18/1/18
f 12/1/12 101/1/101 105/1/105
f 101/1/101 106/1/106 105/1/105
f 101/1/101 102/1/102 106/1/106
f 102/1/102 107/1/107 106/1/106
f 102/1/102 103/1/103 107/1/107
f 103/1/103 108/1/108 107/1/107
f 103/1/103 104/1/104 108/1/108
f 104/1/104 77/1/77 108/1/108
f 104/1/104 72/1/72 77/1/77
f 18/1/18 109/1/109 24/1/24
f 18/1/18 105/1/105 109/1/109
f 105/1/105 110/1/110 109/1/109
f 105/1/105 106/1/106 110/1/110
f 106/1/106 111/1/111 110/1/110
f 106/1/106 107/1/107 111/1/111
f 107/1/107 112/1/112 111/1/111
f 107/1/107 108/1/108 112/1/112
f 108/1/108 82/1/82 112/1/112
f 108/1/108 77/1/77 82/1/82
f 24/1/24 113/1/113 30/1/30
f 24/1/24 109/1/109 113/1/113
f 109/1/109 114/1/114 113/1/113
f 109/1/109 110/1/110 114/1/114
f 110/1/110 115/1/115 114/1/114
f 110/1/110 111/1/111 115/1/115
f 111/1/111 116/1/116 115/1/115
f 111/1/111 112/1/112 116/1/116
f 112/1/112 87/1/87 116/1/116
f 112/1/112 82/1/82 87/1/87
f 30/1/30 117/1/117 36/1/36
f 30/1/30 113/1/113 117/1/117
f 113/1/113 118/1/118 117/1/117
f 113/1/113 114/1/114 118/1/118
f 114/1/114 119/1/119 118/1/118
f 114/1/114 115/1/115 119/1/119
f 115/1/115 120/1/120 119/1/119
f 115/1/115 116/1/116 120/1/120
f 116/1/116 92/1/92 120/1/120
f 116/1/116 87/1/87 92/1/92
f 31/1/31 122/1/122 121/1/121
f 31/1/31 32/1/32 122/1/122
f 32/1/32 123/1/123 122/1/122
f 32/1/32 33/1/33 123/1/123
f 33/1/33 124/1/124 123/1/123
f 33/1/33 34/1/34 124/1/124
f 34/1/34 125/1/125 124/1/124
f 34/1/34 35/1/35 125/1/125
f 35/1/35 126/1/126 125/1/125
f 35/1/35 36/1/36 126/1/126
f 121/1/121 128/1/128 127/1/127
f 121/1/121 122/1/122 128/1/128
f 122/1/122 129/1/129 128/1/128
f 122/1/122 123/1/123 129/1/129
f 123/1/123 130/1/130 129/1/129
f 123/1/123 124/1/124 130/1/130
f 124/1/124 131/1/131 130/1/130
f 124/1/124 125/1/125 131/1/131
f 125/1/125 132/1/132 131/1/131
f 125/1/125 126/1/126 132/1/132
f 127/1/127 134/1/134 133/1/133
f 127/1/127 128/1/128 134/1/134
f 128/1/128 135/1/135 134/1/134
f 128/1/128 129/1/129 135/1/135
f 129/1/129 136/1/136 135/1/135
f 129/1/129 130/1/130 136/1/136
f 130/1/130 137/1/137 136/1/136
f 130/1/130 131/1/131 137/1/137
f 131/1/131 138/1/138 137/1/137
f 131/1/131 132/1/132 138/1/138
f 133/1/133 140/1/140 139/1/139
f 133/1/133 134/1/134 140/1/140
f 134/1/134 141/1/141 140/1/140
f 134/1/134 135/1/135 141/1/141
f 135/1/135 142/1/142 141/1/141
f 135/1/135 136/1/136 142/1/142
f 136/1/136 143/1/143 142/1/142
f 136/1/136 137/1/137 143/1/143
f 137/1/137 144/1/144 143/1/143
f 137/1/137 138/1/138 144/1/144
f 139/1/139 146/1/146 145/1/145
f 139/1/139 140/1/140 146/1/146
f 140/1/140 147/1/147 146/1/146
f 140/1/140 141/1/141 147/1/147
f 141/1/141 148/1/148 147/1/147
f 141/1/141 142/1/142 148/1/148
f 142/1/142 149/1/149 148/1/148
f 142/1/142 143/1/143 149/1/149
f 143/1/143 150/1/150 149/1/149
f 143/1/143 144/1/144 150/1/150
f 62/1/62 152/1/152 151/1/151
f 62/1/62 63/1/63 152/1/152
f 63/1/63 153/1/153 152/1/152
f 63/1/63 64/1/64 153/1/153
f 64/1/64 154/1/154 153/1/153
f 64/1/64 65/1/65 154/1/154
f 65/1/65 155/1/155 154/1/154
f 65/1/65 66/1/66 155/1/155
f 66/1/66 121/1/121 155/1/155
f 66/1/66 31/1/31 121/1/121
f 151/1/151 157/1/157 156/1/156
f 151/1/151 152/1/152 157/1/157
f 152/1/152 158/1/158 157/1/157
f 152/1/152 153/1/153 158/1/158
f 153/1/153 159/1/159 158/1/158
f 153/1/153 154/1/154 159/1/159
f 154/1/154 160/1/160 159/1/159
f 154/1/154 155/1/155 160/1/160
f 155/1/155 127/1/127 160/1/160
f 155/1/155 121/1/121 127/1/127
f 156/1/156 162/1/162 161/1/161
f 156/1/156 157/1/157 162/1/162
f 157/1/157 163/1/163 162/1/162
f 157/1/157 158/1/158 163/1/163
f 158/1/158 164/1/164 163/1/163
f 158/1/158 159/1/159 164/1/164
f 159/1/159 165/1/165 164/1/164
f 159/1/159 160/1/160 165/1/165
f 160/1/160 133/1/133 165/1/165
f 160/1/160 127/1/127 133/1/133
f 161/1/161 167/1/167 166/1/166
f 161/1/161 162/1/162 167/1/167
f 162/1/162 168/1/168 167/1/167
f 162/1/162 163/1/163 168/1/168
f 163/1/163 169/1/169 168/1/168
f 163/1/163 164/1/164 169/1/169
f 164/1/164 170/1/170 169/1/169
f 164/1/164 165/1/165 170/1/170
f 165/1/165 139/1/139 170/1/170
f 165/1/165 133/1/133 139/1/139
f 166/1/166 172/1/172 171/1/171
f 166/1/166 167/1/167 172/1/172
f 167/1/167 173/1/173 172/1/172
f 167/1/167 168/1/168 173/1/173
f 168/1/168 174/1/174 173/1/173
f 168/1/168 169/1/169 174/1/174
f 169/1/169 175/1/175 174/1/174
f 169/1/169 170/1/170 175/1/175
f 170/1/170 145/1/145 175/1/175
f 170/1/170 139/1/139 145/1/145
f 92/1/92 177/1/177 176/1/176
f 92/1/92 93/1/93 177/1/177
f 93/1/93 178/1/178 177/1/177
f 93/1/93 94/1/94 178/1/178
f 94/1/94 179/1/179 178/1/178
f 94/1/94 95/1/95 179/1/179
f 95/1/95 180/1/180 179/1/179
f 95/1/95 96/1/96 180/1/180
f 96/1/96 151/1/151 180/1/180
f 96/1/96 62/1/62 151/1/151
f 176/1/176 182/1/182 181/1/181
f 176/1/176 177/1/177 182/1/182
f 177/1/177 183/1/183 182/1/182
f 177/1/177 178/1/178 183/1/183
f 178/1/178 184/1/184 183/1/183
f 178/1/178 179/1/179 184/1/184
f 179/1/179 185/1/185 184/1/184
f 179/1/179 180/1/180 185/1/185
f 180/1/180 156/1/156 185/1/185
f 180/1/180 151/1/151 156/1/156
f 181/1/181 187/1/187 186/1/186
f 181/1/181 182/1/182 187/1/187
f 182/1/182 188/1/188 187/1/187
f 182/1/182 183/1/183 188/1/188
f 183/1/183 189/1/189 188/1/188
f 183/1/183 184/1/184 189/1/189
f 184/1/184 190/1/190 189/1/189
f 184/1/184 185/1/185 190/1/190
f 185/1/185 161/1/161 190/1/190
f 185/1/185 156/1/156 161/1/161
f 186/1/186 192/1/192 191/1/191
f 186/1/186 187/1/187 192/1/192
f 187/1/187 193/1/193 192/1/192
f 187/1/187 188/1/188 193/1/193
f 188/1/188 194/1/194 193/1/193
f 188/1/188 189/1/189 194/1/194
f 189/1/189 195/1/195 194/1/194
f 189/1/189 190/1/190 195/1/195
f 190/1/190 166/1/166 195/1/195
f 190/1/190 161/1/161 166/1/166
f 191/1/191 197/1/197 196/1/196
f 191/1/191 192/1/192 197/1/197
f 192/1/192 198/1/198 197/1/197
f 192/1/192 193/1/193 198/1/198
f 193/1/193 199/1/199 198/1/198
f 193/1/193 194/1/194 199/1/199
f 194/1/194 200/1/200 199/1/199
f 194/1/194 195/1/195 200/1/200
f 195/1/195 171/1/171 200/1/200
f 195/1/195 166/1/166 171/1/171
f 36/1/36 201/1/201 126/1/126
f 36/1/36 117/1/117 201/1/201
f 117/1/117 202/1/202 201/1/201
f 117/1/117 118/1/118 202/1/202
f 118/1/118 203/1/203 202/1/202
f 118/1/118 119/1/119 203/1/203
f 119/1/119 204/1/204 203/1/203
f 119/1/119 120/1/120 204/1/204
f 120/1/120 176/1/176 204/1/204
f 120/1/120 92/1/92 176/1/176
f 126/1/126 205/1/205 132/1/132
f 126/1/126 201/1/201 205/1/205
f 201/1/201 206/1/206 205/1/205
f 201/1/201 202/1/202 206/1/206
f 202/1/202 207/1/207 206/1/206
f 202/1/202 203/1/203 207/1/207
f 203/1/203 208/1/208 207/1/207
f 203/1/203 204/1/204 208/1/208
f 204/1/204 181/1/181 208/1/208
f 204/1/204 176/1/176 181/1/181
f 132/1/132 209/1/209 138/1/138
f 132/1/132 205/1/205 209/1/209
f 205/1/205 210/1/210 209/1/209
f 205/1/205 206/1/206 210/1/210
f 206/1/206 211/1/211 210/1/210
f 206/1/206 207/1/207 211/1/211
f 207/1/207 212/1/212 211/1/211
f 207/1/207 208/1/208 212/1/212
f 208/1/208 186/1/186 212/1/212
f 208/1/208 181/1/181 186/1/186
f 138/1/138 213/1/213 144/1/144
f 138/1/138 209/1/209 213/1/213
f 209/1/209 214/1/214 213/1/213
f 209/1/209 210/1/210 214/1/214
f 210/1/210 215/1/215 214/1/214
f 210/1/210 211/1/211 215/1/215
f 211/1/211 216/1/216 215/1/215
f 211/1/211 212/1/212 216/1/216
f 212/1/212 191/1/191 216/1/216
f 212/1/212 186/1/186 191/1/191
f 144/1/144 217/1/217 150/1/150
f 144/1/144 213/1/213 217/1/217
f 213/1/213 218/1/218 217/1/217
f 213/1/213 214/1/214 218/1/218
f 214/1/214 219/1/219 218/1/218
f 214/1/214 215/1/215 219/1/219
f 215/1/215 220/1/220 219/1/219
f 215/1/215 216/1/216 220/1/220
f 216/1/216 196/1/196 220/1/220
f 216/1/216 191/1/191 196/1/196
f 145/1/145 222/1/222 221/1/221
f 145/1/145 146/1/146 222/1/222
f 146/1/146 223/1/223 222/1/222
f 146/1/146 147/1/147 223/1/223
f 147/1/147 224/1/224 223/1/223
f 147/1/147 148/1/148 224/1/224
f 148/1/148 225/1/225 224/1/224
f 148/1/148 149/1/149 225/1/225
f 149/1/149 226/1/226 225/1/225
f 149/1/149 150/1/150 226/1/226
f 221/1/221 228/1/228 227/1/227
f 221/1/221 222/1/222 228/1/228
f 222/1/222 229/1/229 228/1/228
f 222/1/222 223/1/223 229/1/229
f 223/1/223 230/1/230 229/1/229
f 223/1/223 224/1/224 230/1/230
f 224/1/224 231/1/231 230/1/230
f 224/1/224 225/1/225 231/1/231
f 225/1/225 232/1/232 231/1/231
f 225/1/225 226/1/226 232/1/232
f 227/1/227 234/1/234 233/1/233
f 227/1/227 228/1/228 234/1/234
f 228/1/228 235/1/235 234/1/234
f 228/1/228 229/1/229 235/1/235
f 229/1/229 236/1/236 235/1/235
f 229/1/229 230/1/230 236/1/236
f 230/1/230 237/1/237 236/1/236
f 230/1/230 231/1/231 237/1/237
f 231/1/231 238/1/238 237/1/237
f 231/1/231 232/1/232 238/1/238
f 233/1/233 240/1/240 239/1/239
f 233/1/233 234/1/234 240/1/240
f 234/1/234 241/1/241 240/1/240
f 234/1/234 235/1/235 241/1/241
f 235/1/235 242/1/242 241/1/241
f 235/1/235 236/1/236 242/1/242
f 236/1/236 243/1/243 242/1/242
f 236/1/236 237/1/237 243/1/243
f 237/1/237 244/1/244 243/1/243
f 237/1/237 238/1/238 244/1/244
f 239/1/239 246/1/246 245/1/245
f 239/1/239 240/1/240 246/1/246
f 240/1/240 247/1/247 246/1/246
f 240/1/240 241/1/241 247/1/247
f 241/1/241 248/1/248 247/1/247
f 241/1/241 242/1/242 248/1/248
f 242/1/242 249/1/249 248/1/248
f 242/1/242 243/1/243 249/1/249
f 243/1/243 250/1/250 249/1/249
f 243/1/243 244/1/244 250/1/250
f 171/1/171 252/1/252 251/1/251
f 171/1/171 172/1/172 252/1/252
f 172/1/172 253/1/253 252/1/252
f 172/1/172 173/1/173 253/1/253
f 173/1/173 254/1/254 253/1/253
f 173/1/173 174/1/174 254/1/254
f 174/1/174 255/1/255 254/1/254
f 174/1/174 175/1/175 255/1/255
f 175/1/175 221/1/221 255/1/255
f 175/1/175 145/1/145 221/1/221
f 251/1/251 257/1/257 256/1/256
f 251/1/251 252/1/252 257/1/257
f 252/1/252 258/1/258 257/1/257
f 252/1/252 253/1/253 258/1/258
f 253/1/253 259/1/259 258/1/258
f 253/1/253 254/1/254 259/1/259
f 254/1/254 260/1/260 259/1/259
f 254/1/254 255/1/255 260/1/260
f 255/1/255 227/1/227 260/1/260
f 255/1/255 221/1/221 227/1/227
f 256/1/256 262/1/262 261/1/261
f 256/1/256 257/1/257 262/1/262
f 257/1/257 263/1/263 262/1/262
f 257/1/257 258/1/258 263/1/263
f 258/1/258 264/1/264 263/1/263
f 258/1/258 259/1/259 264/1/264
f 259/1/259 265/1/265 264/1/264
f 259/1/259 260/1/260 265/1/265
f 260/1/260 233/1/233 265/1/265
f 260/1/260 227/1/227 233/1/233
f 261/1/261 267/1/267 266/1/266
f 261/1/261 262/1/262 267/1/267
f 262/1/262 268/1/268 267/1/267
f 262/1/262 263/1/263 268/1/268
f 263/1/263 269/1/269 268/1/268
f 263/1/263 264/1/264 269/1/269
f 264/1/264 270/1/270 269/1/269
f 264/1/264 265/1/265 270/1/270
f 265/1/265 239/1/239 270/1/270
f 265/1/265 233/1/233 239/1/239
f 266/1/266 272/1/272 271/1/271
f 266/1/266 267/1/267 272/1/272
f 267/1/267 273/1/273 272/1/272
f 267/1/267 268/1/268 273/1/273
f 268/1/268 274/1/274 273/1/273
f 268/1/268 269/1/269 274/1/274
f 269/1/269 275/1/275 274/1/274
f 269/1/269 270/1/270 275/1/275
f 270/1/270 245/1/245 275/1/275
f 270/1/270 239/1/239 245/1/245
f 196/1/196 277/1/277 276/1/276
f 196/1/196 197/1/197 277/1/277
f 197/1/197 278/1/278 277/1/277
f 197/1/197 198/1/198 278/1/278
f 198/1/198 279/1/279 278/1/278
f 198/1/198 199/1/199 279/1/279
f 199/1/199 280/1/280 279/1/279
f 199/1/199 200/1/200 280/1/280
f 200/1/200 251/1/251 280/1/280
f 200/1/200 171/1/171 251/1/251
f 276/1/276 282/1/282 281/1/281
f 276/1/276 277/1/277 282/1/282
f 277/1/277 283/1/283 282/1/282
f 277/1/277 278/1/278 283/1/283
f 278/1/278 284/1/284 283/1/283
f 278/1/278 279/1/279 284/1/284
f 279/1/279 285/1/285 284/1/284
f 279/1/279 280/1/280 285/1/285
f 280/1/280 256/1/256 285/1/285
f 280/1/280 251/1/251 256/1/256
f 281/1/281 287/1/287 286/1/286
f 281/1/281 282/1/282 287/1/287
f 282/1/282 288/1/288 287/1/287
f 282/1/282 283/1/283 288/1/288
f 283/1/283 289/1/289 288/1/288
f 283/1/283 284/1/284 289/1/289
f 284/1/284 290/1/290 289/1/289
f 284/1/284 285/1/285 290/1/290
f 285/1/285 261/1/261 290/1/290
f 285/1/285 256/1/256 261/1/261
f 286/1/286 292/1/292 291/1/291
f 286/1/286 287/1/287 292/1/292
f 287/1/287 293/1/293 292/1/292
f 287/1/287 288/1/288 293/1/293
f 288/1/288 294/1/294 293/1/293
f 288/1/288 289/1/289 294/1/294
f 289/1/289 295/1/295 294/1/294
f 289/1/289 290/1/290 295/1/295
f 290/1/290 266/1/266 295/1/295
f 290/1/290 261/1/261 266/1/266
f 291/1/291 297/1/297 296/1/296
f 291/1/291 292/1/292 297/1/297
f 292/1/292 298/1/298 297/1/297
f 292/1/292 293/1/293 298/1/298
f 293/1/293 299/1/299 298/1/298
f 293/1/293 294/1/294 299/1/299
f 294/1/294 300/1/300 299/1/299
f 294/1/294 295/1/295 300/1/300
f 295/1/295 271/1/271 300/1/300
f 295/1/295 266/1/266 271/1/271
f 150/1/150 301/1/301 226/1/226
f 150/1/150 217/1/217 301/1/301
f 217/1/217 302/1/302 301/1/301
f 217/1/217 218/1/218 302/1/302
f 218/1/218 303/1/303 302/1/302
f 218/1/218 219/1/219 303/1/303
f 219/1/219 304/1/304 303/1/303
f 219/1/219 220/1/220 304/1/304
f 220/1/220 276/1/276 304/1/304
f 220/1/220 196/1/196 276/1/276
f 226/1/226 305/1/305 232/1/232
f 226/1/226 301/1/301 305/1/305
f 301/1/301 306/1/306 305/1/305
f 301/1/301 302/1/302 306/1/306
f 302/1/302 307/1/307 306/1/306
f 302/1/302 303/1/303 307/1/307
f 303/1/303 308/1/308 307/1/307
f 303/1/303 304/1/304 308/1/308
f 304/1/304 281/1/281 308/1/308
f 304/1/304 276/1/276 281/1/281
f 232/1/232 309/1/309 238/1/238
f 232/1/232 305/1/305 309/1/309
f 305/1/305 310/1/310 309/1/309
f 305/1/305 306/1/306 310/1/310
f 306/1/306 311/1/311 310/1/310
f 306/1/306 307/1/307 311/1/311
f 307/1/307 312/1/312 311/1/311
f 307/1/307 308/1/308 312/1/312
f 308/1/308 286/1/286 312/1/312
f 308/1/308 281/1/281 286/1/286
f 238/1/238 313/1/313 244/1/244
f 238/1/238 309/1/309 313/1/313
f 309/1/309 314/1/314 313/1/313
f 309/1/309 310/1/310 314/1/314
f 310/1/310 315/1/315 314/1/314
f 310/1/310 311/1/311 315/1/315
f 311/1/311 316/1/316 315/1/315
f 311/1/311 312/1/312 316/1/316
f 312/1/312 291/1/291 316/1/316
f 312/1/312 286/1/286 291/1/291
f 244/1/244 317/1/317 250/1/250
f 244/1/244 313/1/313 317/1/317
f 313/1/313 318/1/318 317/1/317
f 313/1/313 314/1/314 318/1/318
f 314/1/314 319/1/319 318/1/318
f 314/1/314 315/1/315 319/1/319
f 315/1/315 320/1/320 319/1/319
f 315/1/315 316/1/316 320/1/320
f 316/1/316 296/1/296 320/1/320
f 316/1/316 291/1/291 296/1/296
f 321/1/321 323/1/323 322/1/322
f 321/1/321 324/1/324 323/1/323
f 321/1/321 325/1/325 324/1/324
f 321/1/321 326/1/326 325/1/325
f 321/1/321 327/1/327 326/1/326
f 322/1/322 329/1/329 328/1/328
f 322/1/322 323/1/323 329/1/329
f 323/1/323 330/1/330 329/1/329
f 323/1/323 324/1/324 330/1/330
f 324/1/324 331/1/331 330/1/330
f 324/1/324 325/1/325 331/1/331
f 325/1/325 332/1/332 331/1/331
f 325/1/325 326/1/326 332/1/332
f 326/1/326 333/1/333 332/1/332
f 326/1/326 327/1/327 333/1/333
f 328/1/328 335/1/335 334/1/334
f 328/1/328 329/1/329 335/1/335
f 329/1/329 336/1/336 335/1/335
f 329/1/329 330/1/330 336/1/336
f 330/1/330 337/1/337 336/1/336
f 330/1/330 331/1/331 337/1/337
f 331/1/331 338/1/338 337/1/337
f 331/1/331 332/1/332 338/1/338
f 332/1/332 339/1/339 338/1/338
f 332/1/332 333/1/333 339/1/339
f 334/1/334 341/1/341 340/1/340
f 334/1/334 335/1/335 341/1/341
f 335/1/335 342/1/342 341/1/341
f 335/1/335 336/1/336 342/1/342
f 336/1/336 343/1/343 342/1/342
f 336/1/336 337/1/337 343/1/343
f 337/1/337 344/1/344 343/1/343
f 337/1/337 338/1/338 344/1/344
f 338/1/338 345/1/345 344/1/344
f 338/1/338 339/1/339 345/1/345
f 340/1/340 347/1/347 346/1/346
f 340/1/340 341/1/341 347/1/347
f 341/1/341 348/1/348 347/1/347
f 341/1/341 342/1/342 348/1/348
f 342/1/342 349/1/349 348/1/348
f 342/1/342 343/1/343 349/1/349
f 343/1/343 350/1/350 349/1/349
f 343/1/343 344/1/344 350/1/350
f 344/1/344 351/1/351 350/1/350
f 344/1/344 345/1/345 351/1/351
f 321/1/321 353/1/353 352/1/352
f 321/1/321 354/1/354 353/1/353
f 321/1/321 355/1/355 354/1/354
f 321/1/321 356/1/356 355/1/355
f 321/1/321 322/1/322 356/1/356
f 352/1/352 358/1/358 357/1/357
f 352/1/352 353/1/353 358/1/358
f 353/1/353 359/1/359 358/1/358
f 353/1/353 354/1/354 359/1/359
f 354/1/354 360/1/360 359/1/359
f 354/1/354 355/1/355 360/1/360
f 355/1/355 361/1/361 360/1/360
f 355/1/355 356/1/356 361/1/361
f 356/1/356 328/1/328 361/1/361
f 356/1/356 322/1/322 328/1/328
f 357/1/357 363/1/363 362/1/362
f 357/1/357 358/1/358 363/1/363
f 358/1/358 364/1/364 363/1/363
f 358/1/358 359/1/359 364/1/364
f 359/1/359 365/1/365 364/1/364
f 359/1/359 360/1/360 365/1/365
f 360/1/360 366/1/366 365/1/365
f 360/1/360 361/1/361 366/1/366
f 361/1/361 334/1/334 366/1/366
f 361/1/361 328/1/328 334/1/334
f 362/1/362 368/1/368 367/1/367
f 362/1/362 363/1/363 368/1/368
f 363/1/363 369/1/369 368/1/368
f 363/1/363 364/1/364 369/1/369
f 364/1/364 370/1/370 369/1/369
f 364/1/364 365/1/365 370/1/370
f 365/1/365 371/1/371 370/1/370
f 365/1/365 366/1/366 371/1/371
f 366/1/366 340/1/340 371/1/371
f 366/1/366 334/1/334 340/1/340
f 367/1/367 373/1/373 372/1/372
f 367/1/367 368/1/368 373/1/373
f 368/1/368 374/1/374 373/1/373
f 368/1/368 369/1/369 374/1/374
f 369/1/369 375/1/375 374/1/374
f 369/1/369 370/1/370 375/1/375
f 370/1/370 376/1/376 375/1/375
f 370/1/370 371/1/371 376/1/376
f 371/1/371 346/1/346 376/1/376
f 371/1/371 340/1/340 346/1/346
f 321/1/321 378/1/378 377/1/377
f 321/1/321 379/1/379 378/1/378
f 321/1/321 380/1/380 379/1/379
f 321/1/321 381/1/381 380/1/380
f 321/1/321 352/1/352 381/1/381
f 377/1/377 383/1/383 382/1/382
f 377/1/377 378/1/378 383/1/383
f 378/1/378 384/1/384 383/1/383
f 378/1/378 379/1/379 384/1/384
f 379/1/379 385/1/385 384/1/384
f 379/1/379 380/1/380 385/1/385
f 380/1/380 386/1/386 385/1/385
f 380/1/380 381/1/381 386/1/386
f 381/1/381 357/1/357 386/1/386
f 381/1/381 352/1/352 357/1/357
f 382/1/382 388/1/388 387/1/387
f 382/1/382 383/1/383 388/1/388
f 383/1/383 389/1/389 388/1/388
f 383/1/383 384/1/384 389/1/389
f 384/1/384 390/1/390 389/1/389
f 384/1/384 385/1/385 390/1/390
f 385/1/385 391/1/391 390/1/390
f 385/1/385 386/1/386 391/1/391
f 386/1/386 362/1/362 391/1/391
f 386/1/386 357/1/357 362/1/362
f 387/1/387 393/1/393 392/1/392
f 387/1/387 388/1/388 393/1/393
f 388/1/388 394/1/394 393/1/393
f 388/1/388 389/1/389 394/1/394
f 389/1/389 395/1/395 394/1/394
f 389/1/389 390/1/390 395/1/395
f 390/1/390 396/1/396 395/1/395
f 390/1/390 391/1/391 396/1/396
f 391/1/391 367/1/367 396/1/396
f 391/1/391 362/1/362 367/1/367
f 392/1/392 398/1/398 397/1/397
f 392/1/392 393/1/393 398/1/398
f 393/1/393 399/1/399 398/1/398
f 393/1/393 394/1/394 399/1/399
f 394/1/394 400/1/400 399/1/399
f 394/1/394 395/1/395 400/1/400
f 395/1/395 401/1/401 400/1/400
f 395/1/395 396/1/396 401/1/401
f 396/1/396 372/1/372 401/1/401
f 396/1/396 367/1/367 372/1/372
f 321/1/321 402/1/402 327/1/327
f 321/1/321 403/1/403 402/1/402
f 321/1/321 404/1/404 403/1/403
f 321/1/321 405/1/405 404/1/404
f 321/1/321 377/1/377 405/1/405
f 327/1/327 406/1/406 333/1/333
f 327/1/327 402/1/402 406/1/406
f 402/1/402 407/1/407 406/1/406
f 402/1/402 403/1/403 407/1/407
f 403/1/403 408/1/408 407/1/407
f 403/1/403 404/1/404 408/1/408
f 404/1/404 409/1/409 408/1/408
f 404/1/404 405/1/405 409/1/409
f 405/1/405 382/1/382 409/1/409
f 405/1/405 377/1/377 382/1/382
f 333/1/333 410/1/410 339/1/339
f 333/1/333 406/1/406 410/1/410
f 406/1/406 411/1/411 410/1/410
f 406/1/406 407/1/407 411/1/411
f 407/1/407 412/1/412 411/1/411
f 407/1/407 408/1/408 412/1/412
f 408/1/408 413/1/413 412/1/412
f 408/1/408 409/1/409 413/1/413
f 409/1/409 387/1/387 413/1/413
f 409/1/409 382/1/382 387/1/387
f 339/1/339 414/1/414 345/1/345
f 339/1/339 410/1/410 414/1/414
f 410/1/410 415/1/415 414/1/414
f 410/1/410 411/1/411 415/1/415
f 411/1/411 416/1/416 415/1/415
f 411/1/411 412/1/412 416/1/416
f 412/1/412 417/1/417 416/1/416
f 412/1/412 413/1/413 417/1/417
f 413/1/413 392/1/392 417/1/417
f 413/1/413 387/1/387 392/1/392
f 345/1/345 418/1/418 351/1/351
f 345/1/345 414/1/414 418/1/418
f 414/1/414 419/1/419 418/1/418
f 414/1/414 415/1/415 419/1/419
f 415/1/415 420/1/420 419/1/419
f 415/1/415 416/1/416 420/1/420
f 416/1/416 421/1/421 420/1/420
f 416/1/416 417/1/417 421/1/421
f 417/1/417 397/1/397 421/1/421
f 417/1/417 392/1/392 397/1/397
f 346/1/346 423/1/423 422/1/422
f 346/1/346 347/1/347 423/1/423
f 347/1/347 424/1/424 423/1/423
f 347/1/347 348/1/348 424/1/424
f 348/1/348 425/1/425 424/1/424
f 348/1/348 349/1/349 425/1/425
f 349/1/349 426/1/426 425/1/425
f 349/1/349 350/1/350 426/1/426
f 350/1/350 427/1/427 426/1/426
f 350/1/350 351/1/351 427/1/427
f 422/1/422 429/1/429 428/1/428
f 422/1/422 423/1/423 429/1/429
f 423/1/423 430/1/430 429/1/429
f 423/1/423 424/1/424 430/1/430
f 424/1/424 431/1/431 430/1/430
f 424/1/424 425/1/425 431/1/431
f 425/1/425 432/1/432 431/1/431
f 425/1/425 426/1/426 432/1/432
f 426/1/426 433/1/433 432/1/432
f 426/1/426 427/1/427 433/1/433
f 428/1/428 435/1/435 434/1/434
f 428/1/428 429/1/429 435/1/435
f 429/1/429 436/1/436 435/1/435
f 429/1/429 430/1/430 436/1/436
f 430/1/430 437/1/437 436/1/436
f 430/1/430 431/1/431 437/1/437
f 431/1/431 438/1/438 437/1/437
f 431/1/431 432/1/432 438/1/438
f 432/1/432 439/1/439 438/1/438
f 432/1/432 433/1/433 439/1/439
f 434/1/434 441/1/441 440/1/440
f 434/1/434 435/1/435 441/1/441
f 435/1/435 442/1/442 441/1/441
f 435/1/435 436/1/436 442/1/442
f 436/1/436 443/1/443 442/1/442
f 436/1/436 437/1/437 443/1/443
f 437/1/437 444/1/444 443/1/443
f 437/1/437 438/1/438 444/1/444
f 438/1/438 445/1/445 444/1/444
f 438/1/438 439/1/439 445/1/445
f 440/1/440 447/1/447 446/1/446
f 440/1/440 441/1/441 447/1/447
f 441/1/441 448/1/448 447/1/447
f 441/1/441 442/1/442 448/1/448
f 442/1/442 449/1/449 448/1/448
f 442/1/442 443/1/443 449/1/449
f 443/1/443 450/1/450 449/1/449
f 443/1/443 444/1/444 450/1/450
f 444/1/444 451/1/451 450/1/450
f 444/1/444 445/1/445 451/1/451
f 372/1/372 453/1/453 452/1/452
f 372/1/372 373/1/373 453/1/453
f 373/1/373 454/1/454 453/1/453
f 373/1/373 374/1/374 454/1/454
f 374/1/374 455/1/455 454/1/454
f 374/1/374 375/1/375 455/1/455
f 375/1/375 456/1/456 455/1/455
f 375/1/375 376/1/376 456/1/456
f 376/1/376 422/1/422 456/1/456
f 376/1/376 346/1/346 422/1/422
f 452/1/452 458/1/458 457/1/457
f 452/1/452 453/1/453 458/1/458
f 453/1/453 459/1/459 458/1/458
f 453/1/453 454/1/454 459/1/459
f 454/1/454 460/1/460 459/1/459
f 454/1/454 455/1/455 460/1/460
f 455/1/455 461/1/461 460/1/460
f 455/1/455 456/1/456 461/1/461
f 456/1/456 428/1/428 461/1/461
f 456/1/456 422/1/422 428/1/428
f 457/1/457 463/1/463 462/1/462
f 457/1/457 458/1/458 463/1/463
f 458/1/458 464/1/464 463/1/463
f 458/1/458 459/1/459 464/1/464
f 459/1/459 465/1/465 464/1/464
f 459/1/459 460/1/460 465/1/465
f 460/1/460 466/1/466 465/1/465
f 460/1/460 461/1/461 466/1/466
f 461/1/461 434/1/434 466/1/466
f 461/1/461 428/1/428 434/1/434
f 462/1/462 468/1/468 467/1/467
f 462/1/462 463/1/463 468/1/468
f 463/1/463 469/1/469 468/1/468
f 463/1/463 464/1/464 469/1/469
f 464/1/464 470/1/470 469/1/469
f 464/1/464 465/1/465 470/1/470
f 465/1/465 471/1/471 470/1/470
f 465/1/465 466/1/466 471/1/471
f 466/1/466 440/1/440 471/1/471
f 466/1/466 434/1/434 440/1/440
f 467/1/467 473/1/473 472/1/472
f 467/1/467 468/1/468 473/1/473
f 468/1/468 474/1/474 473/1/473
f 468/1/468 469/1/469 474/1/474
f 469/1/469 475/1/475 474/1/474
f 469/1/469 470/1/470 475/1/475
f 470/1/470 476/1/476 475/1/475
f 470/1/470 471/1/471 476/1/476
f 471/1/471 446/1/446 476/1/476
f 471/1/471 440/1/440 446/1/446
f 397/1/397 478/1/478 477/1/477
f 397/1/397 398/1/398 478/1/478
f 398/1/398 479/1/479 478/1/478
f 398/1/398 399/1/399 479/1/479
f 399/1/399 480/1/480 479/1/479
f 399/1/399 400/1/400 480/1/480
f 400/1/400 481/1/481 480/1/480
f 400/1/400 401/1/401 481/1/481
f 401/1/401 452/1/452 481/1/481
f 401/1/401 372/1/372 452/1/452
f 477/1/477 483/1/483 482/1/482
f 477/1/477 478/1/478 483/1/483
f 478/1/478 484/1/484 483/1/483
f 478/1/478 479/1/479 484/1/484
f 479/1/479 485/1/485 484/1/484
f 479/1/479 480/1/480 485/1/485
f 480/1/480 486/1/486 485/1/485
f 480/1/480 481/1/481 486/1/486
f 481/1/481 457/1/457 486/1/486
f 481/1/481 452/1/452 457/1/457
f 482/1/482 488/1/488 487/1/487
f 482/1/482 483/1/483 488/1/488
f 483/1/483 489/1/489 488/1/488
f 483/1/483 484/1/484 489/1/489
f 484/1/484 490/1/490 489/1/489
f 484/1/484 485/1/485 490/1/490
f 485/1/485 491/1/491 490/1/490
f 485/1/485 486/1/486 491/1/491
f 486/1/486 462/1/462 491/1/491
f 486/1/486 457/1/457 462/1/462
f 487/1/487 493/1/493 492/1/492
f 487/1/487 488/1/488 493/1/493
f 488/1/488 494/1/494 493/1/493
f 488/1/488 489/1/489 494/1/494
f 489/1/489 495/1/495 494/1/494
f 489/1/489 490/1/490 495/1/495
f 490/1/490 496/1/496 495/1/495
f 490/1/490 491/1/491 496/1/496
f 491/1/491 467/1/467 496/1/496
f 491/1/491 462/1/462 467/1/467
f 492/1/492 498/1/498 497/1/497
f 492/1/492 493/1/493 498/1/498
f 493/1/493 499/1/499 498/1/498
f 493/1/493 494/1/494 499/1/499
f 494/1/494 500/1/500 499/1/499
f 494/1/494 495/1/495 500/1/500
f 495/1/495 501/1/501 500/1/500
f 495/1/495 496/1/496 501/1/501
f 496/1/496 472/1/472 501/1/501
f 496/1/496 467/1/467 472/1/472
f 351/1/351 502/1/502 427/1/427
f 351/1/351 418/1/418 502/1/502
f 418/1/418 503/1/503 502/1/502
f 418/1/418 419/1/419 503/1/503
f 419/1/419 504/1/504 503/1/503
f 419/1/419 420/1/420 504/1/504
f 420/1/420 505/1/505 504/1/504
f 420/1/420 421/1/421 505/1/505
f 421/1/421 477/1/477 505/1/505
f 421/1/421 397/1/397 477/1/477
f 427/1/427 506/1/506 433/1/433
f 427/1/427 502/1/502 506/1/506
f 502/1/502 507/1/507 506/1/506
f 502/1/502 503/1/503 507/1/507
f 503/1/503 508/1/508 507/1/507
f 503/1/503 504/1/504 508/1/508
f 504/1/504 509/1/509 508/1/508
f 504/1/504 505/1/505 509/1/509
f 505/1/505 482/1/482 509/1/509
f 505/1/505 477/1/477 482/1/482
f 433/1/433 510/1/510 439/1/439
f 433/1/433 506/1/506 510/1/510
f 506/1/506 511/1/511 510/1/510
f 506/1/506 507/1/507 511/1/511
f 507/1/507 512/1/512 511/1/511
f 507/1/507 508/1/508 512/1/512
f 508/1/508 513/1/513 512/1/512
f 508/1/508 509/1/509 513/1/513
f 509/1/509 487/1/487 513/1/513
f 509/1/509 482/1/482 487/1/487
f 439/1/439 514/1/514 445/1/445
f 439/1/439 510/1/510 514/1/514
f 510/1/510 515/1/515 514/1/514
f 510/1/510 511/1/511 515/1/515
f 511/1/511 516/1/516 515/1/515
f 511/1/511 512/1/512 516/1/516
f 512/1/512 517/1/517 516/1/516
f 512/1/512 513/1/513 517/1/517
f 513/1/513 492/1/492 517/1/517
f 513/1/513 487/1/487 492/1/492
f 445/1/445 518/1/518 451/1/451
f 445/1/445 514/1/514 518/1/518
f 514/1/514 519/1/519 518/1/518
f 514/1/514 515/1/515 519/1/519
f 515/1/515 520/1/520 519/1/519
f 515/1/515 516/1/516 520/1/520
f 516/1/516 521/1/521 520/1/520
f 516/1/516 517/1/517 521/1/521
f 517/1/517 497/1/497 521/1/521
f 517/1/517 492/1/492 497/1/497
f 522/1/522 524/1/524 523/1/523
f 522/1/522 525/1/525 524/1/524
f 522/1/522 526/1/526 525/1/525
f 522/1/522 527/1/527 526/1/526
f 522/1/522 528/1/528 527/1/527
f 523/1/523 530/1/530 529/1/529
f 523/1/523 524/1/524 530/1/530
f 524/1/524 531/1/531 530/1/530
f 524/1/524 525/1/525 531/1/531
f 525/1/525 532/1/532 531/1/531
f 525/1/525 526/1/526 532/1/532
f 526/1/526 533/1/533 532/1/532
f 526/1/526 527/1/527 533/1/533
f 527/1/527 534/1/534 533/1/533
f 527/1/527 528/1/528 534/1/534
f 529/1/529 536/1/536 535/1/535
f 529/1/529 530/1/530 536/1/536
f 530/1/530 537/1/537 536/1/536
f 530/1/530 531/1/531 537/1/537
f 531/1/531 538/1/538 537/1/537
f 531/1/531 532/1/532 538/1/538
f 532/1/532 539/1/539 538/1/538
f 532/1/532 533/1/533 539/1/539
f 533/1/533 540/1/540 539/1/539
f 533/1/533 534/1/534 540/1/540
f 535/1/535 542/1/542 541/1/541
f 535/1/535 536/1/536 542/1/542
f 536/1/536 543/1/543 542/1/542
f 536/1/536 537/1/537 543/1/543
f 537/1/537 544/1/544 543/1/543
f 537/1/537 538/1/538 544/1/544
f 538/1/538 545/1/545 544/1/544
f 538/1/538 539/1/539 545/1/545
f 539/1/539 546/1/546 545/1/545
f 539/1/539 540/1/540 546/1/546
f 541/1/541 249/1/249 250/1/250
f 541/1/541 542/1/542 249/1/249
f 542/1/542 248/1/248 249/1/249
f 542/1/542 543/1/543 248/1/248
f 543/1/543 247/1/247 248/1/248
f 543/1/543 544/1/544 247/1/247
f 544/1/544 246/1/246 247/1/247
f 544/1/544 545/1/545 246/1/246
f 545/1/545 245/1/245 246/1/246
f 545/1/545 546/1/546 245/1/245
f 522/1/522 547/1/547 528/1/528
f 522/1/522 548/1/548 547/1/547
f 522/1/522 549/1/549 548/1/548
f 522/1/522 550/1/550 549/1/549
f 522/1/522 551/1/551 550/1/550
f 528/1/528 552/1/552 534/1/534
f 528/1/528 547/1/547 552/1/552
f 547/1/547 553/1/553 552/1/552
f 547/1/547 548/1/548 553/1/553
f 548/1/548 554/1/554 553/1/553
f 548/1/548 549/1/549 554/1/554
f 549/1/549 555/1/555 554/1/554
f 549/1/549 550/1/550 555/1/555
f 550/1/550 556/1/556 555/1/555
f 550/1/550 551/1/551 556/1/556
f 534/1/534 557/1/557 540/1/540
f 534/1/534 552/1/552 557/1/557
f 552/1/552 558/1/558 557/1/557
f 552/1/552 553/1/553 558/1/558
f 553/1/553 559/1/559 558/1/558
f 553/1/553 554/1/554 559/1/559
f 554/1/554 560/1/560 559/1/559
f 554/1/554 555/1/555 560/1/560
f 555/1/555 561/1/561 560/1/560
f 555/1/555 556/1/556 561/1/561
f 540/1/540 562/1/562 546/1/546
f 540/1/540 557/1/557 562/1/562
f 557/1/557 563/1/563 562/1/562
f 557/1/557 558/1/558 563/1/563
f 558/1/558 564/1/564 563/1/563
f 558/1/558 559/1/559 564/1/564
f 559/1/559 565/1/565 564/1/564
f 559/1/559 560/1/560 565/1/565
f 560/1/560 566/1/566 565/1/565
f 560/1/560 561/1/561 566/1/566
f 546/1/546 275/1/275 245/1/245
f 546/1/546 562/1/562 275/1/275
f 562/1/562 274/1/274 275/1/275
f 562/1/562 563/1/563 274/1/274
f 563/1/563 273/1/273 274/1/274
f 563/1/563 564/1/564 273/1/273
f 564/1/564 272/1/272 273/1/273
f 564/1/564 565/1/565 272/1/272
f 565/1/565 271/1/271 272/1/272
f 565/1/565 566/1/566 271/1/271
f 522/1/522 567/1/567 551/1/551
f 522/1/522 568/1/568 567/1/567
f 522/1/522 569/1/569 568/1/568
f 522/1/522 570/1/570 569/1/569
f 522/1/522 571/1/571 570/1/570
f 551/1/551 572/1/572 556/1/556
f 551/1/551 567/1/567 572/1/572
f 567/1/567 573/1/573 572/1/572
f 567/1/567 568/1/568 573/1/573
f 568/1/568 574/1/574 573/1/573
f 568/1/568 569/1/569 574/1/574
f 569/1/569 575/1/575 574/1/574
f 569/1/569 570/1/570 575/1/575
f 570/1/570 576/1/576 575/1/575
f 570/1/570 571/1/571 576/1/576
f 556/1/556 577/1/577 561/1/561
f 556/1/556 572/1/572 577/1/577
f 572/1/572 578/1/578 577/1/577
f 572/1/572 573/1/573 578/1/578
f 573/1/573 579/1/579 578/1/578
f 573/1/573 574/1/574 579/1/579
f 574/1/574 580/1/580 579/1/579
f 574/1/574 575/1/575 580/1/580
f 575/1/575 581/1/581 580/1/580
f 575/1/575 576/1/576 581/1/581
f 561/1/561 582/1/582 566/1/566
f 561/1/561 577/1/577 582/1/582
f 577/1/577 583/1/583 582/1/582
f 577/1/577 578/1/578 583/1/583
f 578/1/578 584/1/584 583/1/583
f 578/1/578 579/1/579 584/1/584
f 579/1/579 585/1/585 584/1/584
f 579/1/579 580/1/580 585/1/585
f 580/1/580 586/1/586 585/1/585
f 580/1/580 581/1/581 586/1/586
f 566/1/566 300/1/300 271/1/271
f 566/1/566 582/1/582 300/1/300
f 582/1/582 299/1/299 300/1/300
f 582/1/582 583/1/583 299/1/299
f 583/1/583 298/1/298 299/1/299
f 583/1/583 584/1/584 298/1/298
f 584/1/584 297/1/297 298/1/298
f 584/1/584 585/1/585 297/1/297
f 585/1/585 296/1/296 297/1/297
f 585/1/585 586/1/586 296/1/296
f 522/1/522 587/1/587 571/1/571
f 522/1/522 588/1/588 587/1/587
f 522/1/522 589/1/589 588/1/588
f 522/1/522 590/1/590 589/1/589
f 522/1/522 523/1/523 590/1/590
f 571/1/571 591/1/591 576/1/576
f 571/1/571 587/1/587 591/1/591
f 587/1/587 592/1/592 591/1/591
f 587/1/587 588/1/588 592/1/592
f 588/1/588 593/1/593 592/1/592
f 588/1/588 589/1/589 593/1/593
f 589/1/589 594/1/594 593/1/593
f 589/1/589 590/1/590 594/1/594
f 590/1/590 529/1/529 594/1/594
f 590/1/590 523/1/523 529/1/529
f 576/1/576 595/1/595 581/1/581
f 576/1/576 591/1/591 595/1/595
f 591/1/591 596/1/596 595/1/595
f 591/1/591 592/1/592 596/1/596
f 592/1/592 597/1/597 596/1/596
f 592/1/592 593/1/593 597/1/597
f 593/1/593 598/1/598 597/1/597
f 593/1/593 594/1/594 598/1/598
f 594/1/594 535/1/535 598/1/598
f 594/1/594 529/1/529 535/1/535
f 581/1/581 599/1/599 586/1/586
f 581/1/581 595/1/595 599/1/599
f 595/1/595 600/1/600 599/1/599
f 595/1/595 596/1/596 600/1/600
f 596/1/596 601/1/601 600/1/600
f 596/1/596 597/1/597 601/1/601
f 597/1/597 602/1/602 601/1/601
f 597/1/597 598/1/598 602/1/602
f 598/1/598 541/1/541 602/1/602
f 598/1/598 535/1/535 541/1/541
f 586/1/586 320/1/320 296/1/296
f 586/1/586 599/1/599 320/1/320
f 599/1/599 319/1/319 320/1/320
f 599/1/599 600/1/600 319/1/319
f 600/1/600 318/1/318 319/1/319
f 600/1/600 601/1/601 318/1/318
f 601/1/601 317/1/317 318/1/318
f 601/1/601 602/1/602 317/1/317
f 602/1/602 250/1/250 317/1/317
f 602/1/602 541/1/541 250/1/250
f 603/1/603 610/1/610 609/1/609
f 603/1/603 604/1/604 610/1/610
f 604/1/604 611/1/611 610/1/610
f 604/1/604 605/1/605 611/1/611
f 605/1/605 612/1/612 611/1/611
f 605/1/605 606/1/606 612/1/612
f 606/1/606 613/1/613 612/1/612
f 606/1/606 607/1/607 613/1/613
f 607/1/607 614/1/614 613/1/613
f 607/1/607 608/1/608 614/1/614
f 609/1/609 616/1/616 615/1/615
f 609/1/609 610/1/610 616/1/616
f 610/1/610 617/1/617 616/1/616
f 610/1/610 611/1/611 617/1/617
f 611/1/611 618/1/618 617/1/617
f 611/1/611 612/1/612 618/1/618
f 612/1/612 619/1/619 618/1/618
f 612/1/612 613/1/613 619/1/619
f 613/1/613 620/1/620 619/1/619
f 613/1/613 614/1/614 620/1/620
f 615/1/615 622/1/622 621/1/621
f 615/1/615 616/1/616 622/1/622
f 616/1/616 623/1/623 622/1/622
f 616/1/616 617/1/617 623/1/623
f 617/1/617 624/1/624 623/1/623
f 617/1/617 618/1/618 624/1/624
f 618/1/618 625/1/625 624/1/624
f 618/1/618 619/1/619 625/1/625
f 619/1/619 626/1/626 625/1/625
f 619/1/619 620/1/620 626/1/626
f 621/1/621 628/1/628 627/1/627
f 621/1/621 622/1/622 628/1/628
f 622/1/622 629/1/629 628/1/628
f 622/1/622 623/1/623 629/1/629
f 623/1/623 630/1/630 629/1/629
f 623/1/623 624/1/624 630/1/630
f 624/1/624 631/1/631 630/1/630
f 624/1/624 625/1/625 631/1/631
f 625/1/625 632/1/632 631/1/631
f 625/1/625 626/1/626 632/1/632
f 627/1/627 634/1/634 633/1/633
f 627/1/627 628/1/628 634/1/634
f 628/1/628 635/1/635 634/1/634
f 628/1/628 629/1/629 635/1/635
f 629/1/629 636/1/636 635/1/635
f 629/1/629 630/1/630 636/1/636
f 630/1/630 637/1/637 636/1/636
f 630/1/630 631/1/631 637/1/637
f 631/1/631 638/1/638 637/1/637
f 631/1/631 632/1/632 638/1/638
f 603/1/603 609/1/609 643/1/643
f 603/1/603 643/1/643 639/1/639
f 639/1/639 643/1/643 644/1/644
f 639/1/639 644/1/644 640/1/640
f 640/1/640 644/1/644 645/1/645
f 640/1/640 645/1/645 641/1/641
f 641/1/641 645/1/645 646/1/646
f 641/1/641 646/1/646 642/1/642
f 642/1/642 646/1/646 614/1/614
f 642/1/642 614/1/614 608/1/608
f 609/1/609 615/1/615 647/1/647
f 609/1/609 647/1/647 643/1/643
f 643/1/643 647/1/647 648/1/648
f 643/1/643 648/1/648 644/1/644
f 644/1/644 648/1/648 649/1/649
f 644/1/644 649/1/649 645/1/645
f 645/1/645 649/1/649 650/1/650
f 645/1/645 650/1/650 646/1/646
f 646/1/646 650/1/650 620/1/620
f 646/1/646 620/1/620 614/1/614
f 615/1/615 621/1/621 651/1/651
f 615/1/615 651/1/651 647/1/647
f 647/1/647 651/1/651 652/1/652
f 647/1/647 652/1/652 648/1/648
f 648/1/648 652/1/652 653/1/653
f 648/1/648 653/1/653 649/1/649
f 649/1/649 653/1/653 654/1/654
f 649/1/649 654/1/654 650/1/650
f 650/1/650 654/1/654 626/1/626
f 650/1/650 626/1/626 620/1/620
f 621/1/621 627/1/627 655/1/655
f 621/1/621 655/1/655 651/1/651
f 651/1/651 655/1/655 656/1/656
f 651/1/651 656/1/656 652/1/652
f 652/1/652 656/1/656 657/1/657
f 652/1/652 657/1/657 653/1/653
f 653/1/653 657/1/657 658/1/658
f 653/1/653 658/1/658 654/1/654
f 654/1/654 658/1/658 632/1/632
f 654/1/654 632/1/632 626/1/626
f 627/1/627 633/1/633 659/1/659
f 627/1/627 659/1/659 655/1/655
f 655/1/655 659/1/659 660/1/660
f 655/1/655 660/1/660 656/1/656
f 656/1/656 660/1/660 661/1/661
f 656/1/656 661/1/661 657/1/657
f 657/1/657 661/1/661 662/1/662
f 657/1/657 662/1/662 658/1/658
f 658/1/658 662/1/662 638/1/638
f 658/1/658 638/1/638 632/1/632
f 633/1/633 664/1/664 663/1/663
f 633/1/633 634/1/634 664/1/664
f 634/1/634 665/1/665 664/1/664
f 634/1/634 635/1/635 665/1/665
f 635/1/635 666/1/666 665/1/665
f 635/1/635 636/1/636 666/1/666
f 636/1/636 667/1/667 666/1/666
f 636/1/636 637/1/637 667/1/667
f 637/1/637 668/1/668 667/1/667
f 637/1/637 638/1/638 668/1/668
f 663/1/663 670/1/670 669/1/669
f 663/1/663 664/1/664 670/1/670
f 664/1/664 671/1/671 670/1/670
f 664/1/664 665/1/665 671/1/671
f 665/1/665 672/1/672 671/1/671
f 665/1/665 666/1/666 672/1/672
f 666/1/666 673/1/673 672/1/672
f 666/1/666 667/1/667 673/1/673
f 667/1/667 674/1/674 673/1/673
f 667/1/667 668/1/668 674/1/674
f 669/1/669 676/1/676 675/1/675
f 669/1/669 670/1/670 676/1/676
f 670/1/670 677/1/677 676/1/676
f 670/1/670 671/1/671 677/1/677
f 671/1/671 678/1/678 677/1/677
f 671/1/671 672/1/672 678/1/678
f 672/1/672 679/1/679 678/1/678
f 672/1/672 673/1/673 679/1/679
f 673/1/673 680/1/680 679/1/679
f 673/1/673 674/1/674 680/1/680
f 675/1/675 682/1/682 681/1/681
f 675/1/675 676/1/676 682/1/682
f 676/1/676 683/1/683 682/1/682
f 676/1/676 677/1/677 683/1/683
f 677/1/677 684/1/684 683/1/683
f 677/1/677 678/1/678 684/1/684
f 678/1/678 685/1/685 684/1/684
f 678/1/678 679/1/679 685/1/685
f 679/1/679 686/1/686 685/1/685
f 679/1/679 680/1/680 686/1/686
f 681/1/681 688/1/688 687/1/687
f 681/1/681 682/1/682 688/1/688
f 682/1/682 689/1/689 688/1/688
f 682/1/682 683/1/683 689/1/689
f 683/1/683 690/1/690 689/1/689
f 683/1/683 684/1/684 690/1/690
f 684/1/684 691/1/691 690/1/690
f 684/1/684 685/1/685 691/1/691
f 685/1/685 692/1/692 691/1/691
f 685/1/685 686/1/686 692/1/692
f 633/1/633 663/1/663 693/1/693
f 633/1/633 693/1/693 659/1/659
f 659/1/659 693/1/693 694/1/694
f 659/1/659 694/1/694 660/1/660
f 660/1/660 694/1/694 695/1/695
f 660/1/660 695/1/695 661/1/661
f 661/1/661 695/1/695 696/1/696
f 661/1/661 696/1/696 662/1/662
f 662/1/662 696/1/696 668/1/668
f 662/1/662 668/1/668 638/1/638
f 663/1/663 669/1/669 697/1/697
f 663/1/663 697/1/697 693/1/693
f 693/1/693 697/1/697 698/1/698
f 693/1/693 698/1/698 694/1/694
f 694/1/694 698/1/698 699/1/699
f 694/1/694 699/1/699 695/1/695
f 695/1/695 699/1/699 700/1/700
f 695/1/695 700/1/700 696/1/696
f 696/1/696 700/1/700 674/1/674
f 696/1/696 674/1/674 668/1/668
f 669/1/669 675/1/675 701/1/701
f 669/1/669 701/1/701 697/1/697
f 697/1/697 701/1/701 702/1/702
f 697/1/697 702/1/702 698/1/698
f 698/1/698 702/1/702 703/1/703
f 698/1/698 703/1/703 699/1/699
f 699/1/699 703/1/703 704/1/704
f 699/1/699 704/1/704 700/1/700
f 700/1/700 704/1/704 680/1/680
f 700/1/700 680/1/680 674/1/674
f 675/1/675 681/1/681 705/1/705
f 675/1/675 705/1/705 701/1/701
f 701/1/701 705/1/705 706/1/706
f 701/1/701 706/1/706 702/1/702
f 702/1/702 706/1/706 707/1/707
f 702/1/702 707/1/707 703/1/703
f 703/1/703 707/1/707 708/1/708
f 703/1/703 708/1/708 704/1/704
f 704/1/704 708/1/708 686/1/686
f 704/1/704 686/1/686 680/1/680
f 681/1/681 687/1/687 709/1/709
f 681/1/681 709/1/709 705/1/705
f 705/1/705 709/1/709 710/1/710
f 705/1/705 710/1/710 706/1/706
f 706/1/706 710/1/710 711/1/711
f 706/1/706 711/1/711 707/1/707
f 707/1/707 711/1/711 712/1/712
f 707/1/707 712/1/712 708/1/708
f 708/1/708 712/1/712 692/1/692
f 708/1/708 692/1/692 686/1/686
f 713/1/713 720/1/720 719/1/719
f 713/1/713 714/1/714 720/1/720
f 714/1/714 721/1/721 720/1/720
f 714/1/714 715/1/715 721/1/721
f 715/1/715 722/1/722 721/1/721
f 715/1/715 716/1/716 722/1/722
f 716/1/716 723/1/723 722/1/722
f 716/1/716 717/1/717 723/1/723
f 717/1/717 724/1/724 723/1/723
f 717/1/717 718/1/718 724/1/724
f 719/1/719 726/1/726 725/1/725
f 719/1/719 720/1/720 726/1/726
f 720/1/720 727/1/727 726/1/726
f 720/1/720 721/1/721 727/1/727
f 721/1/721 728/1/728 727/1/727
f 721/1/721 722/1/722 728/1/728
f 722/1/722 729/1/729 728/1/728
f 722/1/722 723/1/723 729/1/729
f 723/1/723 730/1/730 729/1/729
f 723/1/723 724/1/724 730/1/730
f 725/1/725 732/1/732 731/1/731
f 725/1/725 726/1/726 732/1/732
f 726/1/726 733/1/733 732/1/732
f 726/1/726 727/1/727 733/1/733
f 727/1/727 734/1/734 733/1/733
f 727/1/727 728/1/728 734/1/734
f 728/1/728 735/1/735 734/1/734
f 728/1/728 729/1/729 735/1/735
f 729/1/729 736/1/736 735/1/735
f 729/1/729 730/1/730 736/1/736
f 731/1/731 738/1/738 737/1/737
f 731/1/731 732/1/732 738/1/738
f 732/1/732 739/1/739 738/1/738
f 732/1/732 733/1/733 739/1/739
f 733/1/733 740/1/740 739/1/739
f 733/1/733 734/1/734 740/1/740
f 734/1/734 741/1/741 740/1/740
f 734/1/734 735/1/735 741/1/741
f 735/1/735 742/1/742 741/1/741
f 735/1/735 736/1/736 742/1/742
f 737/1/737 744/1/744 743/1/743
f 737/1/737 738/1/738 744/1/744
f 738/1/738 745/1/745 744/1/744
f 738/1/738 739/1/739 745/1/745
f 739/1/739 746/1/746 745/1/745
f 739/1/739 740/1/740 746/1/746
f 740/1/740 747/1/747 746/1/746
f 740/1/740 741/1/741 747/1/747
f 741/1/741 748/1/748 747/1/747
f 741/1/741 742/1/742 748/1/748
f 713/1/713 719/1/719 753/1/753
f 713/1/713 753/1/753 749/1/749
f 749/1/749 753/1/753 754/1/754
f 749/1/749 754/1/754 750/1/750
f 750/1/750 754/1/754 755/1/755
f 750/1/750 755/1/755 751/1/751
f 751/1/751 755/1/755 756/1/756
f 751/1/751 756/1/756 752/1/752
f 752/1/752 756/1/756 724/1/724
f 752/1/752 724/1/724 718/1/718
f 719/1/719 725/1/725 757/1/757
f 719/1/719 757/1/757 753/1/753
f 753/1/753 757/1/757 758/1/758
f 753/1/753 758/1/758 754/1/754
f 754/1/754 758/1/758 759/1/759
f 754/1/754 759/1/759 755/1/755
f 755/1/755 759/1/759 760/1/760
f 755/1/755 760/1/760 756/1/756
f 756/1/756 760/1/760 730/1/730
f 756/1/756 730/1/730 724/1/724
f 725/1/725 731/1/731 761/1/761
f 725/1/725 761/1/761 757/1/757
f 757/1/757 761/1/761 762/1/762
f 757/1/757 762/1/762 758/1/758
f 758/1/758 762/1/762 763/1/763
f 758/1/758 763/1/763 759/1/759
f 759/1/759 763/1/763 764/1/764
f 759/1/759 764/1/764 760/1/760
f 760/1/760 764/1/764 736/1/736
f 760/1/760 736/1/736 730/1/730
f 731/1/731 737/1/737 765/1/765
f 731/1/731 765/1/765 761/1/761
f 761/1/761 765/1/765 766/1/766
f 761/1/761 766/1/766 762/1/762
f 762/1/762 766/1/766 767/1/767
f 762/1/762 767/1/767 763/1/763
f 763/1/763 767/1/767 768/1/768
f 763/1/763 768/1/768 764/1/764
f 764/1/764 768/1/768 742/1/742
f 764/1/764 742/1/742 736/1/736
f 737/1/737 743/1/743 769/1/769
f 737/1/737 769/1/769 765/1/765
f 765/1/765 769/1/769 770/1/770
f 765/1/765 770/1/770 766/1/766
f 766/1/766 770/1/770 771/1/771
f 766/1/766 771/1/771 767/1/767
f 767/1/767 771/1/771 772/1/772
f 767/1/767 772/1/772 768/1/768
f 768/1/768 772/1/772 748/1/748
f 768/1/768 748/1/748 742/1/742
f 743/1/743 774/1/774 773/1/773
f 743/1/743 744/1/744 774/1/774
f 744/1/744 775/1/775 774/1/774
f 744/1/744 745/1/745 775/1/775
f 745/1/745 776/1/776 775/1/775
f 745/1/745 746/1/746 776/1/776
f 746/1/746 777/1/777 776/1/776
f 746/1/746 747/1/747 777/1/777
f 747/1/747 778/1/778 777/1/777
f 747/1/747 748/1/748 778/1/778
f 773/1/773 780/1/780 779/1/779
f 773/1/773 774/1/774 780/1/780
f 774/1/774 781/1/781 780/1/780
f 774/1/774 775/1/775 781/1/781
f 775/1/775 782/1/782 781/1/781
f 775/1/775 776/1/776 782/1/782
f 776/1/776 783/1/783 782/1/782
f 776/1/776 777/1/777 783/1/783
f 777/1/777 784/1/784 783/1/783
f 777/1/777 778/1/778 784/1/784
f 779/1/779 786/1/786 785/1/785
f 779/1/779 780/1/780 786/1/786
f 780/1/780 787/1/787 786/1/786
f 780/1/780 781/1/781 787/1/787
f 781/1/781 788/1/788 787/1/787
f 781/1/781 782/1/782 788/1/788
f 782/1/782 789/1/789 788/1/788
f 782/1/782 783/1/783 789/1/789
f 783/1/783 790/1/790 789/1/789
f 783/1/783 784/1/784 790/1/790
f 785/1/785 792/1/792 791/1/791
f 785/1/785 786/1/786 792/1/792
f 786/1/786 793/1/793 792/1/792
f 786/1/786 787/1/787 793/1/793
f 787/1/787 794/1/794 793/1/793
f 787/1/787 788/1/788 794/1/794
f 788/1/788 795/1/795 794/1/794
f 788/1/788 789/1/789 795/1/795
f 789/1/789 796/1/796 795/1/795
f 789/1/789 790/1/790 796/1/796
f 791/1/791 798/1/798 797/1/797
f 791/1/791 792/1/792 798/1/798
f 792/1/792 799/1/799 798/1/798
f 792/1/792 793/1/793 799/1/799
f 793/1/793 800/1/800 799/1/799
f 793/1/793 794/1/794 800/1/800
f 794/1/794 801/1/801 800/1/800
f 794/1/794 795/1/795 801/1/801
f 795/1/795 802/1/802 801/1/801
f 795/1/795 796/1/796 802/1/802
f 743/1/743 773/1/773 803/1/803
f 743/1/743 803/1/803 769/1/769
f 769/1/769 803/1/803 804/1/804
f 769/1/769 804/1/804 770/1/770
f 770/1/770 804/1/804 805/1/805
f 770/1/770 805/1/805 771/1/771
f 771/1/771 805/1/805 806/1/806
f 771/1/771 806/1/806 772/1/772
f 772/1/772 806/1/806 778/1/778
f 772/1/772 778/1/778 748/1/748
f 773/1/773 779/1/779 807/1/807
f 773/1/773 807/1/807 803/1/803
f 803/1/803 807/1/807 808/1/808
f 803/1/803 808/1/808 804/1/804
f 804/1/804 808/1/808 809/1/809
f 804/1/804 809/1/809 805/1/805
f 805/1/805 809/1/809 810/1/810
f 805/1/805 810/1/810 806/1/806
f 806/1/806 810/1/810 784/1/784
f 806/1/806 784/1/784 778/1/778
f 779/1/779 785/1/785 811/1/811
f 779/1/779 811/1/811 807/1/807
f 807/1/807 811/1/811 812/1/812
f 807/1/807 812/1/812 808/1/808
f 808/1/808 812/1/812 813/1/813
f 808/1/808 813/1/813 809/1/809
f 809/1/809 813/1/813 814/1/814
f 809/1/809 814/1/814 810/1/810
f 810/1/810 814/1/814 790/1/790
f 810/1/810 790/1/790 784/1/784
f 785/1/785 791/1/791 815/1/815
f 785/1/785 815/1/815 811/1/811
f 811/1/811 815/1/815 816/1/816
f 811/1/811 816/1/816 812/1/812
f 812/1/812 816/1/816 817/1/817
f 812/1/812 817/1/817 813/1/813
f 813/1/813 817/1/817 818/1/818
f 813/1/813 818/1/818 814/1/814
f 814/1/814 818/1/818 796/1/796
f 814/1/814 796/1/796 790/1/790
f 791/1/791 797/1/797 819/1/819
f 791/1/791 819/1/819 815/1/815
f 815/1/815 819/1/819 820/1/820
f 815/1/815 820/1/820 816/1/816
f 816/1/816 820/1/820 821/1/821
f 816/1/816 821/1/821 817/1/817
f 817/1/817 821/1/821 822/1/822
f 817/1/817 822/1/822 818/1/818
f 818/1/818 822/1/822 802/1/802
f 818/1/818 802/1/802 796/1/796
