// The Silead GSL3680 firmware for the Guition JC8012P4A1C's 10.1" glass.
//
// The GSL3680 is a RAM-loaded touch controller: it has no flash of its own, so
// the kernel's driver (native/moy_input/moy_touchdev.c) uploads this over I2C
// after every reset. The table is the panel vendor's, transcribed by
// tools/gen_gsl_fw.py from the GSLX680_FW[] array in the factory demo Guition
// publishes for this exact glass (esp_lcd_gsl3680.h; provenance in
// THIRD_PARTY.md). It is PANEL-specific -- the sensor geometry is in here -- so
// it lives in the board tree, not beside the driver.
//
// Format: 4587 records of 5 bytes, <BI -- the register offset, then the 32-bit
// value little-endian. An offset of 0xF0 is a page select and is written as ONE
// byte (the low byte of the value), every other offset as all four; the driver
// knows that rule, this file does not.

#include <stddef.h>
#include <stdint.h>

const uint8_t moy_gsl_fw[] = {
    0xf0, 0x02, 0x00, 0x00, 0x00, 0x00, 0x00, 0x00, 0x00, 0x00, 0x04, 0x00, 0x00, 0x00, 0x00,
    0x08, 0x00, 0x00, 0x00, 0x00, 0x0c, 0x00, 0x00, 0x00, 0x00, 0x10, 0x00, 0x00, 0x00, 0x00,
    0x14, 0x00, 0x00, 0x00, 0x00, 0x18, 0x00, 0x00, 0x00, 0x00, 0x1c, 0x00, 0x00, 0x00, 0x00,
    0x20, 0x00, 0x00, 0x00, 0x00, 0x24, 0x00, 0x00, 0x00, 0x00, 0x28, 0x00, 0x00, 0x00, 0x00,
    0x2c, 0x00, 0x00, 0x00, 0x00, 0x30, 0x00, 0x00, 0x00, 0x00, 0x34, 0x00, 0x00, 0x00, 0x00,
    0x38, 0x00, 0x00, 0x00, 0x00, 0x3c, 0x00, 0x00, 0x00, 0x00, 0x40, 0x00, 0x00, 0x00, 0x00,
    0x44, 0x00, 0x00, 0x00, 0x00, 0x48, 0x00, 0x00, 0x00, 0x00, 0x4c, 0x00, 0x00, 0x00, 0x00,
    0x50, 0x00, 0x00, 0x00, 0x00, 0x54, 0x00, 0x00, 0x00, 0x00, 0x58, 0x00, 0x00, 0x00, 0x00,
    0x5c, 0x00, 0x00, 0x00, 0x00, 0x60, 0xb0, 0x00, 0x00, 0x00, 0x64, 0x0b, 0x00, 0x01, 0xf8,
    0x68, 0x14, 0x64, 0x06, 0x00, 0x6c, 0x0a, 0x02, 0x01, 0x10, 0x70, 0xff, 0x0f, 0x00, 0x00,
    0x74, 0x00, 0x00, 0x00, 0x00, 0x78, 0x00, 0x00, 0x00, 0x00, 0x7c, 0x1a, 0x0e, 0x1a, 0x0e,
    0xf0, 0x03, 0x00, 0x00, 0x00, 0x00, 0xd5, 0xc1, 0x0a, 0x93, 0x04, 0x00, 0x00, 0x00, 0x00,
    0x08, 0x00, 0x00, 0x00, 0x00, 0x0c, 0x00, 0x00, 0x00, 0x00, 0x10, 0x00, 0x00, 0x00, 0x00,
    0x14, 0x00, 0x00, 0x00, 0x00, 0x18, 0x00, 0x00, 0x00, 0x00, 0x1c, 0x00, 0x00, 0x00, 0x00,
    0x20, 0x00, 0x00, 0x00, 0x00, 0x24, 0x00, 0x51, 0x00, 0x00, 0x28, 0x00, 0x8e, 0x00, 0x00,
    0x2c, 0x00, 0x00, 0x00, 0x00, 0x30, 0x00, 0x00, 0x00, 0x00, 0x34, 0x00, 0x00, 0x00, 0x00,
    0x38, 0x00, 0x00, 0x00, 0x00, 0x3c, 0x00, 0x00, 0x00, 0x00, 0x40, 0x00, 0x00, 0x00, 0x00,
    0x44, 0x00, 0x00, 0x00, 0x00, 0x48, 0x00, 0x00, 0x00, 0x00, 0x4c, 0x00, 0x00, 0x00, 0x00,
    0x50, 0xcd, 0x00, 0x00, 0x00, 0x54, 0x8c, 0x00, 0x00, 0x00, 0x58, 0x00, 0x00, 0x00, 0x00,
    0x5c, 0x00, 0x00, 0x00, 0x00, 0x60, 0x00, 0x00, 0x00, 0x00, 0x64, 0x0a, 0xc0, 0x0a, 0x1a,
    0x68, 0x02, 0x00, 0x00, 0x00, 0x6c, 0x0f, 0x00, 0x00, 0x00, 0x70, 0x00, 0x00, 0x00, 0x00,
    0x74, 0xff, 0xff, 0xff, 0xff, 0x78, 0xec, 0xff, 0xff, 0xff, 0x7c, 0x00, 0x00, 0x00, 0x00,
    0xf0, 0x04, 0x00, 0x00, 0x00, 0x00, 0x00, 0x00, 0x00, 0x00, 0x04, 0x0b, 0x66, 0x01, 0x00,
    0x08, 0x64, 0x00, 0x00, 0x00, 0x0c, 0x00, 0x00, 0x00, 0x00, 0x10, 0x06, 0xff, 0x0c, 0xfe,
    0x14, 0x00, 0x00, 0xd0, 0x07, 0x18, 0x00, 0x00, 0x00, 0x00, 0x1c, 0x00, 0x00, 0x00, 0x00,
    0x20, 0x00, 0x00, 0x00, 0x00, 0x24, 0x00, 0x00, 0x00, 0x00, 0x28, 0x00, 0x00, 0x00, 0x00,
    0x2c, 0x00, 0x00, 0x00, 0x00, 0x30, 0x00, 0x00, 0x01, 0x00, 0x34, 0xff, 0x0f, 0x00, 0x00,
    0x38, 0x0a, 0x00, 0x00, 0x00, 0x3c, 0x58, 0x02, 0x00, 0x00, 0x40, 0x00, 0x00, 0x00, 0x00,
    0x44, 0x00, 0x0a, 0x02, 0x04, 0x48, 0x2c, 0x01, 0x14, 0x00, 0x4c, 0x03, 0x00, 0x04, 0xc0,
    0x50, 0x00, 0x00, 0x00, 0x00, 0x54, 0x03, 0x02, 0x01, 0x00, 0x58, 0x07, 0x06, 0x05, 0x04,
    0x5c, 0x0b, 0x0a, 0x09, 0x08, 0x60, 0x0f, 0x0e, 0x0d, 0x0c, 0x64, 0x13, 0x12, 0x11, 0x10,
    0x68, 0x17, 0x16, 0x15, 0x14, 0x6c, 0x1b, 0x1a, 0x19, 0x18, 0x70, 0x1f, 0x1e, 0x1d, 0x1c,
    0x74, 0x0a, 0x00, 0x14, 0x00, 0x78, 0x80, 0x80, 0x80, 0x80, 0x7c, 0xf4, 0x81, 0xa9, 0xcb,
    0xf0, 0x05, 0x00, 0x00, 0x00, 0x00, 0x00, 0x00, 0x00, 0x00, 0x04, 0x0a, 0x00, 0x00, 0x00,
    0x08, 0xb4, 0x00, 0x00, 0x00, 0x0c, 0x40, 0x40, 0x4d, 0x40, 0x10, 0x0a, 0x00, 0x00, 0x00,
    0x14, 0x00, 0x00, 0x00, 0x00, 0x18, 0xff, 0x0f, 0x00, 0x00, 0x1c, 0x02, 0x00, 0x17, 0x10,
    0x20, 0x00, 0x00, 0x11, 0x10, 0x24, 0x00, 0x00, 0x00, 0x00, 0x28, 0x00, 0x00, 0x00, 0x00,
    0x2c, 0x00, 0x04, 0x00, 0x00, 0x30, 0x80, 0x80, 0x80, 0x80, 0x34, 0x80, 0x80, 0x80, 0x80,
    0x38, 0x80, 0x80, 0x80, 0x80, 0x3c, 0x80, 0x80, 0x80, 0x80, 0x40, 0x80, 0x80, 0x80, 0x80,
    0x44, 0x80, 0x80, 0x80, 0x80, 0x48, 0x80, 0x80, 0x80, 0x80, 0x4c, 0x00, 0x80, 0x80, 0x80,
    0x50, 0xff, 0xff, 0xff, 0xff, 0x54, 0x00, 0x00, 0x00, 0x00, 0x58, 0x00, 0x00, 0x00, 0x00,
    0x5c, 0x00, 0x00, 0x00, 0x00, 0x60, 0x00, 0x00, 0x00, 0x00, 0x64, 0x00, 0x00, 0x00, 0x00,
    0x68, 0x00, 0x00, 0x00, 0x00, 0x6c, 0x00, 0x00, 0x00, 0x00, 0x70, 0x00, 0x00, 0x00, 0x00,
    0x74, 0x20, 0x02, 0x00, 0x00, 0x78, 0x1a, 0x00, 0x00, 0x00, 0x7c, 0x0e, 0x00, 0x00, 0x00,
    0xf0, 0x06, 0x00, 0x00, 0x00, 0x00, 0x1a, 0x00, 0x00, 0x00, 0x04, 0x00, 0x00, 0x00, 0x00,
    0x08, 0x0e, 0x00, 0x00, 0x00, 0x0c, 0x02, 0x04, 0x03, 0x04, 0x10, 0x32, 0x00, 0x00, 0x00,
    0x14, 0x0a, 0x01, 0x14, 0x14, 0x18, 0x01, 0x00, 0x00, 0x00, 0x1c, 0x01, 0x00, 0x00, 0x00,
    0x20, 0x04, 0x29, 0x00, 0x00, 0x24, 0x20, 0x03, 0x00, 0x00, 0x28, 0x00, 0x05, 0x00, 0x00,
    0x2c, 0x0b, 0x00, 0x01, 0xf8, 0x30, 0x05, 0x00, 0x01, 0xf8, 0x34, 0x03, 0x00, 0x00, 0x00,
    0x38, 0x03, 0x00, 0x00, 0x00, 0x3c, 0xff, 0x0f, 0x00, 0x00, 0x40, 0x00, 0x00, 0x00, 0x80,
    0x44, 0x18, 0x00, 0x18, 0x00, 0x48, 0xff, 0x0f, 0x00, 0x00, 0x4c, 0x02, 0x04, 0x04, 0x04,
    0x50, 0x01, 0x00, 0x02, 0x00, 0x54, 0x10, 0x0e, 0x00, 0x00, 0x58, 0x2c, 0x01, 0x0a, 0x00,
    0x5c, 0x10, 0x64, 0x80, 0x00, 0x60, 0x00, 0x08, 0x20, 0x10, 0x64, 0x00, 0x00, 0x00, 0x00,
    0x68, 0x00, 0x00, 0x00, 0x00, 0x6c, 0x00, 0x00, 0x00, 0x00, 0x70, 0x00, 0x00, 0x00, 0x00,
    0x74, 0x4a, 0x01, 0x00, 0x00, 0x78, 0x3c, 0x00, 0x0a, 0x00, 0x7c, 0x00, 0x00, 0x00, 0x00,
    0xf0, 0x07, 0x00, 0x00, 0x00, 0x00, 0x09, 0x00, 0x06, 0x01, 0x04, 0x0b, 0x02, 0x08, 0x03,
    0x08, 0x0d, 0x04, 0x0a, 0x05, 0x0c, 0x10, 0x06, 0x0c, 0x07, 0x10, 0x12, 0x08, 0x13, 0x09,
    0x14, 0x56, 0x34, 0x12, 0x00, 0x18, 0x00, 0x00, 0x00, 0x00, 0x1c, 0x78, 0x00, 0x0a, 0x00,
    0x20, 0x81, 0x10, 0x00, 0x00, 0x24, 0x10, 0x00, 0x08, 0xff, 0x28, 0x20, 0x01, 0x08, 0xff,
    0x2c, 0x40, 0x01, 0x08, 0xff, 0x30, 0x60, 0x01, 0x08, 0xff, 0x34, 0xf0, 0x00, 0x21, 0x00,
    0x38, 0xd0, 0x00, 0x1c, 0x00, 0x3c, 0xb0, 0x00, 0x17, 0x00, 0x40, 0x00, 0x00, 0x00, 0x00,
    0x44, 0x00, 0x00, 0x00, 0x00, 0x48, 0x00, 0x0d, 0x00, 0x40, 0x4c, 0x03, 0x0f, 0x0f, 0x32,
    0x50, 0x00, 0x00, 0x00, 0x00, 0x54, 0x04, 0x00, 0x00, 0x00, 0x58, 0x00, 0x00, 0x00, 0x00,
    0x5c, 0x01, 0x00, 0x0c, 0x00, 0x60, 0x0d, 0x00, 0x18, 0x00, 0x64, 0x19, 0x00, 0x19, 0x00,
    0x68, 0x00, 0x00, 0x00, 0x00, 0x6c, 0x00, 0x00, 0x0b, 0x00, 0x70, 0x00, 0x00, 0x0b, 0x00,
    0x74, 0x00, 0x00, 0x00, 0x00, 0x78, 0x45, 0x23, 0x01, 0x00, 0x7c, 0xab, 0x89, 0x67, 0x00,
    0xf0, 0x08, 0x00, 0x00, 0x00, 0x00, 0x2f, 0x22, 0x0f, 0x02, 0x04, 0x6f, 0x22, 0x4f, 0x22,
    0x08, 0xaf, 0x22, 0x8f, 0x22, 0x0c, 0xef, 0x22, 0xcf, 0x22, 0x10, 0x2f, 0x23, 0x0f, 0x23,
    0x14, 0x6f, 0x23, 0x4f, 0x23, 0x18, 0xf0, 0x41, 0x8f, 0x23, 0x1c, 0xf2, 0x41, 0xf1, 0x41,
    0x20, 0xf4, 0x41, 0xf3, 0x41, 0x24, 0xf6, 0x41, 0xf5, 0x41, 0x28, 0xf8, 0x41, 0xf7, 0x41,
    0x2c, 0xfa, 0x41, 0xf9, 0x41, 0x30, 0xfc, 0x71, 0xfb, 0x41, 0x34, 0x00, 0x00, 0x00, 0x00,
    0x38, 0x00, 0x00, 0x00, 0x00, 0x3c, 0x00, 0x00, 0x00, 0x00, 0x40, 0x07, 0x05, 0x03, 0x01,
    0x44, 0x00, 0x0d, 0x0b, 0x09, 0x48, 0x00, 0x00, 0x00, 0x00, 0x4c, 0x08, 0x06, 0x04, 0x02,
    0x50, 0x00, 0x0e, 0x0c, 0x0a, 0x54, 0x00, 0x00, 0x00, 0x00, 0x58, 0x05, 0x00, 0x06, 0x00,
    0x5c, 0x08, 0x00, 0x00, 0x00, 0x60, 0xc2, 0x01, 0x00, 0x00, 0x64, 0x01, 0x02, 0x00, 0x00,
    0x68, 0x04, 0x08, 0x00, 0x00, 0x6c, 0xcd, 0x00, 0x66, 0x00, 0x70, 0xcd, 0x00, 0x00, 0x00,
    0x74, 0x8c, 0x00, 0x00, 0x00, 0x78, 0x00, 0x00, 0x00, 0x00, 0x7c, 0x0e, 0x00, 0x00, 0x00,
    0xf0, 0x09, 0x00, 0x00, 0x00, 0x00, 0x94, 0x00, 0x08, 0xff, 0x04, 0x11, 0x00, 0x07, 0x00,
    0x08, 0x90, 0x00, 0x08, 0xff, 0x0c, 0x00, 0x00, 0x04, 0x00, 0x10, 0x68, 0x00, 0x08, 0xff,
    0x14, 0x00, 0x00, 0x03, 0x00, 0x18, 0x64, 0x00, 0x08, 0xff, 0x1c, 0x82, 0x25, 0x00, 0x01,
    0x20, 0x60, 0x00, 0x08, 0xff, 0x24, 0x00, 0x00, 0x20, 0x00, 0x28, 0x4c, 0x00, 0x08, 0xff,
    0x2c, 0xff, 0x7f, 0x19, 0x00, 0x30, 0xf0, 0xff, 0xff, 0xff, 0x34, 0x00, 0x00, 0x00, 0x00,
    0x38, 0xf0, 0xff, 0xff, 0xff, 0x3c, 0x00, 0x00, 0x00, 0x00, 0x40, 0xf0, 0xff, 0xff, 0xff,
    0x44, 0x00, 0x00, 0x00, 0x00, 0x48, 0xf0, 0xff, 0xff, 0xff, 0x4c, 0x00, 0x00, 0x00, 0x00,
    0x50, 0xf0, 0xff, 0xff, 0xff, 0x54, 0x00, 0x00, 0x00, 0x00, 0x58, 0xf0, 0xff, 0xff, 0xff,
    0x5c, 0x00, 0x00, 0x00, 0x00, 0x60, 0xf0, 0xff, 0xff, 0xff, 0x64, 0x00, 0x00, 0x00, 0x00,
    0x68, 0xf0, 0xff, 0xff, 0xff, 0x6c, 0x00, 0x00, 0x00, 0x00, 0x70, 0xf0, 0xff, 0xff, 0xff,
    0x74, 0x00, 0x00, 0x00, 0x00, 0x78, 0xf0, 0xff, 0xff, 0xff, 0x7c, 0x00, 0x00, 0x00, 0x00,
    0xf0, 0xe0, 0x00, 0x00, 0x00, 0x00, 0x00, 0x00, 0x00, 0x00, 0x04, 0x00, 0x00, 0x00, 0x00,
    0x08, 0x00, 0x00, 0x00, 0x00, 0x0c, 0x00, 0x00, 0x00, 0x00, 0x10, 0x00, 0x00, 0x00, 0x00,
    0x14, 0x00, 0x00, 0x00, 0x00, 0x18, 0x00, 0x00, 0x00, 0x00, 0x1c, 0x00, 0x00, 0x00, 0x00,
    0x20, 0x00, 0x00, 0x00, 0x00, 0x24, 0x00, 0x00, 0x00, 0x00, 0x28, 0x00, 0x00, 0x00, 0x00,
    0x2c, 0x00, 0x00, 0x00, 0x00, 0x30, 0x00, 0x00, 0x00, 0x00, 0x34, 0x00, 0x00, 0x00, 0x00,
    0x38, 0x00, 0x00, 0x00, 0x00, 0x3c, 0x00, 0x00, 0x00, 0x00, 0x40, 0xf4, 0x01, 0x64, 0x00,
    0x44, 0x64, 0x00, 0x64, 0x00, 0x48, 0x64, 0x00, 0x90, 0x01, 0x4c, 0x90, 0x01, 0x50, 0x00,
    0x50, 0x50, 0x00, 0x50, 0x00, 0x54, 0x50, 0x00, 0x2c, 0x01, 0x58, 0x2c, 0x01, 0x2c, 0x01,
    0x5c, 0x2c, 0x01, 0x3c, 0x00, 0x60, 0x14, 0x00, 0x64, 0x00, 0x64, 0x64, 0x00, 0x64, 0x00,
    0x68, 0x32, 0x00, 0x00, 0x00, 0x6c, 0x00, 0x00, 0x50, 0x00, 0x70, 0x00, 0x00, 0x00, 0x00,
    0x74, 0x00, 0x00, 0x00, 0x00, 0x78, 0x00, 0x00, 0x00, 0x00, 0x7c, 0x00, 0x00, 0x00, 0x00,
    0xf0, 0xe1, 0x00, 0x00, 0x00, 0x00, 0x00, 0x00, 0x00, 0x00, 0x04, 0x00, 0x00, 0x00, 0x00,
    0x08, 0x00, 0x00, 0x00, 0x00, 0x0c, 0x00, 0x00, 0x00, 0x00, 0x10, 0x00, 0x00, 0x00, 0x00,
    0x14, 0x00, 0x00, 0x00, 0x00, 0x18, 0x00, 0x00, 0x00, 0x00, 0x1c, 0x00, 0x00, 0x00, 0x00,
    0x20, 0x00, 0x00, 0x00, 0x00, 0x24, 0x00, 0x00, 0x00, 0x00, 0x28, 0x00, 0x00, 0x00, 0x00,
    0x2c, 0x00, 0x00, 0x00, 0x00, 0x30, 0x00, 0x00, 0x00, 0x00, 0x34, 0x00, 0x00, 0x00, 0x00,
    0x38, 0x00, 0x00, 0x00, 0x00, 0x3c, 0x00, 0x00, 0x00, 0x00, 0x40, 0x00, 0x00, 0x00, 0x00,
    0x44, 0x00, 0x00, 0x00, 0x00, 0x48, 0x00, 0x00, 0x00, 0x00, 0x4c, 0x00, 0x00, 0x00, 0x00,
    0x50, 0x02, 0x00, 0x00, 0x00, 0x54, 0x00, 0x00, 0x00, 0x00, 0x58, 0x00, 0x00, 0x00, 0x00,
    0x5c, 0x00, 0x00, 0x00, 0x00, 0x60, 0x00, 0x00, 0x00, 0x00, 0x64, 0x00, 0x00, 0x00, 0x00,
    0x68, 0x00, 0x00, 0x00, 0x00, 0x6c, 0x00, 0x00, 0x00, 0x00, 0x70, 0x00, 0x00, 0x00, 0x00,
    0x74, 0x00, 0x00, 0x00, 0x00, 0x78, 0x00, 0x00, 0x00, 0x00, 0x7c, 0x00, 0x00, 0x00, 0x00,
    0xf0, 0xe2, 0x00, 0x00, 0x00, 0x00, 0x00, 0x00, 0x00, 0x00, 0x04, 0x00, 0x00, 0x00, 0x00,
    0x08, 0x00, 0x00, 0x00, 0x00, 0x0c, 0x00, 0x00, 0x00, 0x00, 0x10, 0x00, 0x00, 0x00, 0x00,
    0x14, 0x00, 0x00, 0x00, 0x00, 0x18, 0x00, 0x00, 0x00, 0x00, 0x1c, 0x00, 0x00, 0x00, 0x00,
    0x20, 0x00, 0x00, 0x00, 0x00, 0x24, 0x00, 0x00, 0x00, 0x00, 0x28, 0x00, 0x00, 0x00, 0x00,
    0x2c, 0x00, 0x00, 0x00, 0x00, 0x30, 0x00, 0x00, 0x00, 0x00, 0x34, 0x00, 0x00, 0x00, 0x00,
    0x38, 0x00, 0x00, 0x00, 0x00, 0x3c, 0x00, 0x00, 0x00, 0x00, 0x40, 0x00, 0x00, 0x00, 0x00,
    0x44, 0x00, 0x00, 0x00, 0x00, 0x48, 0x00, 0x00, 0x00, 0x00, 0x4c, 0x00, 0x00, 0x00, 0x00,
    0x50, 0x00, 0x00, 0x00, 0x00, 0x54, 0x00, 0x00, 0x00, 0x00, 0x58, 0x00, 0x00, 0x00, 0x00,
    0x5c, 0x00, 0x00, 0x00, 0x00, 0x60, 0x00, 0x00, 0x00, 0x00, 0x64, 0x00, 0x00, 0x00, 0x00,
    0x68, 0x00, 0x00, 0x00, 0x00, 0x6c, 0x00, 0x00, 0x00, 0x00, 0x70, 0x00, 0x00, 0x00, 0x00,
    0x74, 0x00, 0x00, 0x00, 0x00, 0x78, 0x00, 0x00, 0x00, 0x00, 0x7c, 0x00, 0x00, 0x00, 0x00,
    0xf0, 0xe3, 0x00, 0x00, 0x00, 0x00, 0x00, 0x00, 0x00, 0x00, 0x04, 0x00, 0x00, 0x00, 0x00,
    0x08, 0x00, 0x00, 0x00, 0x00, 0x0c, 0x00, 0x00, 0x00, 0x00, 0x10, 0x00, 0x00, 0x00, 0x00,
    0x14, 0x00, 0x00, 0x00, 0x00, 0x18, 0x00, 0x00, 0x00, 0x00, 0x1c, 0x00, 0x00, 0x00, 0x00,
    0x20, 0x00, 0x00, 0x00, 0x00, 0x24, 0x00, 0x00, 0x00, 0x00, 0x28, 0x00, 0x00, 0x00, 0x00,
    0x2c, 0x00, 0x00, 0x00, 0x00, 0x30, 0x00, 0x00, 0x00, 0x00, 0x34, 0x00, 0x00, 0x00, 0x00,
    0x38, 0x00, 0x00, 0x00, 0x00, 0x3c, 0x00, 0x00, 0x00, 0x00, 0x40, 0x00, 0x00, 0x00, 0x00,
    0x44, 0x00, 0x00, 0x00, 0x00, 0x48, 0x00, 0x00, 0x00, 0x00, 0x4c, 0x00, 0x00, 0x00, 0x00,
    0x50, 0x00, 0x00, 0x00, 0x00, 0x54, 0x00, 0x00, 0x00, 0x00, 0x58, 0x00, 0x00, 0x00, 0x00,
    0x5c, 0x00, 0x00, 0x00, 0x00, 0x60, 0x00, 0x00, 0x00, 0x00, 0x64, 0x00, 0x00, 0x00, 0x00,
    0x68, 0x00, 0x00, 0x00, 0x00, 0x6c, 0x00, 0x00, 0x00, 0x00, 0x70, 0x00, 0x00, 0x00, 0x00,
    0x74, 0x00, 0x00, 0x00, 0x00, 0x78, 0x00, 0x00, 0x00, 0x00, 0x7c, 0x00, 0x00, 0x00, 0x00,
    0xf0, 0xe4, 0x00, 0x00, 0x00, 0x00, 0x00, 0x00, 0x00, 0x00, 0x04, 0x00, 0x00, 0x00, 0x00,
    0x08, 0x00, 0x00, 0x00, 0x00, 0x0c, 0x00, 0x00, 0x00, 0x00, 0x10, 0x00, 0x00, 0x00, 0x00,
    0x14, 0x00, 0x00, 0x00, 0x00, 0x18, 0x00, 0x00, 0x00, 0x00, 0x1c, 0x00, 0x00, 0x00, 0x00,
    0x20, 0x00, 0x00, 0x00, 0x00, 0x24, 0x00, 0x00, 0x00, 0x00, 0x28, 0x00, 0x00, 0x00, 0x00,
    0x2c, 0x00, 0x00, 0x00, 0x00, 0x30, 0x00, 0x00, 0x00, 0x00, 0x34, 0x00, 0x00, 0x00, 0x00,
    0x38, 0x00, 0x00, 0x00, 0x00, 0x3c, 0x00, 0x00, 0x00, 0x00, 0x40, 0x00, 0x00, 0x00, 0x00,
    0x44, 0x00, 0x00, 0x00, 0x00, 0x48, 0x00, 0x00, 0x00, 0x00, 0x4c, 0x00, 0x00, 0x00, 0x00,
    0x50, 0x00, 0x00, 0x00, 0x00, 0x54, 0x00, 0x00, 0x00, 0x00, 0x58, 0x00, 0x00, 0x00, 0x00,
    0x5c, 0x00, 0x00, 0x00, 0x00, 0x60, 0x00, 0x00, 0x00, 0x00, 0x64, 0x00, 0x00, 0x00, 0x00,
    0x68, 0x00, 0x00, 0x00, 0x00, 0x6c, 0x00, 0x00, 0x00, 0x00, 0x70, 0x00, 0x00, 0x00, 0x00,
    0x74, 0x00, 0x00, 0x00, 0x00, 0x78, 0x00, 0x00, 0x00, 0x00, 0x7c, 0x00, 0x00, 0x00, 0x00,
    0xf0, 0xe5, 0x00, 0x00, 0x00, 0x00, 0x00, 0x00, 0x00, 0x00, 0x04, 0x00, 0x00, 0x00, 0x00,
    0x08, 0x00, 0x00, 0x00, 0x00, 0x0c, 0x00, 0x00, 0x00, 0x00, 0x10, 0x00, 0x00, 0x00, 0x00,
    0x14, 0x00, 0x00, 0x00, 0x00, 0x18, 0x00, 0x00, 0x00, 0x00, 0x1c, 0x00, 0x00, 0x00, 0x00,
    0x20, 0x00, 0x00, 0x00, 0x00, 0x24, 0x00, 0x00, 0x00, 0x00, 0x28, 0x00, 0x00, 0x00, 0x00,
    0x2c, 0x00, 0x00, 0x00, 0x00, 0x30, 0x00, 0x00, 0x00, 0x00, 0x34, 0x00, 0x00, 0x00, 0x00,
    0x38, 0x00, 0x00, 0x00, 0x00, 0x3c, 0x00, 0x00, 0x00, 0x00, 0x40, 0x00, 0x00, 0x00, 0x00,
    0x44, 0x00, 0x00, 0x00, 0x00, 0x48, 0x00, 0x00, 0x00, 0x00, 0x4c, 0x00, 0x00, 0x00, 0x00,
    0x50, 0x00, 0x00, 0x00, 0x00, 0x54, 0x00, 0x00, 0x00, 0x00, 0x58, 0x00, 0x00, 0x00, 0x00,
    0x5c, 0x00, 0x00, 0x00, 0x00, 0x60, 0x00, 0x00, 0x00, 0x00, 0x64, 0x00, 0x00, 0x00, 0x00,
    0x68, 0x00, 0x00, 0x00, 0x00, 0x6c, 0x00, 0x00, 0x00, 0x00, 0x70, 0x00, 0x00, 0x00, 0x00,
    0x74, 0x00, 0x00, 0x00, 0x00, 0x78, 0x00, 0x00, 0x00, 0x00, 0x7c, 0x00, 0x00, 0x00, 0x00,
    0xf0, 0xe6, 0x00, 0x00, 0x00, 0x00, 0x00, 0x00, 0x00, 0x00, 0x04, 0x00, 0x00, 0x00, 0x00,
    0x08, 0x00, 0x00, 0x00, 0x00, 0x0c, 0x00, 0x00, 0x00, 0x00, 0x10, 0x00, 0x00, 0x00, 0x00,
    0x14, 0x00, 0x00, 0x00, 0x00, 0x18, 0x00, 0x00, 0x00, 0x00, 0x1c, 0x00, 0x00, 0x00, 0x00,
    0x20, 0x00, 0x00, 0x00, 0x00, 0x24, 0x00, 0x00, 0x00, 0x00, 0x28, 0x00, 0x00, 0x00, 0x00,
    0x2c, 0x00, 0x00, 0x00, 0x00, 0x30, 0x00, 0x00, 0x00, 0x00, 0x34, 0x00, 0x00, 0x00, 0x00,
    0x38, 0x00, 0x00, 0x00, 0x00, 0x3c, 0x00, 0x00, 0x00, 0x00, 0x40, 0x00, 0x00, 0x00, 0x00,
    0x44, 0x00, 0x00, 0x00, 0x00, 0x48, 0x00, 0x00, 0x00, 0x00, 0x4c, 0x00, 0x00, 0x00, 0x00,
    0x50, 0x00, 0x00, 0x00, 0x00, 0x54, 0x00, 0x00, 0x00, 0x00, 0x58, 0x00, 0x00, 0x00, 0x00,
    0x5c, 0x00, 0x00, 0x00, 0x00, 0x60, 0x00, 0x00, 0x00, 0x00, 0x64, 0x00, 0x00, 0x00, 0x00,
    0x68, 0x00, 0x00, 0x00, 0x00, 0x6c, 0x00, 0x00, 0x00, 0x00, 0x70, 0x00, 0x00, 0x00, 0x00,
    0x74, 0x00, 0x00, 0x00, 0x00, 0x78, 0x00, 0x00, 0x00, 0x00, 0x7c, 0x00, 0x00, 0x00, 0x00,
    0xf0, 0x1e, 0x00, 0x00, 0x00, 0x00, 0x00, 0x0f, 0x5a, 0x5a, 0x04, 0xdc, 0x2b, 0x00, 0x00,
    0x08, 0x50, 0x2c, 0x00, 0x00, 0x0c, 0xd0, 0x2c, 0x00, 0x00, 0x10, 0x10, 0x2e, 0x00, 0x00,
    0x14, 0x0c, 0x2f, 0x00, 0x00, 0x18, 0xc0, 0x30, 0x00, 0x00, 0x1c, 0x54, 0x32, 0x00, 0x00,
    0x20, 0x70, 0x32, 0x00, 0x00, 0x24, 0x18, 0x34, 0x00, 0x00, 0x28, 0x50, 0x35, 0x00, 0x00,
    0x2c, 0x00, 0x36, 0x00, 0x00, 0x30, 0x70, 0x39, 0x00, 0x00, 0x34, 0x70, 0x3a, 0x00, 0x00,
    0x38, 0xe8, 0x3c, 0x00, 0x00, 0x3c, 0x60, 0x3d, 0x00, 0x00, 0x40, 0xd8, 0x3d, 0x00, 0x00,
    0x44, 0x68, 0x3f, 0x00, 0x00, 0x48, 0x50, 0x42, 0x00, 0x00, 0x4c, 0x08, 0x46, 0x00, 0x00,
    0x50, 0x9c, 0x46, 0x00, 0x00, 0x54, 0x00, 0x47, 0x00, 0x00, 0x58, 0x74, 0x48, 0x00, 0x00,
    0x5c, 0x00, 0x00, 0x00, 0x00, 0x60, 0x00, 0x00, 0x00, 0x00, 0x64, 0x00, 0x00, 0x00, 0x00,
    0x68, 0x00, 0x00, 0x00, 0x00, 0x6c, 0x00, 0x00, 0x00, 0x00, 0x70, 0x00, 0x00, 0x00, 0x00,
    0x74, 0x00, 0x00, 0x00, 0x00, 0x78, 0x00, 0x00, 0x00, 0x00, 0x7c, 0x00, 0x00, 0x00, 0x00,
    0xf0, 0x1f, 0x00, 0x00, 0x00, 0x00, 0x00, 0x00, 0x00, 0x00, 0x04, 0x00, 0x00, 0x00, 0x00,
    0x08, 0x00, 0x00, 0x00, 0x00, 0x0c, 0x00, 0x00, 0x00, 0x00, 0x10, 0x00, 0x00, 0x00, 0x00,
    0x14, 0x00, 0x00, 0x00, 0x00, 0x18, 0x00, 0x00, 0x00, 0x00, 0x1c, 0x00, 0x00, 0x00, 0x00,
    0x20, 0x00, 0x00, 0x00, 0x00, 0x24, 0x00, 0x00, 0x00, 0x00, 0x28, 0x00, 0x00, 0x00, 0x00,
    0x2c, 0x00, 0x00, 0x00, 0x00, 0x30, 0x00, 0x00, 0x00, 0x00, 0x34, 0x00, 0x00, 0x00, 0x00,
    0x38, 0x00, 0x00, 0x00, 0x00, 0x3c, 0x70, 0x24, 0x00, 0x00, 0x40, 0x20, 0x26, 0x00, 0x00,
    0x44, 0x00, 0x00, 0x00, 0x00, 0x48, 0x00, 0x00, 0x00, 0x00, 0x4c, 0xa0, 0x26, 0x00, 0x00,
    0x50, 0x60, 0x27, 0x00, 0x00, 0x54, 0x00, 0x00, 0x00, 0x00, 0x58, 0x10, 0x28, 0x00, 0x00,
    0x5c, 0x00, 0x00, 0x00, 0x00, 0x60, 0x00, 0x00, 0x00, 0x00, 0x64, 0x44, 0x29, 0x00, 0x00,
    0x68, 0x00, 0x00, 0x00, 0x00, 0x6c, 0x00, 0x00, 0x00, 0x00, 0x70, 0x00, 0x00, 0x00, 0x00,
    0x74, 0x28, 0x2a, 0x00, 0x00, 0x78, 0x3c, 0x49, 0x00, 0x00, 0x7c, 0xfc, 0x0f, 0x5a, 0x5a,
    0xf0, 0x00, 0x00, 0x00, 0x00, 0x00, 0x00, 0x00, 0x00, 0x01, 0x04, 0x00, 0x00, 0x00, 0x01,
    0x08, 0x00, 0x00, 0x00, 0x01, 0x0c, 0xc0, 0xc0, 0x3f, 0x23, 0x10, 0x04, 0x60, 0x14, 0xa2,
    0x14, 0x00, 0x20, 0x10, 0xa4, 0x18, 0x00, 0x40, 0x24, 0xe4, 0x1c, 0xc0, 0xc0, 0x3f, 0x23,
    0x20, 0x10, 0x60, 0x14, 0xa2, 0x24, 0x3f, 0x00, 0x00, 0x25, 0x28, 0xff, 0xa3, 0x14, 0xa4,
    0x2c, 0x00, 0x40, 0x24, 0xe4, 0x30, 0x00, 0x00, 0x00, 0x01, 0x34, 0xe0, 0x20, 0x10, 0x82,
    0x38, 0x01, 0x00, 0x88, 0x81, 0x3c, 0x00, 0x00, 0x00, 0x01, 0x40, 0x00, 0x00, 0x00, 0x01,
    0x44, 0x0f, 0x20, 0x10, 0xa4, 0x48, 0x40, 0x00, 0xa0, 0xe4, 0x4c, 0x00, 0x00, 0x00, 0x01,
    0x50, 0x00, 0x00, 0x10, 0xa0, 0x54, 0x00, 0x00, 0x10, 0xa2, 0x58, 0x00, 0x00, 0x10, 0xa4,
    0x5c, 0x00, 0x00, 0x10, 0xa6, 0x60, 0x00, 0x00, 0x10, 0xa8, 0x64, 0x00, 0x00, 0x10, 0xaa,
    0x68, 0x00, 0x00, 0x10, 0xac, 0x6c, 0x00, 0x00, 0x10, 0xae, 0x70, 0x00, 0x00, 0x10, 0x90,
    0x74, 0x00, 0x00, 0x10, 0x92, 0x78, 0x00, 0x00, 0x10, 0x94, 0x7c, 0x00, 0x00, 0x10, 0x96,
    0xf0, 0x01, 0x00, 0x00, 0x00, 0x00, 0x00, 0x00, 0x10, 0x98, 0x04, 0x00, 0x00, 0x10, 0x9a,
    0x08, 0x00, 0x00, 0x10, 0x9c, 0x0c, 0x00, 0x00, 0x10, 0x9e, 0x10, 0x00, 0x00, 0x10, 0x84,
    0x14, 0x00, 0x00, 0x00, 0x01, 0x18, 0x00, 0x00, 0x00, 0x01, 0x1c, 0x00, 0x00, 0x10, 0x82,
    0x20, 0x01, 0x00, 0x90, 0x81, 0x24, 0x00, 0x00, 0x10, 0x82, 0x28, 0x01, 0x00, 0x98, 0x81,
    0x2c, 0x00, 0x00, 0x80, 0x81, 0x30, 0x00, 0x00, 0x00, 0x01, 0x34, 0x00, 0x00, 0x00, 0x01,
    0x38, 0x00, 0x00, 0x00, 0x01, 0x3c, 0xfc, 0x2c, 0x10, 0xbc, 0x40, 0xf8, 0x2c, 0x10, 0x9c,
    0x44, 0x00, 0x00, 0x00, 0x01, 0x48, 0x00, 0x00, 0x00, 0x01, 0x4c, 0x40, 0x10, 0x00, 0x27,
    0x50, 0x0f, 0xe0, 0x14, 0xa6, 0x54, 0x40, 0x00, 0xa0, 0xe6, 0x58, 0x00, 0x00, 0x00, 0x01,
    0x5c, 0x09, 0x03, 0x00, 0x40, 0x60, 0x00, 0x00, 0x00, 0x01, 0x64, 0x00, 0x00, 0x00, 0x01,
    0x68, 0xff, 0xff, 0xbf, 0x10, 0x6c, 0x00, 0x00, 0x00, 0x01, 0x70, 0x84, 0x96, 0x16, 0x03,
    0x74, 0x53, 0x60, 0x10, 0x82, 0x78, 0x4d, 0x69, 0x29, 0x03, 0x7c, 0x70, 0x62, 0x10, 0x82,
    0xf0, 0x1a, 0x00, 0x00, 0x00, 0x00, 0x98, 0xbf, 0xe3, 0x9d, 0x04, 0x10, 0x00, 0x00, 0x40,
    0x08, 0x00, 0x00, 0x00, 0x01, 0x0c, 0x07, 0x00, 0x00, 0x40, 0x10, 0x00, 0x00, 0x00, 0x01,
    0x14, 0x34, 0x03, 0x00, 0x40, 0x18, 0x00, 0x00, 0x00, 0x01, 0x1c, 0x15, 0x00, 0x00, 0x40,
    0x20, 0x00, 0x00, 0x00, 0x01, 0x24, 0xfe, 0xff, 0xbf, 0x30, 0x28, 0x01, 0x20, 0x10, 0x82,
    0x2c, 0x00, 0x40, 0x90, 0x81, 0x30, 0x00, 0x00, 0x00, 0x01, 0x34, 0x00, 0x00, 0x00, 0x01,
    0x38, 0x00, 0x00, 0x00, 0x01, 0x3c, 0x08, 0xe0, 0xc3, 0x81, 0x40, 0x00, 0x00, 0x00, 0x01,
    0x44, 0x08, 0x00, 0x00, 0x03, 0x48, 0x42, 0x63, 0x10, 0x82, 0x4c, 0x00, 0x40, 0x80, 0xa3,
    0x50, 0x04, 0x00, 0x00, 0x03, 0x54, 0x00, 0x60, 0x10, 0x82, 0x58, 0x00, 0x40, 0x98, 0x81,
    0x5c, 0x00, 0x00, 0x00, 0x01, 0x60, 0x00, 0x00, 0x00, 0x01, 0x64, 0x00, 0x00, 0x00, 0x01,
    0x68, 0x08, 0xe0, 0xc3, 0x81, 0x6c, 0x00, 0x00, 0x00, 0x01, 0x70, 0x00, 0x00, 0x00, 0x01,
    0x74, 0x00, 0x00, 0x00, 0x01, 0x78, 0x00, 0x00, 0x00, 0x01, 0x7c, 0x00, 0x00, 0x80, 0xa7,
    0xf0, 0x1b, 0x00, 0x00, 0x00, 0x00, 0x00, 0x00, 0x00, 0x01, 0x04, 0x00, 0x00, 0x00, 0x01,
    0x08, 0x00, 0x00, 0x00, 0x01, 0x0c, 0x08, 0xe0, 0xc3, 0x81, 0x10, 0x00, 0x00, 0x00, 0x01,
    0x14, 0x00, 0x20, 0xa2, 0x80, 0x18, 0x06, 0x00, 0x80, 0x02, 0x1c, 0x00, 0x00, 0x00, 0x01,
    0x20, 0x00, 0x00, 0x00, 0x01, 0x24, 0xff, 0x3f, 0x82, 0x90, 0x28, 0xfe, 0xff, 0xbf, 0x12,
    0x2c, 0x00, 0x00, 0x00, 0x01, 0x30, 0x08, 0xe0, 0xc3, 0x81, 0x34, 0x00, 0x00, 0x00, 0x01,
    0x38, 0x00, 0x00, 0x00, 0x01, 0x3c, 0x40, 0x10, 0x00, 0x05, 0x40, 0x0f, 0xa0, 0x10, 0x84,
    0x44, 0x40, 0x00, 0xa0, 0xc4, 0x48, 0x00, 0x00, 0x00, 0x01, 0x4c, 0x08, 0xe0, 0xc3, 0x81,
    0x50, 0x00, 0x00, 0x00, 0x01, 0x54, 0xc8, 0xbe, 0xe3, 0x9d, 0x58, 0xff, 0x7f, 0x06, 0xb2,
    0x5c, 0x18, 0x00, 0x10, 0x96, 0x60, 0x2c, 0xbf, 0x27, 0xf2, 0x64, 0x28, 0xbf, 0x27, 0xc0,
    0x68, 0x00, 0x20, 0x10, 0x98, 0x6c, 0xf8, 0xbf, 0x07, 0xb0, 0x70, 0x30, 0x3f, 0x06, 0xd4,
    0x74, 0x34, 0x3f, 0x06, 0xda, 0x78, 0x0a, 0x00, 0x10, 0xb8, 0x7c, 0xff, 0x3f, 0x03, 0x98,
    0xf0, 0x1c, 0x00, 0x00, 0x00, 0x00, 0xf8, 0x3f, 0x06, 0xb0, 0x04, 0x0d, 0x80, 0xa2, 0x80,
    0x08, 0x31, 0x00, 0x80, 0x16, 0x0c, 0x0d, 0x00, 0x10, 0xb6, 0x10, 0x02, 0xa0, 0x2a, 0xbb,
    0x14, 0x02, 0x60, 0x2b, 0x83, 0x18, 0x0b, 0x40, 0x07, 0xb2, 0x1c, 0x0b, 0x40, 0x00, 0xb4,
    0x20, 0x1d, 0xc0, 0x02, 0xde, 0x24, 0x1b, 0x00, 0xa7, 0x80, 0x28, 0x1c, 0x00, 0x80, 0x16,
    0x2c, 0x00, 0x00, 0x00, 0x01, 0x30, 0x00, 0x80, 0x06, 0xc2, 0x34, 0x0f, 0x40, 0xa0, 0x80,
    0x38, 0x05, 0x00, 0x80, 0x04, 0x3c, 0x1b, 0x00, 0xa7, 0x80, 0x40, 0xff, 0xff, 0x06, 0xb6,
    0x44, 0xf8, 0xff, 0xbf, 0x10, 0x48, 0xfc, 0xbf, 0x06, 0xb4, 0x4c, 0x13, 0x00, 0x80, 0x16,
    0x50, 0x1b, 0x00, 0xa7, 0x80, 0x54, 0x00, 0x80, 0x06, 0xc2, 0x58, 0x00, 0x40, 0x26, 0xc2,
    0x5c, 0x01, 0x20, 0x07, 0xb8, 0x60, 0x1b, 0x00, 0xa7, 0x80, 0x64, 0x0d, 0x00, 0x80, 0x16,
    0x68, 0x04, 0x60, 0x06, 0xb2, 0x6c, 0x00, 0x40, 0x06, 0xc2, 0x70, 0x0f, 0x40, 0xa0, 0x80,
    0x74, 0xfb, 0xff, 0xbf, 0x26, 0x78, 0x01, 0x20, 0x07, 0xb8, 0x7c, 0x1b, 0x00, 0xa7, 0x80,
    0xf0, 0x1d, 0x00, 0x00, 0x00, 0x00, 0x06, 0x00, 0x80, 0x16, 0x04, 0x00, 0x00, 0x00, 0x01,
    0x08, 0x00, 0x80, 0x26, 0xc2, 0x0c, 0xff, 0xff, 0x06, 0xb6, 0x10, 0xfc, 0xbf, 0x06, 0xb4,
    0x14, 0x1b, 0x00, 0xa7, 0x80, 0x18, 0xe4, 0xff, 0xbf, 0x12, 0x1c, 0x1b, 0x00, 0xa7, 0x80,
    0x20, 0x08, 0x20, 0x06, 0xb0, 0x24, 0xff, 0x3f, 0x07, 0x82, 0x28, 0x34, 0x3f, 0x26, 0xc2,
    0x2c, 0x30, 0x3f, 0x26, 0xd4, 0x30, 0x02, 0x20, 0x2f, 0x83, 0x34, 0x08, 0x20, 0x06, 0xb0,
    0x38, 0x01, 0xc0, 0x22, 0xde, 0x3c, 0x01, 0x20, 0x07, 0xba, 0x40, 0x30, 0x3f, 0x26, 0xfa,
    0x44, 0x34, 0x3f, 0x26, 0xda, 0x48, 0x02, 0x20, 0x03, 0x98, 0x4c, 0xff, 0x3f, 0xa3, 0x80,
    0x50, 0xc9, 0xff, 0xbf, 0x34, 0x54, 0x30, 0x3f, 0x06, 0xd4, 0x58, 0x08, 0xe0, 0xc7, 0x81,
    0x5c, 0x00, 0x00, 0xe8, 0x81, 0x60, 0x00, 0x00, 0x00, 0x00, 0x64, 0x00, 0x00, 0x00, 0x00,
    0x68, 0x00, 0x00, 0x00, 0x00, 0x6c, 0x00, 0x00, 0x00, 0x00, 0x70, 0x00, 0x00, 0x00, 0x00,
    0x74, 0x00, 0x00, 0x00, 0x00, 0x78, 0x00, 0x00, 0x00, 0x00, 0x7c, 0x00, 0x00, 0x00, 0x00,
    0xf0, 0x20, 0x00, 0x00, 0x00, 0x00, 0x00, 0x00, 0x58, 0x83, 0x04, 0xf0, 0x6f, 0x08, 0x82,
    0x08, 0x04, 0x60, 0x30, 0x83, 0x0c, 0x05, 0x60, 0xa0, 0x80, 0x10, 0x27, 0x00, 0x80, 0x02,
    0x14, 0x00, 0x00, 0x00, 0x01, 0x18, 0x06, 0x60, 0xa0, 0x80, 0x1c, 0x3c, 0x00, 0x80, 0x02,
    0x20, 0x00, 0x00, 0x00, 0x01, 0x24, 0x15, 0x60, 0xa0, 0x80, 0x28, 0x54, 0x00, 0x80, 0x02,
    0x2c, 0x00, 0x00, 0x00, 0x01, 0x30, 0x2a, 0x60, 0xa0, 0x80, 0x34, 0x90, 0x00, 0x80, 0x02,
    0x38, 0x00, 0x00, 0x00, 0x01, 0x3c, 0x18, 0x60, 0xa0, 0x80, 0x40, 0x85, 0x00, 0x80, 0x02,
    0x44, 0x00, 0x00, 0x00, 0x01, 0x48, 0x80, 0xc1, 0x3f, 0x07, 0x4c, 0x3c, 0xe0, 0x10, 0x86,
    0x50, 0x80, 0x96, 0x16, 0x05, 0x54, 0x02, 0x40, 0x00, 0x84, 0x58, 0x00, 0xc0, 0x20, 0xc4,
    0x5c, 0x00, 0xc0, 0x3f, 0x07, 0x60, 0x20, 0xe0, 0x10, 0x86, 0x64, 0x01, 0x20, 0x10, 0x84,
    0x68, 0x00, 0xc0, 0x20, 0xc4, 0x6c, 0x0c, 0x00, 0x00, 0x05, 0x70, 0x00, 0x00, 0x00, 0x01,
    0x74, 0x00, 0x00, 0x00, 0x01, 0x78, 0xff, 0xbf, 0x80, 0x84, 0x7c, 0xfe, 0xff, 0xbf, 0x12,
    0xf0, 0x21, 0x00, 0x00, 0x00, 0x00, 0x00, 0x00, 0x00, 0x01, 0x04, 0x00, 0x00, 0x00, 0x01,
    0x08, 0x00, 0xc0, 0x3f, 0x07, 0x0c, 0x20, 0xe0, 0x10, 0x86, 0x10, 0x00, 0x20, 0x10, 0x84,
    0x14, 0x00, 0xc0, 0x20, 0xc4, 0x18, 0x00, 0x00, 0x00, 0x01, 0x1c, 0x00, 0x00, 0x00, 0x01,
    0x20, 0x00, 0x40, 0xc4, 0x81, 0x24, 0x00, 0x80, 0xcc, 0x81, 0x28, 0x00, 0x00, 0x00, 0x01,
    0x2c, 0x00, 0x00, 0x50, 0xa7, 0x30, 0x02, 0xe0, 0x2c, 0xa9, 0x34, 0x01, 0xe0, 0x34, 0xa7,
    0x38, 0x14, 0xc0, 0x14, 0xa6, 0x3c, 0x07, 0xe0, 0x0c, 0xa6, 0x40, 0x00, 0x00, 0x90, 0x81,
    0x44, 0x00, 0x00, 0x00, 0x01, 0x48, 0x00, 0x00, 0x00, 0x01, 0x4c, 0x00, 0x00, 0xe0, 0x81,
    0x50, 0x00, 0xa0, 0x3b, 0xe0, 0x54, 0x08, 0xa0, 0x3b, 0xe4, 0x58, 0x10, 0xa0, 0x3b, 0xe8,
    0x5c, 0x18, 0xa0, 0x3b, 0xec, 0x60, 0x20, 0xa0, 0x3b, 0xf0, 0x64, 0x28, 0xa0, 0x3b, 0xf4,
    0x68, 0x30, 0xa0, 0x3b, 0xf8, 0x6c, 0x38, 0xa0, 0x3b, 0xfc, 0x70, 0x00, 0x00, 0xe8, 0x81,
    0x74, 0x00, 0xc0, 0x94, 0x81, 0x78, 0x00, 0x00, 0x00, 0x01, 0x7c, 0x00, 0x00, 0x00, 0x01,
    0xf0, 0x22, 0x00, 0x00, 0x00, 0x00, 0x00, 0x40, 0xc4, 0x81, 0x04, 0x00, 0x80, 0xcc, 0x81,
    0x08, 0x00, 0x00, 0x00, 0x01, 0x0c, 0x00, 0x00, 0x50, 0xa7, 0x10, 0x02, 0xe0, 0x34, 0xa9,
    0x14, 0x01, 0xe0, 0x2c, 0xa7, 0x18, 0x14, 0xc0, 0x14, 0xa6, 0x1c, 0x07, 0xe0, 0x0c, 0xa6,
    0x20, 0x00, 0x00, 0x90, 0x81, 0x24, 0x00, 0x00, 0x00, 0x01, 0x28, 0x00, 0x00, 0x00, 0x01,
    0x2c, 0x00, 0x00, 0xe8, 0x81, 0x30, 0x00, 0x00, 0xe8, 0x81, 0x34, 0x00, 0xa0, 0x1b, 0xe0,
    0x38, 0x08, 0xa0, 0x1b, 0xe4, 0x3c, 0x10, 0xa0, 0x1b, 0xe8, 0x40, 0x18, 0xa0, 0x1b, 0xec,
    0x44, 0x20, 0xa0, 0x1b, 0xf0, 0x48, 0x28, 0xa0, 0x1b, 0xf4, 0x4c, 0x30, 0xa0, 0x1b, 0xf8,
    0x50, 0x38, 0xa0, 0x1b, 0xfc, 0x54, 0x00, 0x00, 0xe0, 0x81, 0x58, 0x00, 0x00, 0xe0, 0x81,
    0x5c, 0x00, 0xc0, 0x94, 0x81, 0x60, 0x00, 0x00, 0x00, 0x01, 0x64, 0x00, 0x00, 0x00, 0x01,
    0x68, 0x00, 0x40, 0xc4, 0x81, 0x6c, 0x00, 0x80, 0xcc, 0x81, 0x70, 0x00, 0x00, 0x00, 0x01,
    0x74, 0x00, 0x00, 0x00, 0x01, 0x78, 0x10, 0x20, 0x10, 0x82, 0x7c, 0xc0, 0xc0, 0x3f, 0x27,
    0xf0, 0x23, 0x00, 0x00, 0x00, 0x00, 0x10, 0xe0, 0x14, 0xa6, 0x04, 0x00, 0xc0, 0x24, 0xc2,
    0x08, 0x00, 0x00, 0x00, 0x01, 0x0c, 0xc0, 0xc0, 0x3f, 0x03, 0x10, 0x04, 0x60, 0x10, 0x82,
    0x14, 0x00, 0x20, 0x10, 0xa6, 0x18, 0x00, 0x40, 0x20, 0xe6, 0x1c, 0x00, 0x00, 0x00, 0x01,
    0x20, 0x00, 0x00, 0x00, 0x01, 0x24, 0x00, 0x00, 0x00, 0x01, 0x28, 0x20, 0x20, 0x10, 0xa6,
    0x2c, 0x00, 0x00, 0x48, 0x83, 0x30, 0x13, 0x40, 0x10, 0x82, 0x34, 0x00, 0x40, 0x88, 0x81,
    0x38, 0x00, 0x00, 0x00, 0x01, 0x3c, 0x3a, 0x04, 0x00, 0x40, 0x40, 0x00, 0x00, 0x00, 0x01,
    0x44, 0x00, 0x00, 0x00, 0x01, 0x48, 0x00, 0x00, 0x00, 0x01, 0x4c, 0x00, 0x00, 0x50, 0xa7,
    0x50, 0x02, 0xe0, 0x34, 0xa9, 0x54, 0x01, 0xe0, 0x2c, 0xa7, 0x58, 0x14, 0xc0, 0x14, 0xa6,
    0x5c, 0x07, 0xe0, 0x0c, 0xa6, 0x60, 0x00, 0x00, 0x90, 0x81, 0x64, 0x00, 0x00, 0x00, 0x01,
    0x68, 0x00, 0x00, 0xe8, 0x81, 0x6c, 0x00, 0xa0, 0x1b, 0xe0, 0x70, 0x08, 0xa0, 0x1b, 0xe4,
    0x74, 0x10, 0xa0, 0x1b, 0xe8, 0x78, 0x18, 0xa0, 0x1b, 0xec, 0x7c, 0x20, 0xa0, 0x1b, 0xf0,
    0xf0, 0x24, 0x00, 0x00, 0x00, 0x00, 0x28, 0xa0, 0x1b, 0xf4, 0x04, 0x30, 0xa0, 0x1b, 0xf8,
    0x08, 0x38, 0xa0, 0x1b, 0xfc, 0x0c, 0x00, 0x00, 0xe0, 0x81, 0x10, 0x00, 0xc0, 0x94, 0x81,
    0x14, 0x00, 0x00, 0x00, 0x01, 0x18, 0x20, 0x20, 0x10, 0xa6, 0x1c, 0x00, 0x00, 0x48, 0x83,
    0x20, 0x13, 0x40, 0x28, 0x82, 0x24, 0x00, 0x40, 0x88, 0x81, 0x28, 0x00, 0x00, 0x00, 0x01,
    0x2c, 0xc0, 0xc0, 0x3f, 0x03, 0x30, 0x04, 0x60, 0x10, 0x82, 0x34, 0xff, 0x3f, 0x10, 0xa6,
    0x38, 0x00, 0x40, 0x20, 0xe6, 0x3c, 0x00, 0x00, 0x00, 0x01, 0x40, 0x00, 0x00, 0x00, 0x01,
    0x44, 0x00, 0x00, 0x00, 0x01, 0x48, 0x00, 0x40, 0xc4, 0x81, 0x4c, 0x00, 0x80, 0xcc, 0x81,
    0x50, 0x00, 0x00, 0x00, 0x01, 0x54, 0x80, 0x20, 0x10, 0x82, 0x58, 0xc0, 0xc0, 0x3f, 0x27,
    0x5c, 0x10, 0xe0, 0x14, 0xa6, 0x60, 0x00, 0xc0, 0x24, 0xc2, 0x64, 0x00, 0x00, 0x00, 0x01,
    0x68, 0x00, 0x40, 0xc4, 0x81, 0x6c, 0x00, 0x80, 0xcc, 0x81, 0x70, 0x00, 0x00, 0x00, 0x01,
    0x74, 0x00, 0x80, 0xc4, 0x81, 0x78, 0x04, 0xa0, 0xcc, 0x81, 0x7c, 0x00, 0x00, 0x00, 0x01,
    0xf0, 0x25, 0x00, 0x00, 0x00, 0x00, 0x00, 0xc2, 0x3f, 0x03, 0x04, 0xfc, 0x21, 0x00, 0xda,
    0x08, 0x8c, 0x60, 0x10, 0x92, 0x0c, 0x84, 0x60, 0x10, 0x96, 0x10, 0x88, 0x60, 0x10, 0x94,
    0x14, 0x0d, 0x00, 0x5a, 0x82, 0x18, 0x00, 0x60, 0xa3, 0x80, 0x1c, 0x03, 0x00, 0x80, 0x02,
    0x20, 0x00, 0x68, 0x00, 0x82, 0x24, 0x0c, 0x60, 0x30, 0x91, 0x28, 0x10, 0x20, 0x2a, 0x99,
    0x2c, 0x01, 0x20, 0x02, 0x82, 0x30, 0x04, 0x20, 0x2a, 0x9b, 0x34, 0x10, 0x60, 0x28, 0x83,
    0x38, 0x0d, 0x00, 0x03, 0x9a, 0x3c, 0x00, 0xc0, 0x22, 0xda, 0x40, 0x08, 0x40, 0x00, 0x82,
    0x44, 0x02, 0x60, 0x00, 0x82, 0x48, 0x00, 0x80, 0x22, 0xd8, 0x4c, 0x08, 0xe0, 0xc3, 0x81,
    0x50, 0x00, 0x40, 0x22, 0xc2, 0x54, 0x40, 0xc1, 0x3f, 0x1b, 0x58, 0x48, 0x60, 0x13, 0x82,
    0x5c, 0x00, 0x40, 0x10, 0xc2, 0x60, 0x03, 0x60, 0x00, 0x82, 0x64, 0x03, 0x60, 0x08, 0x82,
    0x68, 0x02, 0x60, 0x28, 0x83, 0x6c, 0x80, 0x60, 0x13, 0x9a, 0x70, 0x08, 0xe0, 0xc3, 0x81,
    0x74, 0x0d, 0x40, 0x00, 0xd0, 0x78, 0x00, 0x20, 0x10, 0x94, 0x7c, 0x00, 0x20, 0x10, 0x96,
    0xf0, 0x26, 0x00, 0x00, 0x00, 0x00, 0x02, 0xe0, 0x2a, 0x83, 0x04, 0xa4, 0x63, 0x00, 0xd2,
    0x08, 0x00, 0x20, 0x10, 0x98, 0x0c, 0x02, 0x20, 0x2b, 0x83, 0x10, 0x02, 0xa0, 0x2a, 0x9b,
    0x14, 0x0d, 0x00, 0x02, 0xda, 0x18, 0x01, 0x20, 0x03, 0x98, 0x1c, 0x01, 0x40, 0x22, 0xda,
    0x20, 0x05, 0x20, 0xa3, 0x80, 0x24, 0xfa, 0xff, 0xbf, 0x04, 0x28, 0x01, 0xa0, 0x02, 0x94,
    0x2c, 0x01, 0xe0, 0x02, 0x96, 0x30, 0x03, 0xe0, 0xa2, 0x80, 0x34, 0xf4, 0xff, 0xbf, 0x04,
    0x38, 0x02, 0xe0, 0x2a, 0x83, 0x3c, 0x08, 0xe0, 0xc3, 0x81, 0x40, 0x00, 0x00, 0x00, 0x01,
    0x44, 0x08, 0x00, 0x02, 0x82, 0x48, 0x08, 0x40, 0x00, 0x82, 0x4c, 0x02, 0x60, 0x32, 0x9b,
    0x50, 0x01, 0x40, 0x00, 0x82, 0x54, 0x0d, 0x40, 0x00, 0x82, 0x58, 0x02, 0x60, 0x28, 0x83,
    0x5c, 0x03, 0x60, 0x0a, 0x92, 0x60, 0x03, 0x60, 0x2a, 0x93, 0x64, 0xb0, 0x65, 0x00, 0xd0,
    0x68, 0x09, 0x00, 0x32, 0x91, 0x6c, 0x08, 0xe0, 0xc3, 0x81, 0x70, 0xff, 0x20, 0x0a, 0x90,
    0x74, 0x08, 0x00, 0x02, 0x9a, 0x78, 0x08, 0x40, 0x03, 0x9a, 0x7c, 0x02, 0x60, 0x32, 0x97,
    0xf0, 0x27, 0x00, 0x00, 0x00, 0x00, 0x0d, 0x40, 0x03, 0x9a, 0x04, 0x0b, 0x40, 0x03, 0x9a,
    0x08, 0x03, 0x60, 0x0a, 0x92, 0x0c, 0x02, 0x60, 0x2b, 0x9b, 0x10, 0x03, 0x60, 0x2a, 0x93,
    0x14, 0xff, 0x20, 0x10, 0x82, 0x18, 0xb0, 0x65, 0x03, 0xd8, 0x1c, 0x09, 0x40, 0x28, 0x83,
    0x20, 0x01, 0x00, 0x2b, 0x82, 0x24, 0x09, 0x80, 0x2a, 0x95, 0x28, 0x0a, 0x40, 0x10, 0x82,
    0x2c, 0xb0, 0x65, 0x23, 0xc2, 0x30, 0x02, 0x20, 0x2a, 0x91, 0x34, 0xa4, 0x23, 0x02, 0xda,
    0x38, 0x02, 0xe0, 0x2a, 0x97, 0x3c, 0x08, 0xe0, 0xc3, 0x81, 0x40, 0x0b, 0x40, 0x23, 0xc2,
    0x44, 0x05, 0x20, 0x10, 0x9a, 0x48, 0x0b, 0x20, 0x10, 0x82, 0x4c, 0x08, 0x40, 0x23, 0x9a,
    0x50, 0x08, 0x40, 0x20, 0x82, 0x54, 0x02, 0x60, 0x2b, 0x9b, 0x58, 0x05, 0x20, 0xa2, 0x80,
    0x5c, 0x07, 0x00, 0x80, 0x14, 0x60, 0x02, 0x60, 0x28, 0x99, 0x64, 0x00, 0xc2, 0x3f, 0x03,
    0x68, 0x0c, 0x60, 0x10, 0x82, 0x6c, 0x00, 0x40, 0x00, 0xc2, 0x70, 0x06, 0x00, 0x80, 0x10,
    0x74, 0x0d, 0x40, 0x30, 0x83, 0x78, 0x00, 0xc2, 0x3f, 0x03, 0x7c, 0x08, 0x60, 0x10, 0x82,
    0xf0, 0x28, 0x00, 0x00, 0x00, 0x00, 0x00, 0x40, 0x00, 0xc2, 0x04, 0x0c, 0x40, 0x30, 0x83,
    0x08, 0x08, 0xe0, 0xc3, 0x81, 0x0c, 0x0f, 0x60, 0x08, 0x90, 0x10, 0x30, 0xbf, 0xe3, 0x9d,
    0x14, 0x02, 0x20, 0x2e, 0xa1, 0x18, 0xda, 0x23, 0x14, 0xda, 0x1c, 0xd8, 0x23, 0x14, 0xd6,
    0x20, 0x7c, 0x24, 0x00, 0xc2, 0x24, 0x0d, 0xc0, 0x22, 0xb0, 0x28, 0x01, 0x40, 0x5b, 0x82,
    0x2c, 0x01, 0x60, 0x1e, 0xb2, 0x30, 0x01, 0x20, 0x86, 0x92, 0x34, 0x0c, 0x00, 0x80, 0x02,
    0x38, 0x19, 0x40, 0x00, 0x9a, 0x3c, 0x09, 0x00, 0x10, 0xb0, 0x40, 0x90, 0xbf, 0x07, 0x98,
    0x44, 0x0d, 0x40, 0x03, 0x82, 0x48, 0x01, 0x80, 0x16, 0xc2, 0x4c, 0x00, 0x00, 0x23, 0xc2,
    0x50, 0x7c, 0x24, 0x00, 0xc2, 0x54, 0x01, 0x40, 0x03, 0x9a, 0x58, 0xff, 0x3f, 0x86, 0xb0,
    0x5c, 0xfa, 0xff, 0xbf, 0x12, 0x60, 0x04, 0x20, 0x03, 0x98, 0x64, 0x5c, 0xfe, 0xff, 0x7f,
    0x68, 0x90, 0xbf, 0x07, 0x90, 0x6c, 0xea, 0x23, 0x14, 0xda, 0x70, 0xe8, 0x23, 0x14, 0xd6,
    0x74, 0x0b, 0x40, 0xa3, 0x80, 0x78, 0x00, 0x20, 0x10, 0x92, 0x7c, 0x0b, 0x00, 0x80, 0x18,
    0xf0, 0x29, 0x00, 0x00, 0x00, 0x00, 0x0d, 0x00, 0x10, 0xb0, 0x04, 0x02, 0x60, 0x2b, 0x83,
    0x08, 0x1e, 0x40, 0x00, 0x82, 0x0c, 0x90, 0x7f, 0x00, 0x98, 0x10, 0x00, 0x00, 0x03, 0xc2,
    0x14, 0x01, 0x20, 0x06, 0xb0, 0x18, 0x01, 0x40, 0x02, 0x92, 0x1c, 0x0b, 0x00, 0xa6, 0x80,
    0x20, 0xfc, 0xff, 0xbf, 0x08, 0x24, 0x04, 0x20, 0x03, 0x98, 0x28, 0x0d, 0xc0, 0x22, 0xb0,
    0x2c, 0x01, 0x20, 0x06, 0xb0, 0x30, 0x00, 0x00, 0x80, 0x81, 0x34, 0x00, 0x00, 0x00, 0x01,
    0x38, 0x00, 0x00, 0x00, 0x01, 0x3c, 0x00, 0x00, 0x00, 0x01, 0x40, 0x18, 0x40, 0x72, 0xb0,
    0x44, 0x08, 0xe0, 0xc7, 0x81, 0x48, 0x00, 0x00, 0xe8, 0x81, 0x4c, 0x00, 0xc2, 0x3f, 0x03,
    0x50, 0xa0, 0x60, 0x10, 0x96, 0x54, 0x00, 0x20, 0x10, 0x98, 0x58, 0x02, 0x20, 0x2b, 0x83,
    0x5c, 0x0c, 0x00, 0x03, 0x9a, 0x60, 0x00, 0x64, 0x13, 0xda, 0x64, 0x01, 0x20, 0x03, 0x98,
    0x68, 0x19, 0x20, 0xa3, 0x80, 0x6c, 0xfb, 0xff, 0xbf, 0x04, 0x70, 0x0b, 0x40, 0x20, 0xda,
    0x74, 0x08, 0xe0, 0xc3, 0x81, 0x78, 0x00, 0x00, 0x00, 0x01, 0x7c, 0x98, 0xbf, 0xe3, 0x9d,
    0xf0, 0x2a, 0x00, 0x00, 0x00, 0x00, 0x7c, 0x24, 0x00, 0xc2, 0x04, 0x01, 0x60, 0x30, 0x83,
    0x08, 0x01, 0x00, 0xa6, 0x80, 0x0c, 0x06, 0x00, 0x80, 0x1a, 0x10, 0x18, 0x00, 0x10, 0x90,
    0x14, 0xac, 0xff, 0xff, 0x7f, 0x18, 0x00, 0x00, 0x00, 0x01, 0x1c, 0x06, 0x00, 0x80, 0x10,
    0x20, 0x08, 0x00, 0x02, 0xb0, 0x24, 0xa8, 0xff, 0xff, 0x7f, 0x28, 0x01, 0x00, 0x26, 0x90,
    0x2c, 0x08, 0x00, 0x02, 0x90, 0x30, 0x01, 0x20, 0x02, 0xb0, 0x34, 0x08, 0xe0, 0xc7, 0x81,
    0x38, 0x00, 0x00, 0xe8, 0x81, 0x3c, 0x98, 0xbf, 0xe3, 0x9d, 0x40, 0x00, 0x20, 0x10, 0xa6,
    0x44, 0xd4, 0x23, 0x00, 0xc2, 0x48, 0x01, 0xc0, 0xa4, 0x80, 0x4c, 0x59, 0x00, 0x80, 0x1a,
    0x50, 0x48, 0x23, 0x00, 0xe2, 0x54, 0x00, 0x20, 0x10, 0xaa, 0x58, 0x7c, 0x24, 0x00, 0xc2,
    0x5c, 0x01, 0x40, 0xa5, 0x80, 0x60, 0x50, 0x00, 0x80, 0x3a, 0x64, 0x01, 0xe0, 0x04, 0xa6,
    0x68, 0x02, 0xe0, 0x2c, 0xa9, 0x6c, 0x18, 0x00, 0x00, 0x03, 0x70, 0xe0, 0x60, 0x10, 0x82,
    0x74, 0x01, 0x00, 0x05, 0xae, 0x78, 0xe1, 0xff, 0xff, 0x7f, 0x7c, 0x15, 0x00, 0x10, 0x90,
    0xf0, 0x2b, 0x00, 0x00, 0x00, 0x00, 0x08, 0x00, 0x10, 0xac, 0x04, 0x13, 0x00, 0x10, 0x90,
    0x08, 0x6f, 0xff, 0xff, 0x7f, 0x0c, 0x16, 0x00, 0x10, 0x92, 0x10, 0x00, 0x20, 0xa6, 0x80,
    0x14, 0x04, 0x00, 0x80, 0x12, 0x18, 0x08, 0x00, 0x10, 0xa0, 0x1c, 0x0b, 0x00, 0x80, 0x10,
    0x20, 0x00, 0x20, 0x10, 0xa0, 0x24, 0x4c, 0xff, 0xff, 0x7f, 0x28, 0x00, 0x00, 0x00, 0x01,
    0x2c, 0x08, 0x00, 0x10, 0x94, 0x30, 0x13, 0x00, 0x10, 0x90, 0x34, 0x97, 0xff, 0xff, 0x7f,
    0x38, 0x15, 0x00, 0x10, 0x92, 0x3c, 0x07, 0x20, 0xa6, 0x80, 0x40, 0x0f, 0x00, 0x80, 0x18,
    0x44, 0x08, 0x00, 0x10, 0xa4, 0x48, 0x11, 0x80, 0xa4, 0x80, 0x4c, 0x08, 0x00, 0x80, 0x04,
    0x50, 0x07, 0x20, 0x10, 0x9a, 0x54, 0x08, 0x20, 0x10, 0x9a, 0x58, 0x18, 0x40, 0x23, 0x9a,
    0x5c, 0x01, 0x20, 0x10, 0x82, 0x60, 0x0d, 0x40, 0x28, 0x83, 0x64, 0x01, 0x00, 0x2c, 0xa0,
    0x68, 0x07, 0x20, 0x10, 0x9a, 0x6c, 0x18, 0x40, 0x23, 0x9a, 0x70, 0x01, 0x20, 0x10, 0x82,
    0x74, 0x0d, 0x40, 0x28, 0x83, 0x78, 0x01, 0x00, 0x14, 0xa0, 0x7c, 0x09, 0x20, 0xa6, 0x80,
    0xf0, 0x2c, 0x00, 0x00, 0x00, 0x00, 0x0b, 0x00, 0x80, 0x02, 0x04, 0x08, 0x20, 0x1e, 0x82,
    0x08, 0x01, 0x00, 0xa0, 0x80, 0x0c, 0xff, 0x3f, 0x60, 0x9a, 0x10, 0x11, 0x80, 0xa4, 0x80,
    0x14, 0x03, 0x00, 0x80, 0x14, 0x18, 0x01, 0x20, 0x10, 0x82, 0x1c, 0x00, 0x20, 0x10, 0x82,
    0x20, 0x01, 0x40, 0x8b, 0x80, 0x24, 0x0f, 0x00, 0x80, 0x02, 0x28, 0x08, 0x20, 0xa6, 0x80,
    0x2c, 0x00, 0xc0, 0x05, 0xc2, 0x30, 0x11, 0x40, 0xa0, 0x80, 0x34, 0x03, 0x00, 0x80, 0x18,
    0x38, 0x11, 0x40, 0x20, 0x9a, 0x3c, 0x01, 0x40, 0x24, 0x9a, 0x40, 0x11, 0x80, 0xa4, 0x80,
    0x44, 0x03, 0x00, 0x80, 0x14, 0x48, 0x11, 0x80, 0x24, 0x82, 0x4c, 0x12, 0x40, 0x24, 0x82,
    0x50, 0x01, 0x40, 0xa3, 0x80, 0x54, 0x00, 0x20, 0x64, 0xa0, 0x58, 0x07, 0x00, 0x80, 0x10,
    0x5c, 0x00, 0x20, 0x10, 0xa4, 0x60, 0x06, 0x00, 0x80, 0x32, 0x64, 0x00, 0xc0, 0x25, 0xe4,
    0x68, 0xfe, 0x20, 0xa4, 0x80, 0x6c, 0x02, 0x00, 0x80, 0x24, 0x70, 0x01, 0x20, 0x04, 0xa0,
    0x74, 0x00, 0xc0, 0x25, 0xe4, 0x78, 0x16, 0x00, 0x10, 0x92, 0x7c, 0x10, 0x00, 0x10, 0x94,
    0xf0, 0x2d, 0x00, 0x00, 0x00, 0x00, 0x3d, 0xff, 0xff, 0x7f, 0x04, 0x13, 0x00, 0x10, 0x90,
    0x08, 0x01, 0x60, 0x05, 0xaa, 0x0c, 0x7c, 0x24, 0x00, 0xc2, 0x10, 0x01, 0x40, 0xa5, 0x80,
    0x14, 0xb6, 0xff, 0xbf, 0x0a, 0x18, 0x10, 0x20, 0x05, 0xa8, 0x1c, 0x01, 0xe0, 0x04, 0xa6,
    0x20, 0xd4, 0x23, 0x00, 0xc2, 0x24, 0x01, 0xc0, 0xa4, 0x80, 0x28, 0xac, 0xff, 0xbf, 0x0a,
    0x2c, 0x00, 0x20, 0x10, 0xaa, 0x30, 0x08, 0xe0, 0xc7, 0x81, 0x34, 0x00, 0x00, 0xe8, 0x81,
    0x38, 0x00, 0x20, 0x10, 0x98, 0x3c, 0x1e, 0x20, 0x10, 0x96, 0x40, 0x00, 0x20, 0xa2, 0x80,
    0x44, 0x03, 0x00, 0x80, 0x12, 0x48, 0x0c, 0x00, 0x10, 0x82, 0x4c, 0x0c, 0xc0, 0x22, 0x82,
    0x50, 0x02, 0x60, 0x28, 0x83, 0x54, 0x80, 0x64, 0x00, 0xda, 0x58, 0xf0, 0x7f, 0xa3, 0x80,
    0x5c, 0x06, 0x00, 0x80, 0x02, 0x60, 0x02, 0x20, 0x03, 0x98, 0x64, 0x84, 0x64, 0x00, 0xc2,
    0x68, 0x1f, 0x20, 0xa3, 0x80, 0x6c, 0xf5, 0xff, 0xbf, 0x04, 0x70, 0x00, 0x40, 0x23, 0xc2,
    0x74, 0x08, 0xe0, 0xc3, 0x81, 0x78, 0x00, 0x00, 0x00, 0x01, 0x7c, 0x98, 0xbf, 0xe3, 0x9d,
    0xf0, 0x2e, 0x00, 0x00, 0x00, 0x00, 0x08, 0x25, 0x00, 0xda, 0x04, 0x00, 0xc0, 0x3f, 0x03,
    0x08, 0x01, 0x40, 0x0b, 0x9a, 0x0c, 0x80, 0xc1, 0x3f, 0x17, 0x10, 0x20, 0x20, 0x20, 0x03,
    0x14, 0x80, 0x60, 0x10, 0x82, 0x18, 0x38, 0xe0, 0x12, 0x98, 0x1c, 0x00, 0x00, 0x23, 0xc2,
    0x20, 0x00, 0x80, 0x16, 0x03, 0x24, 0x01, 0x40, 0xa3, 0x80, 0x28, 0x00, 0xc0, 0x22, 0xc0,
    0x2c, 0x00, 0x20, 0x10, 0xa6, 0x30, 0x0b, 0x00, 0x80, 0x12, 0x34, 0x00, 0x20, 0x10, 0xa8,
    0x38, 0x3f, 0x00, 0x00, 0x03, 0x3c, 0x48, 0x25, 0x00, 0xda, 0x40, 0xff, 0x63, 0x10, 0x82,
    0x44, 0x01, 0x40, 0x0b, 0x9a, 0x48, 0x08, 0x25, 0x00, 0xd8, 0x4c, 0xc0, 0xff, 0x3f, 0x03,
    0x50, 0x01, 0x00, 0x0b, 0x98, 0x54, 0x0c, 0x40, 0x13, 0x9a, 0x58, 0x48, 0x25, 0x20, 0xda,
    0x5c, 0x00, 0x20, 0xa6, 0x80, 0x60, 0x2b, 0x00, 0x80, 0x16, 0x64, 0x56, 0x69, 0x29, 0x1b,
    0x68, 0x40, 0xc0, 0x3f, 0x1b, 0x6c, 0x48, 0x25, 0x00, 0xc2, 0x70, 0x0d, 0x40, 0x08, 0x82,
    0x74, 0x40, 0x80, 0x16, 0x1b, 0x78, 0x0d, 0x40, 0xa0, 0x80, 0x7c, 0x02, 0x00, 0x80, 0x22,
    0xf0, 0x2f, 0x00, 0x00, 0x00, 0x00, 0x01, 0x20, 0x10, 0xa6, 0x04, 0x54, 0x26, 0x00, 0xda,
    0x08, 0xdc, 0x21, 0x00, 0xc2, 0x0c, 0x01, 0x40, 0xa3, 0x80, 0x10, 0x1f, 0x00, 0x80, 0x1a,
    0x14, 0x56, 0x69, 0x29, 0x1b, 0x18, 0xa9, 0x96, 0x16, 0x03, 0x1c, 0x0c, 0x25, 0x00, 0xda,
    0x20, 0xa5, 0x61, 0x10, 0x82, 0x24, 0x01, 0x40, 0xa3, 0x80, 0x28, 0x06, 0x00, 0x80, 0x02,
    0x2c, 0x56, 0x69, 0x29, 0x03, 0x30, 0x5a, 0x62, 0x10, 0x82, 0x34, 0x01, 0x40, 0xa3, 0x80,
    0x38, 0x15, 0x00, 0x80, 0x12, 0x3c, 0x56, 0x69, 0x29, 0x1b, 0x40, 0x4c, 0x25, 0x00, 0xc2,
    0x44, 0x04, 0x60, 0x88, 0x80, 0x48, 0x02, 0x00, 0x80, 0x32, 0x4c, 0x01, 0x20, 0x10, 0xa8,
    0x50, 0x16, 0x00, 0x00, 0x11, 0x54, 0x17, 0x00, 0x00, 0x13, 0x58, 0x30, 0x23, 0x12, 0x90,
    0x5c, 0x56, 0x01, 0x00, 0x40, 0x60, 0x08, 0x62, 0x12, 0x92, 0x64, 0x18, 0x00, 0x00, 0x03,
    0x68, 0x60, 0x62, 0x10, 0x96, 0x6c, 0x00, 0x20, 0x10, 0x98, 0x70, 0x02, 0x20, 0x2b, 0x9b,
    0x74, 0x01, 0x20, 0x03, 0x98, 0x78, 0xb0, 0x65, 0x03, 0xc2, 0x7c, 0x17, 0x20, 0xa3, 0x80,
    0xf0, 0x30, 0x00, 0x00, 0x00, 0x00, 0xfc, 0xff, 0xbf, 0x08, 0x04, 0x0b, 0x40, 0x23, 0xc2,
    0x08, 0x56, 0x69, 0x29, 0x1b, 0x0c, 0x13, 0x00, 0xa0, 0x80, 0x10, 0x18, 0x00, 0x38, 0x82,
    0x14, 0x5a, 0x62, 0x13, 0xa4, 0x18, 0x00, 0x20, 0x40, 0x92, 0x1c, 0x1f, 0x60, 0x30, 0x83,
    0x20, 0xa9, 0x96, 0x16, 0x1b, 0x24, 0xa5, 0x61, 0x13, 0xa2, 0x28, 0x09, 0x40, 0x10, 0x90,
    0x2c, 0x4c, 0x25, 0x00, 0xde, 0x30, 0x48, 0x25, 0x00, 0xe0, 0x34, 0x00, 0x25, 0x10, 0x98,
    0x38, 0x0c, 0x25, 0x00, 0xc2, 0x3c, 0x50, 0x3a, 0x03, 0x96, 0x40, 0x0c, 0x25, 0x1b, 0x94,
    0x44, 0x12, 0x40, 0xa0, 0x80, 0x48, 0x07, 0x00, 0x80, 0x02, 0x4c, 0x11, 0x40, 0x18, 0x9a,
    0x50, 0x0d, 0x00, 0xa0, 0x80, 0x54, 0xff, 0x3f, 0x60, 0x82, 0x58, 0x09, 0x40, 0x90, 0x80,
    0x5c, 0x0a, 0x00, 0x80, 0x02, 0x60, 0x00, 0x20, 0xa2, 0x80, 0x64, 0xe0, 0xe0, 0xa2, 0x80,
    0x68, 0x00, 0x20, 0x40, 0x9a, 0x6c, 0x0a, 0x00, 0xa0, 0x80, 0x70, 0xff, 0x3f, 0x60, 0x82,
    0x74, 0x01, 0x40, 0x93, 0x80, 0x78, 0x0a, 0x00, 0x80, 0x32, 0x7c, 0x04, 0x20, 0x03, 0x98,
    0xf0, 0x31, 0x00, 0x00, 0x00, 0x00, 0x00, 0x20, 0xa2, 0x80, 0x04, 0x05, 0x00, 0x80, 0x02,
    0x08, 0x70, 0x39, 0x03, 0x82, 0x0c, 0x3f, 0x60, 0xa0, 0x80, 0x10, 0x04, 0x00, 0x80, 0x28,
    0x14, 0x04, 0x20, 0x03, 0x98, 0x18, 0x00, 0x00, 0x23, 0xc0, 0x1c, 0x04, 0x20, 0x03, 0x98,
    0x20, 0x67, 0x28, 0xa3, 0x80, 0x24, 0xe6, 0xff, 0xbf, 0x28, 0x28, 0x0c, 0x25, 0x00, 0xc2,
    0x2c, 0x00, 0x20, 0xa6, 0x80, 0x30, 0x06, 0x00, 0x80, 0x06, 0x34, 0x3f, 0x00, 0x00, 0x03,
    0x38, 0xff, 0x63, 0x10, 0x82, 0x3c, 0x01, 0xc0, 0x0b, 0x82, 0x40, 0x06, 0x00, 0x80, 0x10,
    0x44, 0x4c, 0x25, 0x20, 0xc2, 0x48, 0xd4, 0x22, 0x10, 0xc2, 0x4c, 0x10, 0x60, 0x28, 0x83,
    0x50, 0x90, 0x26, 0x20, 0xc2, 0x54, 0x00, 0x20, 0xa6, 0x80, 0x58, 0x08, 0x00, 0x80, 0x36,
    0x5c, 0x48, 0x25, 0x00, 0xc2, 0x60, 0x4c, 0x25, 0x00, 0xc2, 0x64, 0x14, 0x00, 0x05, 0x9a,
    0x68, 0xfd, 0x7f, 0x08, 0x82, 0x6c, 0x0d, 0x40, 0x10, 0x82, 0x70, 0x4c, 0x25, 0x20, 0xc2,
    0x74, 0x48, 0x25, 0x00, 0xc2, 0x78, 0x34, 0x23, 0x00, 0xd8, 0x7c, 0xc8, 0x23, 0x00, 0xda,
    0xf0, 0x32, 0x00, 0x00, 0x00, 0x00, 0x01, 0x20, 0x03, 0x98, 0x04, 0xff, 0x7d, 0x08, 0x92,
    0x08, 0x12, 0x60, 0x33, 0x9b, 0x0c, 0x00, 0x62, 0x0b, 0x9a, 0x10, 0x01, 0x20, 0x33, 0x83,
    0x14, 0x0d, 0x40, 0x12, 0x92, 0x18, 0x00, 0xc2, 0x3f, 0x11, 0x1c, 0x01, 0x00, 0x03, 0x82,
    0x20, 0x44, 0x23, 0x00, 0xda, 0x24, 0x30, 0x20, 0x12, 0x96, 0x28, 0x8c, 0x25, 0x20, 0xc2,
    0x2c, 0x00, 0xc0, 0x22, 0xda, 0x30, 0x18, 0x20, 0x34, 0x95, 0x34, 0x7c, 0x25, 0x20, 0xda,
    0x38, 0x5a, 0xa0, 0xa2, 0x80, 0x3c, 0x54, 0x25, 0x20, 0xd8, 0x40, 0x88, 0x25, 0x20, 0xd8,
    0x44, 0x48, 0x25, 0x20, 0xd2, 0x48, 0x09, 0x00, 0x80, 0x12, 0x4c, 0x70, 0x25, 0x20, 0xda,
    0x50, 0x3f, 0x00, 0x00, 0x03, 0x54, 0xff, 0x63, 0x10, 0x82, 0x58, 0xc0, 0xff, 0x3f, 0x1b,
    0x5c, 0x01, 0x40, 0x0a, 0x82, 0x60, 0x0d, 0x00, 0x0c, 0x9a, 0x64, 0x0d, 0x40, 0x10, 0x82,
    0x68, 0x48, 0x25, 0x20, 0xc2, 0x6c, 0x01, 0xe0, 0xa4, 0x80, 0x70, 0x0c, 0x00, 0x80, 0x12,
    0x74, 0x56, 0x69, 0x29, 0x03, 0x78, 0x48, 0x25, 0x00, 0xc2, 0x7c, 0x12, 0x60, 0x30, 0x83,
    0xf0, 0x33, 0x00, 0x00, 0x00, 0x00, 0x01, 0x60, 0x88, 0x80, 0x04, 0x10, 0x00, 0x80, 0x32,
    0x08, 0x29, 0x20, 0x10, 0x82, 0x0c, 0x74, 0x20, 0x12, 0x9a, 0x10, 0x30, 0x23, 0x00, 0xc2,
    0x14, 0x00, 0x40, 0x23, 0xc2, 0x18, 0x0b, 0x00, 0x80, 0x10, 0x1c, 0x29, 0x20, 0x10, 0x82,
    0x20, 0x0c, 0x25, 0x00, 0xda, 0x24, 0x5a, 0x62, 0x10, 0x82, 0x28, 0x01, 0x40, 0xa3, 0x80,
    0x2c, 0x0b, 0x00, 0x80, 0x12, 0x30, 0x00, 0x00, 0x00, 0x01, 0x34, 0x4c, 0x25, 0x00, 0xc2,
    0x38, 0x02, 0x60, 0x88, 0x80, 0x3c, 0x07, 0x00, 0x80, 0x12, 0x40, 0x15, 0x20, 0x10, 0x82,
    0x44, 0x00, 0x25, 0x20, 0xc2, 0x48, 0x4c, 0xfe, 0xff, 0x7f, 0x4c, 0xb0, 0x25, 0x10, 0x90,
    0x50, 0xbf, 0xfe, 0xff, 0x7f, 0x54, 0x00, 0x00, 0xe8, 0x81, 0x58, 0x00, 0x00, 0x00, 0x01,
    0x5c, 0x08, 0xe0, 0xc7, 0x81, 0x60, 0x00, 0x00, 0xe8, 0x81, 0x64, 0x98, 0xbf, 0xe3, 0x9d,
    0x68, 0x13, 0x02, 0x00, 0x40, 0x6c, 0x00, 0x20, 0x10, 0x90, 0x70, 0x40, 0xc1, 0x3f, 0x21,
    0x74, 0x7c, 0x24, 0x00, 0xda, 0x78, 0x40, 0x20, 0x14, 0x98, 0x7c, 0x00, 0x00, 0x03, 0xfa,
    0xf0, 0x34, 0x00, 0x00, 0x00, 0x00, 0xf8, 0x22, 0x00, 0xc2, 0x04, 0x01, 0x60, 0x33, 0x9b,
    0x08, 0x01, 0x40, 0x5b, 0x82, 0x0c, 0x00, 0x78, 0x0f, 0xba, 0x10, 0x01, 0x40, 0x17, 0xba,
    0x14, 0x00, 0x00, 0x23, 0xfa, 0x18, 0x04, 0x20, 0x14, 0x82, 0x1c, 0x00, 0x40, 0x00, 0xfa,
    0x20, 0xe0, 0x7f, 0x0f, 0xba, 0x24, 0x00, 0xc2, 0x3f, 0x39, 0x28, 0x0d, 0x40, 0x17, 0xba,
    0x2c, 0x00, 0x40, 0x20, 0xfa, 0x30, 0x80, 0x20, 0x17, 0x94, 0x34, 0x00, 0x80, 0x02, 0xfa,
    0x38, 0xe0, 0x7f, 0x0f, 0xba, 0x3c, 0x0d, 0x40, 0x17, 0xba, 0x40, 0xc0, 0xc0, 0x3f, 0x03,
    0x44, 0x00, 0x80, 0x22, 0xfa, 0x48, 0x04, 0x60, 0x10, 0xb6, 0x4c, 0x98, 0x22, 0x00, 0xc2,
    0x50, 0x70, 0x20, 0x17, 0x9a, 0x54, 0x00, 0x40, 0x23, 0xc2, 0x58, 0x00, 0xc0, 0x3f, 0x03,
    0x5c, 0x38, 0x23, 0x00, 0xda, 0x60, 0x30, 0x60, 0x10, 0x82, 0x64, 0x00, 0x40, 0x20, 0xda,
    0x68, 0x2c, 0x23, 0x00, 0xc2, 0x6c, 0x74, 0x20, 0x17, 0x9e, 0x70, 0x00, 0xc0, 0x23, 0xc2,
    0x74, 0x3f, 0x00, 0x00, 0x03, 0x78, 0x58, 0x20, 0x14, 0xa6, 0x7c, 0xff, 0x63, 0x10, 0x82,
    0xf0, 0x35, 0x00, 0x00, 0x00, 0x00, 0x15, 0x00, 0x00, 0x17, 0x04, 0x00, 0xc0, 0x24, 0xc2,
    0x08, 0x80, 0xe1, 0x12, 0x96, 0x0c, 0x88, 0x20, 0x14, 0x92, 0x10, 0x16, 0x00, 0x00, 0x19,
    0x14, 0x00, 0x40, 0x22, 0xd6, 0x18, 0x58, 0x20, 0x13, 0x98, 0x1c, 0x8c, 0x20, 0x14, 0x90,
    0x20, 0x00, 0x00, 0x22, 0xd8, 0x24, 0xf8, 0x23, 0x00, 0xc2, 0x28, 0x0c, 0x20, 0x17, 0xa2,
    0x2c, 0x00, 0x40, 0x24, 0xc2, 0x30, 0xfc, 0x23, 0x00, 0xc2, 0x34, 0x40, 0x00, 0x20, 0x35,
    0x38, 0x08, 0x20, 0x17, 0xa4, 0x3c, 0x00, 0x80, 0x24, 0xc2, 0x40, 0x01, 0xa1, 0x16, 0xae,
    0x44, 0x00, 0x00, 0x27, 0xee, 0x48, 0x5c, 0x20, 0x14, 0xa8, 0x4c, 0x00, 0x00, 0x25, 0xc0,
    0x50, 0x80, 0x20, 0x14, 0xaa, 0x54, 0x00, 0x40, 0x25, 0xd6, 0x58, 0x84, 0x20, 0x14, 0xac,
    0x5c, 0x00, 0x80, 0x25, 0xd8, 0x60, 0x7b, 0xfe, 0xff, 0x7f, 0x64, 0x00, 0xc0, 0x26, 0xc0,
    0x68, 0x7c, 0x20, 0x17, 0x9a, 0x6c, 0x00, 0x40, 0x03, 0xfa, 0x70, 0x00, 0xf0, 0x3f, 0x03,
    0x74, 0x01, 0x40, 0x2f, 0xba, 0x78, 0x00, 0x40, 0x23, 0xfa, 0x7c, 0xc0, 0xc1, 0x3f, 0x03,
    0xf0, 0x36, 0x00, 0x00, 0x00, 0x00, 0x40, 0x23, 0x00, 0xda, 0x04, 0x64, 0x60, 0x10, 0x82,
    0x08, 0x00, 0x40, 0x20, 0xda, 0x0c, 0x7f, 0x00, 0x00, 0x03, 0x10, 0x10, 0x20, 0x14, 0x96,
    0x14, 0xff, 0x63, 0x10, 0x82, 0x18, 0x00, 0xc0, 0x22, 0xc2, 0x1c, 0xc0, 0xff, 0x07, 0x19,
    0x20, 0x30, 0x20, 0x14, 0x94, 0x24, 0x00, 0x80, 0x22, 0xd8, 0x28, 0x14, 0x20, 0x14, 0xa0,
    0x2c, 0x00, 0x00, 0x24, 0xd8, 0x30, 0xd4, 0xfd, 0xff, 0x7f, 0x34, 0x74, 0x23, 0x00, 0xd0,
    0x38, 0x80, 0xc0, 0x3f, 0x17, 0x3c, 0x74, 0x21, 0x00, 0xc2, 0x40, 0xff, 0x3f, 0x10, 0x90,
    0x44, 0x00, 0x60, 0xa0, 0x80, 0x48, 0x06, 0x00, 0x80, 0x02, 0x4c, 0x08, 0xe0, 0x12, 0x98,
    0x50, 0x74, 0x21, 0x08, 0xc2, 0x54, 0x77, 0x21, 0x08, 0xda, 0x58, 0x00, 0x00, 0x23, 0xc2,
    0x5c, 0x00, 0xc0, 0x22, 0xda, 0x60, 0xe7, 0xfe, 0xff, 0x7f, 0x64, 0x00, 0x00, 0x00, 0x01,
    0x68, 0xd4, 0xfe, 0xff, 0x7f, 0x6c, 0x01, 0x20, 0x10, 0x90, 0x70, 0xff, 0x3f, 0x10, 0x82,
    0x74, 0x00, 0xc0, 0x26, 0xc2, 0x78, 0x00, 0x00, 0x27, 0xf4, 0x7c, 0x08, 0xe0, 0xc7, 0x81,
    0xf0, 0x37, 0x00, 0x00, 0x00, 0x00, 0x00, 0x00, 0xe8, 0x81, 0x04, 0x98, 0xbf, 0xe3, 0x9d,
    0x08, 0x08, 0x25, 0x00, 0xc2, 0x0c, 0xff, 0x60, 0x88, 0x80, 0x10, 0x1c, 0x00, 0x80, 0x02,
    0x14, 0x00, 0x00, 0x00, 0x01, 0x18, 0x08, 0x25, 0x00, 0xc2, 0x1c, 0xff, 0x60, 0x08, 0x82,
    0x20, 0x18, 0x40, 0xa0, 0x80, 0x24, 0x00, 0x00, 0x3c, 0x21, 0x28, 0x14, 0x00, 0x80, 0x12,
    0x2c, 0x80, 0xc1, 0x3f, 0x03, 0x30, 0x82, 0xfc, 0xff, 0x7f, 0x34, 0x00, 0x00, 0x00, 0x01,
    0x38, 0x00, 0x20, 0x00, 0x1b, 0x3c, 0x80, 0xc1, 0x3f, 0x03, 0x40, 0x0d, 0x00, 0x2c, 0x9a,
    0x44, 0x34, 0x60, 0x10, 0x82, 0x48, 0x00, 0x40, 0x20, 0xda, 0x4c, 0x40, 0xc0, 0x3f, 0x03,
    0x50, 0x0c, 0x60, 0x10, 0x82, 0x54, 0x0a, 0x00, 0x00, 0x11, 0x58, 0x00, 0x40, 0x20, 0xc0,
    0x5c, 0x6e, 0xfc, 0xff, 0x7f, 0x60, 0x04, 0x21, 0x12, 0x90, 0x64, 0x08, 0x25, 0x00, 0xc2,
    0x68, 0xff, 0x60, 0x08, 0x82, 0x6c, 0x18, 0x40, 0xa0, 0x80, 0x70, 0xee, 0xff, 0xbf, 0x10,
    0x74, 0x01, 0x20, 0x04, 0xa0, 0x78, 0x3c, 0x60, 0x10, 0x82, 0x7c, 0x00, 0x40, 0x20, 0xc0,
    0xf0, 0x38, 0x00, 0x00, 0x00, 0x00, 0x08, 0xe0, 0xc7, 0x81, 0x04, 0x00, 0x00, 0xe8, 0x81,
    0x08, 0x00, 0x20, 0x10, 0x9a, 0x0c, 0x02, 0x60, 0x2b, 0x83, 0x10, 0x01, 0x60, 0x03, 0x9a,
    0x14, 0xb5, 0x60, 0xa3, 0x80, 0x18, 0xfd, 0xff, 0xbf, 0x08, 0x1c, 0x01, 0x00, 0x22, 0xc0,
    0x20, 0x08, 0xe0, 0xc3, 0x81, 0x24, 0x00, 0x00, 0x00, 0x01, 0x28, 0xf8, 0x22, 0x00, 0xc2,
    0x2c, 0x7c, 0x24, 0x00, 0xda, 0x30, 0x0d, 0x40, 0x58, 0x82, 0x34, 0x01, 0x60, 0x30, 0x83,
    0x38, 0x00, 0x20, 0x10, 0x96, 0x3c, 0x01, 0xc0, 0xa2, 0x80, 0x40, 0x3b, 0x00, 0x80, 0x1a,
    0x44, 0x3f, 0x00, 0x00, 0x03, 0x48, 0xff, 0x63, 0x10, 0x94, 0x4c, 0x00, 0x20, 0x10, 0x98,
    0x50, 0x01, 0x60, 0xa2, 0x80, 0x54, 0x2e, 0x00, 0x80, 0x02, 0x58, 0x04, 0x60, 0xa2, 0x80,
    0x5c, 0x08, 0x00, 0x80, 0x12, 0x60, 0x08, 0x60, 0xa2, 0x80, 0x64, 0x08, 0x00, 0x03, 0xc2,
    0x68, 0x0a, 0x40, 0x08, 0x9a, 0x6c, 0x12, 0x60, 0x30, 0x83, 0x70, 0x10, 0x60, 0x28, 0x83,
    0x74, 0x14, 0x00, 0x80, 0x10, 0x78, 0x02, 0x60, 0x33, 0x9b, 0x7c, 0x15, 0x00, 0x80, 0x28,
    0xf0, 0x39, 0x00, 0x00, 0x00, 0x00, 0x0c, 0x00, 0x02, 0xda, 0x04, 0x08, 0x00, 0x03, 0xda,
    0x08, 0x10, 0x60, 0x33, 0x83, 0x0c, 0x01, 0x40, 0x00, 0x82, 0x10, 0x0a, 0x40, 0x0b, 0x9a,
    0x14, 0x00, 0x00, 0x80, 0x81, 0x18, 0x00, 0x00, 0x00, 0x01, 0x1c, 0x00, 0x00, 0x00, 0x01,
    0x20, 0x00, 0x00, 0x00, 0x01, 0x24, 0x09, 0x40, 0x70, 0x82, 0x28, 0x0d, 0x40, 0x03, 0x9a,
    0x2c, 0x10, 0x60, 0x28, 0x83, 0x30, 0x00, 0x00, 0x80, 0x81, 0x34, 0x00, 0x00, 0x00, 0x01,
    0x38, 0x00, 0x00, 0x00, 0x01, 0x3c, 0x00, 0x00, 0x00, 0x01, 0x40, 0x09, 0x40, 0x73, 0x9a,
    0x44, 0x0d, 0x40, 0x00, 0x82, 0x48, 0x11, 0x00, 0x80, 0x10, 0x4c, 0x08, 0x00, 0x23, 0xc2,
    0x50, 0x10, 0x60, 0x33, 0x83, 0x54, 0x00, 0x00, 0x80, 0x81, 0x58, 0x00, 0x00, 0x00, 0x01,
    0x5c, 0x00, 0x00, 0x00, 0x01, 0x60, 0x00, 0x00, 0x00, 0x01, 0x64, 0x09, 0x40, 0x70, 0x82,
    0x68, 0x0a, 0x40, 0x0b, 0x9a, 0x6c, 0x10, 0x60, 0x28, 0x83, 0x70, 0x00, 0x00, 0x80, 0x81,
    0x74, 0x00, 0x00, 0x00, 0x01, 0x78, 0x00, 0x00, 0x00, 0x01, 0x7c, 0x00, 0x00, 0x00, 0x01,
    0xf0, 0x3a, 0x00, 0x00, 0x00, 0x00, 0x09, 0x40, 0x73, 0x9a, 0x04, 0x0d, 0x40, 0x00, 0x82,
    0x08, 0x0c, 0x00, 0x22, 0xc2, 0x0c, 0xf8, 0x22, 0x00, 0xc2, 0x10, 0x7c, 0x24, 0x00, 0xda,
    0x14, 0x0d, 0x40, 0x58, 0x82, 0x18, 0x01, 0xe0, 0x02, 0x96, 0x1c, 0x01, 0x60, 0x30, 0x83,
    0x20, 0x01, 0xc0, 0xa2, 0x80, 0x24, 0xcb, 0xff, 0xbf, 0x0a, 0x28, 0x04, 0x20, 0x03, 0x98,
    0x2c, 0x08, 0xe0, 0xc3, 0x81, 0x30, 0x00, 0x00, 0x00, 0x01, 0x34, 0x00, 0x20, 0x10, 0x98,
    0x38, 0x02, 0x20, 0x2b, 0x9b, 0x3c, 0x01, 0x20, 0x03, 0x98, 0x40, 0x0d, 0x00, 0x02, 0xc2,
    0x44, 0xb5, 0x20, 0xa3, 0x80, 0x48, 0xfc, 0xff, 0xbf, 0x04, 0x4c, 0x0d, 0x40, 0x22, 0xc2,
    0x50, 0x08, 0xe0, 0xc3, 0x81, 0x54, 0x00, 0x00, 0x00, 0x01, 0x58, 0x00, 0x00, 0x02, 0xd6,
    0x5c, 0x00, 0x40, 0x02, 0xd8, 0x60, 0x10, 0xe0, 0x32, 0x91, 0x64, 0x10, 0x20, 0x33, 0x95,
    0x68, 0xff, 0x2f, 0x0a, 0x90, 0x6c, 0xff, 0xaf, 0x0a, 0x94, 0x70, 0x07, 0x00, 0x00, 0x03,
    0x74, 0x0a, 0x00, 0x22, 0x9a, 0x78, 0xff, 0x63, 0x10, 0x82, 0x7c, 0x01, 0x00, 0x0b, 0x94,
    0xf0, 0x3b, 0x00, 0x00, 0x00, 0x00, 0x01, 0xc0, 0x0a, 0x90, 0x04, 0x0a, 0x00, 0x22, 0x90,
    0x08, 0x0d, 0x40, 0x5b, 0x9a, 0x0c, 0x08, 0x00, 0x5a, 0x90, 0x10, 0x08, 0xe0, 0xc3, 0x81,
    0x14, 0x08, 0x40, 0x03, 0x90, 0x18, 0x88, 0xbf, 0xe3, 0x9d, 0x1c, 0x04, 0x60, 0x2e, 0x83,
    0x20, 0x18, 0x40, 0x00, 0x82, 0x24, 0x18, 0x00, 0x00, 0x3b, 0x28, 0xe0, 0x60, 0x17, 0xba,
    0x2c, 0x02, 0x60, 0x28, 0x83, 0x30, 0x1d, 0x40, 0x00, 0xf4, 0x34, 0x00, 0xc0, 0x3f, 0x03,
    0x38, 0x01, 0x60, 0x10, 0x82, 0x3c, 0xe8, 0xbf, 0x27, 0xc2, 0x40, 0x40, 0x00, 0x00, 0x03,
    0x44, 0xec, 0xbf, 0x27, 0xc2, 0x48, 0x40, 0xc0, 0x3f, 0x03, 0x4c, 0xfe, 0x61, 0x10, 0x82,
    0x50, 0xf0, 0xbf, 0x27, 0xc2, 0x54, 0x80, 0xbf, 0x00, 0x03, 0x58, 0x01, 0x61, 0x10, 0x82,
    0x5c, 0xf4, 0xbf, 0x27, 0xc2, 0x60, 0x1d, 0x00, 0x10, 0x9e, 0x64, 0x00, 0x20, 0x10, 0xb6,
    0x68, 0xf8, 0xbf, 0x07, 0x9a, 0x6c, 0x0d, 0xc0, 0x06, 0xba, 0x70, 0xf0, 0x7f, 0x4f, 0xc2,
    0x74, 0x01, 0x00, 0x06, 0xb0, 0x78, 0xf8, 0x7f, 0x4f, 0xc2, 0x7c, 0x01, 0x40, 0x06, 0xb2,
    0xf0, 0x3c, 0x00, 0x00, 0x00, 0x00, 0xff, 0x7f, 0x06, 0x82, 0x04, 0x01, 0x40, 0x16, 0x82,
    0x08, 0x00, 0x20, 0xa6, 0x80, 0x0c, 0x1c, 0x00, 0x80, 0x04, 0x10, 0x1f, 0x60, 0x30, 0xbb,
    0x14, 0x08, 0x23, 0x00, 0xc2, 0x18, 0x18, 0x40, 0xa0, 0x80, 0x1c, 0x00, 0x20, 0x40, 0x82,
    0x20, 0x1d, 0x40, 0x90, 0x80, 0x24, 0x17, 0x00, 0x80, 0x32, 0x28, 0x01, 0xe0, 0x06, 0xb6,
    0x2c, 0x00, 0x23, 0x00, 0xc2, 0x30, 0x01, 0x40, 0xa6, 0x80, 0x34, 0x12, 0x00, 0x80, 0x18,
    0x38, 0x04, 0x60, 0x2e, 0xbb, 0x3c, 0x18, 0x40, 0x07, 0x82, 0x40, 0x03, 0xe0, 0xa6, 0x80,
    0x44, 0x08, 0x00, 0x80, 0x14, 0x48, 0x02, 0x60, 0x28, 0xb9, 0x4c, 0x0f, 0x00, 0x07, 0xc2,
    0x50, 0x1a, 0x40, 0xa0, 0x80, 0x54, 0x0b, 0x00, 0x80, 0x26, 0x58, 0x01, 0xe0, 0x06, 0xb6,
    0x5c, 0x0d, 0x00, 0x80, 0x10, 0x60, 0x00, 0x20, 0x10, 0xb0, 0x64, 0x0f, 0x00, 0x07, 0xc2,
    0x68, 0x1a, 0x40, 0xa0, 0x80, 0x6c, 0x05, 0x00, 0x80, 0x24, 0x70, 0x01, 0xe0, 0x06, 0xb6,
    0x74, 0x07, 0x00, 0x80, 0x10, 0x78, 0x00, 0x20, 0x10, 0xb0, 0x7c, 0x01, 0xe0, 0x06, 0xb6,
    0xf0, 0x3d, 0x00, 0x00, 0x00, 0x00, 0x07, 0xe0, 0xa6, 0x80, 0x04, 0xdb, 0xff, 0xbf, 0x04,
    0x08, 0x0d, 0xc0, 0x06, 0xba, 0x0c, 0x01, 0x20, 0x10, 0xb0, 0x10, 0x08, 0xe0, 0xc7, 0x81,
    0x14, 0x00, 0x00, 0xe8, 0x81, 0x18, 0x5c, 0x25, 0x20, 0xc0, 0x1c, 0x14, 0x25, 0x20, 0xc0,
    0x20, 0x00, 0x20, 0x10, 0x9a, 0x24, 0x02, 0x60, 0x2b, 0x83, 0x28, 0x01, 0x60, 0x03, 0x9a,
    0x2c, 0x38, 0x67, 0x20, 0xc0, 0x30, 0x09, 0x60, 0xa3, 0x80, 0x34, 0xfc, 0xff, 0xbf, 0x04,
    0x38, 0x10, 0x67, 0x20, 0xc0, 0x3c, 0x08, 0xe0, 0xc3, 0x81, 0x40, 0x00, 0x00, 0x00, 0x01,
    0x44, 0x88, 0xbf, 0xe3, 0x9d, 0x48, 0xff, 0x3f, 0x06, 0x82, 0x4c, 0xff, 0x7f, 0x06, 0xb8,
    0x50, 0x01, 0x00, 0x16, 0x82, 0x54, 0x1c, 0x40, 0x16, 0xba, 0x58, 0x01, 0x40, 0x97, 0x80,
    0x5c, 0x1a, 0x00, 0x10, 0xa4, 0x60, 0x7c, 0x00, 0x80, 0x06, 0x64, 0x1b, 0x00, 0x10, 0xa2,
    0x68, 0x08, 0x23, 0x00, 0xc2, 0x6c, 0x01, 0x00, 0xa6, 0x80, 0x70, 0x79, 0x00, 0x80, 0x38,
    0x74, 0x00, 0x20, 0x10, 0xb0, 0x78, 0x00, 0x23, 0x00, 0xc2, 0x7c, 0x01, 0x40, 0xa6, 0x80,
    0xf0, 0x3e, 0x00, 0x00, 0x00, 0x00, 0x75, 0x00, 0x80, 0x38, 0x04, 0x00, 0x20, 0x10, 0xb0,
    0x08, 0x01, 0x20, 0x06, 0x96, 0x0c, 0x01, 0x60, 0x06, 0x98, 0x10, 0xf8, 0xbf, 0x07, 0xa0,
    0x14, 0xe8, 0xbf, 0x07, 0x82, 0x18, 0x03, 0x20, 0x10, 0xb0, 0x1c, 0x00, 0x40, 0x20, 0xc0,
    0x20, 0xff, 0x3f, 0x86, 0xb0, 0x24, 0xfe, 0xff, 0xbf, 0x1c, 0x28, 0x04, 0x60, 0x00, 0x82,
    0x2c, 0x60, 0x21, 0x00, 0xc2, 0x30, 0x04, 0x60, 0x88, 0x80, 0x34, 0x0f, 0x00, 0x80, 0x02,
    0x38, 0x04, 0x20, 0x10, 0xb0, 0x3c, 0x01, 0x60, 0xa6, 0x80, 0x40, 0x0b, 0x00, 0x80, 0x02,
    0x44, 0xff, 0x21, 0x10, 0x82, 0x48, 0x08, 0x23, 0x00, 0xc2, 0x4c, 0x01, 0x00, 0xa6, 0x80,
    0x50, 0x07, 0x00, 0x80, 0x02, 0x54, 0xff, 0x21, 0x10, 0x82, 0x58, 0x00, 0x23, 0x00, 0xc2,
    0x5c, 0x01, 0x40, 0xa6, 0x80, 0x60, 0x05, 0x00, 0x80, 0x12, 0x64, 0x0c, 0x00, 0xa7, 0x80,
    0x68, 0xff, 0x21, 0x10, 0x82, 0x6c, 0xf4, 0xbf, 0x27, 0xc2, 0x70, 0x0c, 0x00, 0xa7, 0x80,
    0x74, 0x30, 0x00, 0x80, 0x14, 0x78, 0x1c, 0x00, 0x10, 0xb2, 0x7c, 0x1c, 0x00, 0x07, 0x82,
    0xf0, 0x3f, 0x00, 0x00, 0x00, 0x00, 0x0c, 0x00, 0x03, 0xba, 0x04, 0x0c, 0x40, 0x07, 0xba,
    0x08, 0x1c, 0x40, 0x00, 0x82, 0x0c, 0x1d, 0x40, 0x20, 0x82, 0x10, 0x18, 0x00, 0x00, 0x3b,
    0x14, 0xe0, 0x60, 0x17, 0x90, 0x18, 0x0b, 0x40, 0x20, 0x9a, 0x1c, 0xfe, 0xff, 0x02, 0xb0,
    0x20, 0x04, 0x60, 0x2e, 0x83, 0x24, 0x18, 0x40, 0x00, 0x82, 0x28, 0x02, 0x60, 0x28, 0x83,
    0x2c, 0x0d, 0x00, 0x06, 0xba, 0x30, 0x08, 0x40, 0x00, 0xb4, 0x34, 0x08, 0x60, 0x07, 0xb6,
    0x38, 0x01, 0x20, 0x10, 0x92, 0x3c, 0x1b, 0x40, 0x2a, 0x95, 0x40, 0x00, 0x20, 0x10, 0x9e,
    0x44, 0x02, 0xe0, 0x2b, 0xb9, 0x48, 0x20, 0x25, 0x07, 0xfa, 0x4c, 0x11, 0x40, 0x5f, 0xba,
    0x50, 0x1f, 0x60, 0x3f, 0x83, 0x54, 0x18, 0x60, 0x30, 0x83, 0x58, 0x01, 0x40, 0x07, 0xba,
    0x5c, 0x00, 0x80, 0x06, 0xc2, 0x60, 0x12, 0x40, 0x20, 0x82, 0x64, 0x08, 0x60, 0x3f, 0xbb,
    0x68, 0x01, 0xe0, 0x03, 0x9e, 0x6c, 0x1d, 0x40, 0xa0, 0x80, 0x70, 0x05, 0x00, 0x80, 0x04,
    0x74, 0x10, 0x00, 0x07, 0xb8, 0x78, 0xf0, 0x3f, 0x07, 0xc2, 0x7c, 0x0a, 0x40, 0x10, 0x82,
    0xf0, 0x40, 0x00, 0x00, 0x00, 0x00, 0xf0, 0x3f, 0x27, 0xc2, 0x04, 0x03, 0xe0, 0xa3, 0x80,
    0x08, 0xf0, 0xff, 0xbf, 0x08, 0x0c, 0x02, 0xe0, 0x2b, 0xb9, 0x10, 0x01, 0x20, 0x06, 0xb0,
    0x14, 0x01, 0xe0, 0x06, 0xb6, 0x18, 0x0b, 0x00, 0xa6, 0x80, 0x1c, 0xe8, 0xff, 0xbf, 0x04,
    0x20, 0x04, 0xa0, 0x06, 0xb4, 0x24, 0x01, 0x60, 0x06, 0xb2, 0x28, 0x0c, 0x40, 0xa6, 0x80,
    0x2c, 0xdc, 0xff, 0xbf, 0x04, 0x30, 0x03, 0x60, 0x03, 0x9a, 0x34, 0xe8, 0xbf, 0x07, 0xc2,
    0x38, 0x10, 0x60, 0x88, 0x80, 0x3c, 0x0a, 0x00, 0x80, 0x02, 0x40, 0xec, 0xbf, 0x07, 0xfa,
    0x44, 0xf4, 0xbf, 0x07, 0xc2, 0x48, 0x82, 0x60, 0x88, 0x80, 0x4c, 0x07, 0x00, 0x80, 0x02,
    0x50, 0x10, 0x60, 0x8f, 0x80, 0x54, 0x28, 0x60, 0x88, 0x80, 0x58, 0x1f, 0x00, 0x80, 0x12,
    0x5c, 0x03, 0x20, 0x10, 0xb0, 0x60, 0xec, 0xbf, 0x07, 0xfa, 0x64, 0x10, 0x60, 0x8f, 0x80,
    0x68, 0x12, 0x00, 0x80, 0x02, 0x6c, 0xf0, 0xbf, 0x07, 0xc2, 0x70, 0x82, 0x60, 0x8f, 0x80,
    0x74, 0x07, 0x00, 0x80, 0x02, 0x78, 0x28, 0x60, 0x8f, 0x80, 0x7c, 0xf4, 0xbf, 0x07, 0xc2,
    0xf0, 0x41, 0x00, 0x00, 0x00, 0x00, 0x28, 0x60, 0x88, 0x80, 0x04, 0x14, 0x00, 0x80, 0x32,
    0x08, 0x02, 0x20, 0x10, 0xb0, 0x0c, 0x28, 0x60, 0x8f, 0x80, 0x10, 0x08, 0x00, 0x80, 0x02,
    0x14, 0xf0, 0xbf, 0x07, 0xc2, 0x18, 0xf4, 0xbf, 0x07, 0xc2, 0x1c, 0x82, 0x60, 0x88, 0x80,
    0x20, 0x04, 0x00, 0x80, 0x02, 0x24, 0xf0, 0xbf, 0x07, 0xc2, 0x28, 0x0b, 0x00, 0x80, 0x10,
    0x2c, 0x02, 0x20, 0x10, 0xb0, 0x30, 0x10, 0x60, 0x88, 0x80, 0x34, 0x08, 0x00, 0x80, 0x02,
    0x38, 0x00, 0x20, 0x10, 0xb0, 0x3c, 0x82, 0x60, 0x88, 0x80, 0x40, 0x05, 0x00, 0x80, 0x02,
    0x44, 0x28, 0x60, 0x88, 0x80, 0x48, 0x03, 0x00, 0x80, 0x12, 0x4c, 0x01, 0x20, 0x10, 0xb0,
    0x50, 0x00, 0x20, 0x10, 0xb0, 0x54, 0x08, 0xe0, 0xc7, 0x81, 0x58, 0x00, 0x00, 0xe8, 0x81,
    0x5c, 0x00, 0x20, 0x10, 0x94, 0x60, 0x14, 0x25, 0x00, 0xc2, 0x64, 0x01, 0x80, 0xa2, 0x80,
    0x68, 0x00, 0x20, 0x10, 0x96, 0x6c, 0x0e, 0x00, 0x80, 0x1a, 0x70, 0x02, 0xe0, 0x2a, 0x9b,
    0x74, 0x10, 0x67, 0x03, 0xc2, 0x78, 0x01, 0xe0, 0x02, 0x96, 0x7c, 0x00, 0x60, 0xa0, 0x80,
    0xf0, 0x42, 0x00, 0x00, 0x00, 0x00, 0x06, 0x00, 0x80, 0x02, 0x04, 0x02, 0xa0, 0x2a, 0x99,
    0x08, 0x10, 0x27, 0x23, 0xc2, 0x0c, 0x38, 0x67, 0x03, 0xc2, 0x10, 0x01, 0xa0, 0x02, 0x94,
    0x14, 0x38, 0x27, 0x23, 0xc2, 0x18, 0x14, 0x25, 0x00, 0xc2, 0x1c, 0xf4, 0xff, 0xbf, 0x10,
    0x20, 0x01, 0xc0, 0xa2, 0x80, 0x24, 0x08, 0xe0, 0xc3, 0x81, 0x28, 0x14, 0x25, 0x20, 0xd4,
    0x2c, 0x00, 0x00, 0x02, 0xd4, 0x30, 0x16, 0x00, 0x00, 0x03, 0x34, 0x0a, 0x80, 0x02, 0x98,
    0x38, 0x30, 0x63, 0x10, 0x82, 0x3c, 0x01, 0x00, 0x53, 0xda, 0x40, 0x90, 0x25, 0x00, 0xc2,
    0x44, 0x0c, 0x40, 0x50, 0xc2, 0x48, 0x0d, 0x40, 0xa0, 0x96, 0x4c, 0x16, 0x00, 0x80, 0x02,
    0x50, 0x16, 0x00, 0x00, 0x03, 0x54, 0x00, 0xe0, 0xa2, 0x80, 0x58, 0x09, 0x00, 0x80, 0x04,
    0x5c, 0x01, 0x20, 0x10, 0x82, 0x60, 0x04, 0x20, 0x02, 0xda, 0x64, 0x0d, 0x40, 0x28, 0x83,
    0x68, 0x01, 0xc0, 0xa2, 0x80, 0x6c, 0x0d, 0x00, 0x80, 0x34, 0x70, 0x0d, 0xc0, 0x3a, 0x97,
    0x74, 0x0b, 0x00, 0x80, 0x10, 0x78, 0x01, 0x20, 0x10, 0x96, 0x7c, 0x0a, 0x00, 0x80, 0x16,
    0xf0, 0x43, 0x00, 0x00, 0x00, 0x00, 0x16, 0x00, 0x00, 0x03, 0x04, 0x08, 0x20, 0x02, 0xda,
    0x08, 0xff, 0x3f, 0x10, 0x82, 0x0c, 0x0d, 0x40, 0x28, 0x83, 0x10, 0x01, 0xc0, 0xa2, 0x80,
    0x14, 0x03, 0x00, 0x80, 0x36, 0x18, 0xff, 0x3f, 0x10, 0x96, 0x1c, 0x0d, 0xc0, 0x3a, 0x97,
    0x20, 0x16, 0x00, 0x00, 0x03, 0x24, 0x30, 0x63, 0x10, 0x92, 0x28, 0x0a, 0x80, 0x02, 0x82,
    0x2c, 0x09, 0x40, 0x50, 0xc2, 0x30, 0x01, 0xc0, 0x02, 0x96, 0x34, 0x01, 0xa0, 0x8a, 0x80,
    0x38, 0x0f, 0x00, 0x80, 0x02, 0x3c, 0x1f, 0xa0, 0x3a, 0x9b, 0x40, 0x1f, 0x60, 0x33, 0x9b,
    0x44, 0x0d, 0x80, 0x02, 0x9a, 0x48, 0x01, 0x60, 0x3b, 0x9b, 0x4c, 0x02, 0x60, 0x2b, 0x9b,
    0x50, 0x09, 0x40, 0x03, 0xd8, 0x54, 0xc0, 0xff, 0x3f, 0x03, 0x58, 0x01, 0x00, 0x0b, 0x98,
    0x5c, 0x3f, 0x00, 0x00, 0x03, 0x60, 0xff, 0x63, 0x10, 0x82, 0x64, 0x01, 0xc0, 0x0a, 0x82,
    0x68, 0x01, 0x00, 0x03, 0x98, 0x6c, 0x0d, 0x00, 0x80, 0x10, 0x70, 0x09, 0x40, 0x23, 0xd8,
    0x74, 0x1f, 0x60, 0x33, 0x9b, 0x78, 0x0d, 0x80, 0x02, 0x9a, 0x7c, 0x01, 0x60, 0x3b, 0x9b,
    0xf0, 0x44, 0x00, 0x00, 0x00, 0x00, 0x02, 0x60, 0x2b, 0x9b, 0x04, 0x3f, 0x00, 0x00, 0x03,
    0x08, 0x09, 0x40, 0x03, 0xd8, 0x0c, 0xff, 0x63, 0x10, 0x82, 0x10, 0x01, 0x00, 0x0b, 0x98,
    0x14, 0x10, 0xe0, 0x2a, 0x83, 0x18, 0x0c, 0x40, 0x00, 0x82, 0x1c, 0x09, 0x40, 0x23, 0xc2,
    0x20, 0x00, 0x00, 0x02, 0xc2, 0x24, 0x7c, 0x24, 0x00, 0xda, 0x28, 0x0d, 0x40, 0x00, 0x82,
    0x2c, 0x08, 0xe0, 0xc3, 0x81, 0x30, 0x00, 0x00, 0x22, 0xc2, 0x34, 0x98, 0xbf, 0xe3, 0x9d,
    0x38, 0x1f, 0x20, 0x3e, 0x83, 0x3c, 0x20, 0x23, 0x00, 0xd0, 0x40, 0x18, 0x40, 0x20, 0x82,
    0x44, 0x00, 0x20, 0xa2, 0x80, 0x48, 0x15, 0x00, 0x80, 0x02, 0x4c, 0x1f, 0x60, 0x30, 0x9b,
    0x50, 0x00, 0xc0, 0x3f, 0x03, 0x54, 0x20, 0x60, 0x10, 0xa0, 0x58, 0x1c, 0x23, 0x00, 0xc2,
    0x5c, 0x01, 0x00, 0xa0, 0x80, 0x60, 0x00, 0x20, 0x40, 0x82, 0x64, 0x0d, 0x40, 0x88, 0x80,
    0x68, 0x18, 0x23, 0x00, 0xc2, 0x6c, 0x09, 0x00, 0x80, 0x02, 0x70, 0x01, 0x00, 0x1e, 0xb0,
    0x74, 0x01, 0x00, 0xa0, 0x80, 0x78, 0xff, 0x3f, 0x60, 0x82, 0x7c, 0xc6, 0xfa, 0xff, 0x7f,
    0xf0, 0x45, 0x00, 0x00, 0x00, 0x00, 0x00, 0x00, 0x24, 0xc2, 0x04, 0x18, 0x23, 0x00, 0xc2,
    0x08, 0x05, 0x00, 0x80, 0x10, 0x0c, 0x00, 0x00, 0x24, 0xc2, 0x10, 0x00, 0xc0, 0x3f, 0x03,
    0x14, 0x20, 0x60, 0x10, 0x82, 0x18, 0x00, 0x40, 0x20, 0xf0, 0x1c, 0x08, 0xe0, 0xc7, 0x81,
    0x20, 0x00, 0x00, 0xe8, 0x81, 0x24, 0x98, 0xbf, 0xe3, 0x9d, 0x28, 0xc4, 0xfa, 0xff, 0x7f,
    0x2c, 0x00, 0x00, 0x00, 0x01, 0x30, 0x00, 0x25, 0x00, 0xe0, 0x34, 0x28, 0x20, 0xa4, 0x80,
    0x38, 0x13, 0x00, 0x80, 0x08, 0x3c, 0x00, 0x20, 0xa4, 0x80, 0x40, 0x84, 0x25, 0x20, 0xc0,
    0x44, 0x00, 0x20, 0x10, 0xa2, 0x48, 0x02, 0x60, 0x2c, 0x83, 0x4c, 0x04, 0x6f, 0x00, 0xc2,
    0x50, 0x00, 0x60, 0xa0, 0x80, 0x54, 0x56, 0x00, 0x80, 0x02, 0x58, 0x01, 0x60, 0x04, 0xa2,
    0x5c, 0x00, 0x40, 0xc0, 0x9f, 0x60, 0x00, 0x00, 0x00, 0x01, 0x64, 0x84, 0x25, 0x00, 0xc2,
    0x68, 0x00, 0x60, 0xa0, 0x80, 0x6c, 0x50, 0x00, 0x80, 0x12, 0x70, 0x3b, 0x60, 0xa4, 0x80,
    0x74, 0xf6, 0xff, 0xbf, 0x24, 0x78, 0x02, 0x60, 0x2c, 0x83, 0x7c, 0x4d, 0x00, 0x80, 0x10,
    0xf0, 0x46, 0x00, 0x00, 0x00, 0x00, 0x00, 0x25, 0x00, 0xc2, 0x04, 0x0d, 0x00, 0x80, 0x12,
    0x08, 0x14, 0x20, 0xa4, 0x80, 0x0c, 0xcc, 0x2f, 0x00, 0xc2, 0x10, 0x00, 0x40, 0xc0, 0x9f,
    0x14, 0x00, 0x00, 0x00, 0x01, 0x18, 0xf9, 0xfc, 0xff, 0x7f, 0x1c, 0x00, 0x20, 0x10, 0x90,
    0x20, 0xe6, 0xfc, 0xff, 0x7f, 0x24, 0x01, 0x20, 0x10, 0x90, 0x28, 0x4c, 0x25, 0x00, 0xc2,
    0x2c, 0xfb, 0x7f, 0x08, 0x82, 0x30, 0x3f, 0x00, 0x80, 0x10, 0x34, 0x4c, 0x25, 0x20, 0xc2,
    0x38, 0x0c, 0x00, 0x80, 0x18, 0x3c, 0x15, 0x20, 0xa4, 0x80, 0x40, 0x01, 0x20, 0x8c, 0x80,
    0x44, 0x3b, 0x00, 0x80, 0x32, 0x48, 0x00, 0x25, 0x00, 0xc2, 0x4c, 0xfe, 0x3f, 0x04, 0x90,
    0x50, 0x7b, 0xfc, 0xff, 0x7f, 0x54, 0x01, 0x20, 0x32, 0x91, 0x58, 0x5d, 0xfc, 0xff, 0x7f,
    0x5c, 0x00, 0x00, 0x00, 0x01, 0x60, 0x34, 0x00, 0x80, 0x10, 0x64, 0x00, 0x25, 0x00, 0xc2,
    0x68, 0x11, 0x00, 0x80, 0x18, 0x6c, 0x18, 0x20, 0xa4, 0x80, 0x70, 0x80, 0xc1, 0x3f, 0x03,
    0x74, 0xb0, 0x25, 0x00, 0xda, 0x78, 0x38, 0x60, 0x10, 0x82, 0x7c, 0x00, 0x40, 0x20, 0xda,
    0xf0, 0x47, 0x00, 0x00, 0x00, 0x00, 0x00, 0xc2, 0x3f, 0x03, 0x04, 0x74, 0x60, 0x10, 0x82,
    0x08, 0x2c, 0x23, 0x00, 0xda, 0x0c, 0x00, 0x40, 0x20, 0xda, 0x10, 0xca, 0xfc, 0xff, 0x7f,
    0x14, 0x00, 0x20, 0x10, 0x90, 0x18, 0x4c, 0x25, 0x00, 0xc2, 0x1c, 0x04, 0x60, 0x10, 0x82,
    0x20, 0x4c, 0x25, 0x20, 0xc2, 0x24, 0x20, 0x00, 0x80, 0x10, 0x28, 0xcc, 0x2f, 0x00, 0xc2,
    0x2c, 0x0c, 0x00, 0x80, 0x18, 0x30, 0x28, 0x20, 0xa4, 0x80, 0x34, 0x00, 0x20, 0x10, 0x90,
    0x38, 0x00, 0x20, 0x10, 0x92, 0x3c, 0xc0, 0x2f, 0x00, 0xc2, 0x40, 0x00, 0x40, 0xc0, 0x9f,
    0x44, 0x00, 0x20, 0x10, 0x94, 0x48, 0x16, 0x00, 0x00, 0x11, 0x4c, 0x0f, 0xfe, 0xff, 0x7f,
    0x50, 0x30, 0x23, 0x12, 0x90, 0x54, 0x17, 0x00, 0x80, 0x10, 0x58, 0x00, 0x25, 0x00, 0xc2,
    0x5c, 0x15, 0x00, 0x80, 0x38, 0x60, 0x00, 0x25, 0x00, 0xc2, 0x64, 0xbc, 0xfb, 0xff, 0x7f,
    0x68, 0x16, 0x00, 0x00, 0x23, 0x6c, 0x30, 0x63, 0x14, 0x92, 0x70, 0xc0, 0x2f, 0x00, 0xc2,
    0x74, 0x00, 0x40, 0xc0, 0x9f, 0x78, 0xe8, 0x3f, 0x04, 0x94, 0x7c, 0x28, 0x20, 0xa4, 0x80,
    0xf0, 0x48, 0x00, 0x00, 0x00, 0x00, 0x0c, 0x00, 0x80, 0x32, 0x04, 0x00, 0x25, 0x00, 0xc2,
    0x08, 0x30, 0x63, 0x14, 0x90, 0x0c, 0x07, 0xfe, 0xff, 0x7f, 0x10, 0x08, 0x20, 0x10, 0x92,
    0x14, 0xd8, 0x2f, 0x00, 0xc2, 0x18, 0x00, 0x60, 0xa0, 0x80, 0x1c, 0x05, 0x00, 0x80, 0x22,
    0x20, 0x00, 0x25, 0x00, 0xc2, 0x24, 0x00, 0x40, 0xc0, 0x9f, 0x28, 0x00, 0x00, 0x00, 0x01,
    0x2c, 0x00, 0x25, 0x00, 0xc2, 0x30, 0x01, 0x00, 0xa4, 0x80, 0x34, 0x0b, 0x00, 0x80, 0x12,
    0x38, 0xff, 0xff, 0x1f, 0x03, 0x3c, 0xf0, 0x63, 0x10, 0x82, 0x40, 0x01, 0x00, 0xa4, 0x80,
    0x44, 0x03, 0x00, 0x80, 0x38, 0x48, 0x00, 0x00, 0x04, 0x21, 0x4c, 0x01, 0x20, 0x04, 0xa0,
    0x50, 0x80, 0xc1, 0x3f, 0x03, 0x54, 0x34, 0x60, 0x10, 0x82, 0x58, 0x00, 0x40, 0x20, 0xe0,
    0x5c, 0x00, 0x25, 0x20, 0xe0, 0x60, 0x08, 0xe0, 0xc7, 0x81, 0x64, 0x00, 0x00, 0xe8, 0x81,
    0x68, 0x08, 0xe0, 0xc3, 0x81, 0x6c, 0x00, 0x00, 0x00, 0x01, 0x70, 0x60, 0xbf, 0xe3, 0x9d,
    0x74, 0x3f, 0x00, 0x00, 0x1b, 0x78, 0x50, 0x23, 0x00, 0xc2, 0x7c, 0xff, 0x63, 0x13, 0x9a,
    0xf0, 0x49, 0x00, 0x00, 0x00, 0x00, 0x0d, 0x40, 0x08, 0xae, 0x04, 0x01, 0x20, 0x10, 0xa6,
    0x08, 0x00, 0x23, 0x00, 0xda, 0x0c, 0x0d, 0xc0, 0xa4, 0x80, 0x10, 0x62, 0x00, 0x80, 0x18,
    0x14, 0x10, 0x60, 0x30, 0xa3, 0x18, 0x10, 0x20, 0x10, 0xa4, 0x1c, 0x00, 0x20, 0x10, 0xac,
    0x20, 0x00, 0x20, 0x10, 0xaa, 0x24, 0x00, 0x20, 0x10, 0xa8, 0x28, 0x00, 0x60, 0xa4, 0x80,
    0x2c, 0x2c, 0x00, 0x80, 0x02, 0x30, 0x00, 0x20, 0x10, 0xa0, 0x34, 0x18, 0x00, 0x00, 0x03,
    0x38, 0xe0, 0x60, 0x10, 0x96, 0x3c, 0x00, 0x20, 0x10, 0x92, 0x40, 0xc0, 0xbf, 0x07, 0x98,
    0x44, 0x09, 0x00, 0x05, 0x82, 0x48, 0x40, 0x64, 0x08, 0xda, 0x4c, 0x0d, 0x80, 0x04, 0x82,
    0x50, 0x00, 0x60, 0xa3, 0x80, 0x54, 0x08, 0x00, 0x80, 0x02, 0x58, 0x02, 0x60, 0x28, 0x83,
    0x5c, 0x0b, 0x40, 0x00, 0xc2, 0x60, 0x00, 0x00, 0x23, 0xc2, 0x64, 0x01, 0x60, 0x02, 0x92,
    0x68, 0x0b, 0x60, 0xa2, 0x80, 0x6c, 0xf6, 0xff, 0xbf, 0x04, 0x70, 0x04, 0x20, 0x03, 0x98,
    0x74, 0x38, 0xfa, 0xff, 0x7f, 0x78, 0xc0, 0xbf, 0x07, 0x90, 0x7c, 0x11, 0xc0, 0xa5, 0x80,
    0xf0, 0x4a, 0x00, 0x00, 0x00, 0x00, 0x0b, 0x00, 0x80, 0x14, 0x04, 0x17, 0x00, 0x10, 0x92,
    0x08, 0x02, 0xe0, 0x2d, 0x83, 0x0c, 0x1e, 0x40, 0x00, 0x82, 0x10, 0xc0, 0x7f, 0x00, 0x9a,
    0x14, 0x00, 0x40, 0x03, 0xc2, 0x18, 0x01, 0x60, 0x02, 0x92, 0x1c, 0x01, 0x00, 0x04, 0xa0,
    0x20, 0x11, 0x40, 0xa2, 0x80, 0x24, 0xfc, 0xff, 0xbf, 0x04, 0x28, 0x04, 0x60, 0x03, 0x9a,
    0x2c, 0x17, 0x40, 0x24, 0x82, 0x30, 0x01, 0x60, 0x00, 0x82, 0x34, 0x1f, 0x20, 0x3c, 0x9b,
    0x38, 0x00, 0x60, 0x83, 0x81, 0x3c, 0x00, 0x00, 0x00, 0x01, 0x40, 0x00, 0x00, 0x00, 0x01,
    0x44, 0x00, 0x00, 0x00, 0x01, 0x48, 0x01, 0x00, 0x7c, 0xa0, 0x4c, 0xae, 0x21, 0x50, 0xc2,
    0x50, 0x01, 0x00, 0xa4, 0x80, 0x54, 0x02, 0x00, 0x80, 0x26, 0x58, 0x01, 0x00, 0x10, 0xa0,
    0x5c, 0x18, 0x00, 0x00, 0x03, 0x60, 0xe0, 0x60, 0x10, 0x94, 0x64, 0x00, 0x20, 0x10, 0x92,
    0x68, 0x09, 0x40, 0x05, 0x82, 0x6c, 0x40, 0x64, 0x08, 0xda, 0x70, 0x0d, 0x80, 0x04, 0x82,
    0x74, 0x02, 0x60, 0x28, 0x99, 0x78, 0x00, 0x60, 0xa3, 0x80, 0x7c, 0x1d, 0x00, 0x80, 0x02,
    0xf0, 0x4b, 0x00, 0x00, 0x00, 0x00, 0x0c, 0x00, 0x10, 0x96, 0x04, 0x00, 0x20, 0xa4, 0x80,
    0x08, 0x0c, 0x00, 0x80, 0x24, 0x0c, 0x0a, 0xc0, 0x02, 0xc2, 0x10, 0x0a, 0x00, 0x03, 0xc2,
    0x14, 0x10, 0x40, 0xa0, 0x80, 0x18, 0x07, 0x00, 0x80, 0x16, 0x1c, 0x00, 0x20, 0x10, 0x98,
    0x20, 0x00, 0x60, 0xa0, 0x80, 0x24, 0x06, 0x00, 0x80, 0x24, 0x28, 0x01, 0x00, 0x10, 0x98,
    0x2c, 0x05, 0x00, 0x80, 0x10, 0x30, 0x0d, 0x80, 0x04, 0x82, 0x34, 0x0a, 0xc0, 0x02, 0xc2,
    0x38, 0x10, 0x40, 0x20, 0x98, 0x3c, 0x0d, 0x80, 0x04, 0x82, 0x40, 0x02, 0x60, 0x28, 0x9b,
    0x44, 0xc8, 0x23, 0x00, 0xc2, 0x48, 0x11, 0x60, 0x30, 0x83, 0x4c, 0x01, 0x60, 0x88, 0x80,
    0x50, 0x05, 0x00, 0x80, 0x02, 0x54, 0x01, 0x60, 0x02, 0x92, 0x58, 0xaf, 0xe2, 0x0c, 0xc2,
    0x5c, 0x01, 0x00, 0x5b, 0x82, 0x60, 0x07, 0x60, 0x38, 0x99, 0x64, 0x0b, 0x60, 0xa2, 0x80,
    0x68, 0xe0, 0xff, 0xbf, 0x04, 0x6c, 0x0a, 0x40, 0x23, 0xd8, 0x70, 0x01, 0xa0, 0x05, 0xac,
    0x74, 0x0c, 0x20, 0x05, 0xa8, 0x78, 0x01, 0xa0, 0xa5, 0x80, 0x7c, 0xab, 0xff, 0xbf, 0x04,
    0xf0, 0x4c, 0x00, 0x00, 0x00, 0x00, 0x0c, 0x60, 0x05, 0xaa, 0x04, 0x01, 0xe0, 0x04, 0xa6,
    0x08, 0x00, 0x23, 0x00, 0xc2, 0x0c, 0x01, 0xc0, 0xa4, 0x80, 0x10, 0xa3, 0xff, 0xbf, 0x08,
    0x14, 0x10, 0xa0, 0x04, 0xa4, 0x18, 0x08, 0xe0, 0xc7, 0x81, 0x1c, 0x00, 0x00, 0xe8, 0x81,
    0x20, 0x98, 0xbf, 0xe3, 0x9d, 0x24, 0x18, 0x00, 0x10, 0x9e, 0x28, 0x00, 0x60, 0xa6, 0x80,
    0x2c, 0x1b, 0x00, 0x80, 0x02, 0x30, 0x1a, 0x00, 0x10, 0xb0, 0x34, 0xdf, 0xff, 0x1f, 0x03,
    0x38, 0xff, 0x63, 0x10, 0xb4, 0x3c, 0x00, 0x20, 0x10, 0x82, 0x40, 0x02, 0x60, 0x28, 0xbb,
    0x44, 0x09, 0x20, 0xa6, 0x80, 0x48, 0x01, 0x60, 0x00, 0xb6, 0x4c, 0x06, 0x00, 0x80, 0x12,
    0x50, 0x1d, 0x00, 0x10, 0xb8, 0x54, 0x1d, 0x40, 0x06, 0xc2, 0x58, 0x01, 0x60, 0x30, 0x83,
    0x5c, 0x1a, 0x40, 0x08, 0x82, 0x60, 0x1d, 0x40, 0x26, 0xc2, 0x64, 0x08, 0x20, 0xa6, 0x80,
    0x68, 0x06, 0x00, 0x80, 0x08, 0x6c, 0x1c, 0x40, 0x06, 0xc2, 0x70, 0x1c, 0xc0, 0x03, 0xfa,
    0x74, 0x01, 0x60, 0x37, 0xbb, 0x78, 0x03, 0x00, 0x80, 0x10, 0x7c, 0x1a, 0x40, 0x0f, 0xba,
    0xf0, 0x4d, 0x00, 0x00, 0x00, 0x00, 0x1c, 0xc0, 0x03, 0xfa, 0x04, 0x1d, 0x40, 0x00, 0x82,
    0x08, 0x1c, 0x40, 0x26, 0xc2, 0x0c, 0xb5, 0xe0, 0xa6, 0x80, 0x10, 0xec, 0xff, 0xbf, 0x08,
    0x14, 0x1b, 0x00, 0x10, 0x82, 0x18, 0x08, 0xe0, 0xc7, 0x81, 0x1c, 0x00, 0x00, 0xe8, 0x81,
    0x20, 0x96, 0x96, 0x16, 0x03, 0x24, 0x80, 0x21, 0x00, 0xda, 0x28, 0x5a, 0x62, 0x10, 0x82,
    0x2c, 0x01, 0x40, 0xa3, 0x80, 0x30, 0x00, 0x20, 0x10, 0x94, 0x34, 0x06, 0x00, 0x80, 0x12,
    0x38, 0x00, 0x20, 0x10, 0x96, 0x3c, 0x80, 0xc1, 0x3f, 0x03, 0x40, 0x30, 0x60, 0x10, 0x82,
    0x44, 0x24, 0x00, 0x80, 0x10, 0x48, 0x00, 0x40, 0x20, 0xda, 0x4c, 0x00, 0xc0, 0x02, 0xc2,
    0x50, 0x04, 0xe0, 0x02, 0x96, 0x54, 0xff, 0xe4, 0xa2, 0x80, 0x58, 0xfd, 0xff, 0xbf, 0x08,
    0x5c, 0x01, 0x80, 0x02, 0x94, 0x60, 0x00, 0x2d, 0x10, 0x96, 0x64, 0xf8, 0x2f, 0x00, 0xd2,
    0x68, 0x19, 0x00, 0x00, 0x03, 0x6c, 0x09, 0xc0, 0xa2, 0x80, 0x70, 0x0b, 0x00, 0x80, 0x1a,
    0x74, 0xff, 0x63, 0x10, 0x90, 0x78, 0x00, 0xc0, 0x02, 0xd8, 0x7c, 0x04, 0xe0, 0x02, 0x96,
    0xf0, 0x4e, 0x00, 0x00, 0x00, 0x00, 0x09, 0xc0, 0xa2, 0x80, 0x04, 0x00, 0x20, 0x40, 0x9a,
    0x08, 0x0b, 0x00, 0xa2, 0x80, 0x0c, 0xff, 0x3f, 0x60, 0x82, 0x10, 0x01, 0x40, 0x8b, 0x80,
    0x14, 0xf9, 0xff, 0xbf, 0x12, 0x18, 0x0c, 0x80, 0x02, 0x94, 0x1c, 0xfc, 0x21, 0x00, 0xc2,
    0x20, 0x01, 0x80, 0x22, 0x94, 0x24, 0x00, 0x22, 0x00, 0xc2, 0x28, 0x01, 0x80, 0x22, 0x94,
    0x2c, 0x96, 0x96, 0x16, 0x03, 0x30, 0x5a, 0x62, 0x10, 0x82, 0x34, 0x01, 0x80, 0xa2, 0x80,
    0x38, 0x80, 0xc1, 0x3f, 0x03, 0x3c, 0x30, 0x60, 0x10, 0x82, 0x40, 0x05, 0x00, 0x80, 0x02,
    0x44, 0x00, 0x40, 0x20, 0xd4, 0x48, 0x08, 0x00, 0x00, 0x03, 0x4c, 0x34, 0x62, 0xc0, 0x81,
    0x50, 0x01, 0x20, 0x10, 0x90, 0x54, 0x00, 0x00, 0x00, 0x01, 0x58, 0x08, 0xe0, 0xc3, 0x81,
    0x5c, 0x00, 0x00, 0x00, 0x01, 0x60, 0x98, 0xbf, 0xe3, 0x9d, 0x64, 0x18, 0x00, 0x10, 0x9e,
    0x68, 0x18, 0x00, 0x00, 0x03, 0x6c, 0x19, 0x00, 0x10, 0xb0, 0x70, 0xe0, 0x60, 0x10, 0xba,
    0x74, 0x00, 0x20, 0x10, 0xb6, 0x78, 0x02, 0xe0, 0x2e, 0x83, 0x7c, 0x01, 0xe0, 0x06, 0xb6,
    0xf0, 0x4f, 0x00, 0x00, 0x00, 0x00, 0xbf, 0xe1, 0xa6, 0x80, 0x04, 0xfd, 0xff, 0xbf, 0x08,
    0x08, 0x1d, 0x40, 0x20, 0xc0, 0x0c, 0x00, 0x20, 0x10, 0xb6, 0x10, 0xfc, 0x22, 0x00, 0xc2,
    0x14, 0x01, 0xc0, 0xa6, 0x80, 0x18, 0x1c, 0x00, 0x80, 0x1a, 0x1c, 0x18, 0x00, 0x00, 0x03,
    0x20, 0x24, 0x61, 0x10, 0xb2, 0x24, 0x00, 0x20, 0x10, 0xb4, 0x28, 0xf8, 0x22, 0x00, 0xc2,
    0x2c, 0x01, 0x80, 0xa6, 0x80, 0x30, 0x11, 0x00, 0x80, 0x1a, 0x34, 0x02, 0xe0, 0x2e, 0x83,
    0x38, 0x19, 0x40, 0x00, 0xb8, 0x3c, 0x7c, 0x24, 0x00, 0xc2, 0x40, 0x80, 0xe3, 0x0e, 0xfa,
    0x44, 0x01, 0x80, 0x5e, 0x82, 0x48, 0x1d, 0x40, 0x00, 0x82, 0x4c, 0x01, 0x40, 0x00, 0x82,
    0x50, 0x01, 0x00, 0x16, 0xfa, 0x54, 0x01, 0xc0, 0x13, 0xc2, 0x58, 0x1d, 0x40, 0x20, 0x82,
    0x5c, 0x00, 0x00, 0x27, 0xc2, 0x60, 0x01, 0xa0, 0x06, 0xb4, 0x64, 0xf8, 0x22, 0x00, 0xc2,
    0x68, 0x01, 0x80, 0xa6, 0x80, 0x6c, 0xf4, 0xff, 0xbf, 0x0a, 0x70, 0x40, 0x20, 0x07, 0xb8,
    0x74, 0x01, 0xe0, 0x06, 0xb6, 0x78, 0xfc, 0x22, 0x00, 0xc2, 0x7c, 0x01, 0xc0, 0xa6, 0x80,
    0xf0, 0x50, 0x00, 0x00, 0x00, 0x00, 0xea, 0xff, 0xbf, 0x0a, 0x04, 0x00, 0x20, 0x10, 0xb4,
    0x08, 0x08, 0xe0, 0xc7, 0x81, 0x0c, 0x00, 0x00, 0xe8, 0x81, 0x10, 0x98, 0xbf, 0xe3, 0x9d,
    0x14, 0x16, 0x00, 0x00, 0x11, 0x18, 0xe4, 0x2f, 0x00, 0xc2, 0x1c, 0x00, 0x40, 0xc0, 0x9f,
    0x20, 0x30, 0x23, 0x12, 0x90, 0x24, 0x9c, 0x25, 0x00, 0xc2, 0x28, 0x4c, 0x25, 0x00, 0xd8,
    0x2c, 0x02, 0x20, 0x8b, 0x80, 0x30, 0x34, 0x00, 0x80, 0x02, 0x34, 0x50, 0x25, 0x20, 0xc2,
    0x38, 0x54, 0x26, 0x00, 0xda, 0x3c, 0x0d, 0x40, 0x03, 0x82, 0x40, 0x0d, 0x40, 0x00, 0x82,
    0x44, 0x9c, 0x25, 0x00, 0xda, 0x48, 0xd8, 0x62, 0x03, 0xb2, 0x4c, 0x01, 0x40, 0x00, 0x82,
    0x50, 0x61, 0x20, 0x10, 0x9a, 0x54, 0x01, 0x40, 0x23, 0x9a, 0x58, 0x07, 0x60, 0x2e, 0x83,
    0x5c, 0x1f, 0x60, 0x38, 0x97, 0x60, 0x00, 0xe0, 0x82, 0x81, 0x64, 0x00, 0x00, 0x00, 0x01,
    0x68, 0x00, 0x00, 0x00, 0x01, 0x6c, 0x00, 0x00, 0x00, 0x01, 0x70, 0x0d, 0x40, 0x78, 0xb2,
    0x74, 0xfd, 0x3f, 0x0b, 0x98, 0x78, 0x17, 0x00, 0x00, 0x11, 0x7c, 0x4c, 0x25, 0x20, 0xd8,
    0xf0, 0x51, 0x00, 0x00, 0x00, 0x00, 0xe4, 0x2f, 0x00, 0xc2, 0x04, 0x00, 0x40, 0xc0, 0x9f,
    0x08, 0x08, 0x22, 0x12, 0x90, 0x0c, 0x14, 0x00, 0x00, 0x11, 0x10, 0x9c, 0x25, 0x00, 0xe0,
    0x14, 0xe4, 0x2f, 0x00, 0xc2, 0x18, 0x00, 0x40, 0xc0, 0x9f, 0x1c, 0xa8, 0x22, 0x12, 0x90,
    0x20, 0x10, 0x40, 0xa6, 0x80, 0x24, 0xff, 0x3f, 0x60, 0x9a, 0x28, 0x9c, 0x25, 0x00, 0xc2,
    0x2c, 0x01, 0x40, 0xa6, 0x80, 0x30, 0xff, 0x3f, 0x60, 0x82, 0x34, 0x01, 0x40, 0x93, 0x80,
    0x38, 0x12, 0x00, 0x80, 0x22, 0x3c, 0x0c, 0x25, 0x20, 0xc0, 0x40, 0x18, 0x00, 0x00, 0x21,
    0x44, 0x8d, 0xfa, 0xff, 0x7f, 0x48, 0x60, 0x22, 0x14, 0x90, 0x4c, 0x60, 0x22, 0x14, 0xa0,
    0x50, 0x00, 0x20, 0x10, 0xb2, 0x54, 0x02, 0x60, 0x2e, 0x9b, 0x58, 0x01, 0x60, 0x06, 0xb2,
    0x5c, 0x10, 0x40, 0x03, 0xc2, 0x60, 0x17, 0x60, 0xa6, 0x80, 0x64, 0xfc, 0xff, 0xbf, 0x04,
    0x68, 0xb0, 0x65, 0x23, 0xc2, 0x6c, 0xf8, 0xfa, 0xff, 0x7f, 0x70, 0x00, 0x00, 0x00, 0x01,
    0x74, 0x15, 0x20, 0x10, 0x82, 0x78, 0x10, 0x00, 0x80, 0x10, 0x7c, 0x00, 0x25, 0x20, 0xc2,
    0xf0, 0x52, 0x00, 0x00, 0x00, 0x00, 0x0c, 0x25, 0x00, 0xc2, 0x04, 0x00, 0x60, 0xa0, 0x80,
    0x08, 0x0c, 0x00, 0x80, 0x12, 0x0c, 0xa9, 0x96, 0x16, 0x03, 0x10, 0xa5, 0x61, 0x10, 0x82,
    0x14, 0x16, 0x00, 0x00, 0x31, 0x18, 0x14, 0x00, 0x00, 0x33, 0x1c, 0x0c, 0x25, 0x20, 0xc2,
    0x20, 0x58, 0x26, 0x20, 0xc0, 0x24, 0x54, 0x26, 0x20, 0xc0, 0x28, 0x30, 0x23, 0x16, 0xb0,
    0x2c, 0xa8, 0x62, 0x16, 0xb2, 0x30, 0x01, 0xfd, 0xff, 0x7f, 0x34, 0x00, 0x00, 0xe8, 0x81,
    0x38, 0x00, 0x00, 0x00, 0x01, 0x3c, 0x08, 0xe0, 0xc7, 0x81, 0x40, 0x00, 0x00, 0xe8, 0x81,
    0x44, 0x30, 0xbf, 0xe3, 0x9d, 0x48, 0x48, 0x25, 0x10, 0xc2, 0x4c, 0x01, 0x60, 0x88, 0x80,
    0x50, 0x18, 0x00, 0x10, 0x94, 0x54, 0x00, 0x20, 0x10, 0x9a, 0x58, 0x00, 0x20, 0x10, 0x96,
    0x5c, 0x04, 0x00, 0x80, 0x02, 0x60, 0x00, 0x20, 0x10, 0x98, 0x64, 0x9c, 0x25, 0x20, 0xc0,
    0x68, 0x2e, 0x00, 0x80, 0x30, 0x6c, 0x00, 0x20, 0x10, 0x9e, 0x70, 0x0f, 0x00, 0x03, 0x82,
    0x74, 0x41, 0x64, 0x08, 0xf6, 0x78, 0x00, 0xe0, 0xa6, 0x80, 0x7c, 0x24, 0x00, 0x80, 0x02,
    0xf0, 0x53, 0x00, 0x00, 0x00, 0x00, 0x40, 0x64, 0x08, 0xf4, 0x04, 0x7d, 0x21, 0x08, 0xc2,
    0x08, 0xff, 0x7f, 0x80, 0x80, 0x0c, 0x7f, 0xa3, 0x0e, 0xf4, 0x10, 0x7f, 0xe3, 0x0e, 0xf6,
    0x14, 0x1a, 0x00, 0x80, 0x0c, 0x18, 0x00, 0x20, 0x10, 0xb2, 0x1c, 0xf8, 0xbf, 0x07, 0xb0,
    0x20, 0x7c, 0x24, 0x00, 0xc2, 0x24, 0x19, 0x40, 0x58, 0x82, 0x28, 0x01, 0xc0, 0x06, 0xba,
    0x2c, 0x01, 0x80, 0x06, 0x82, 0x30, 0x01, 0x40, 0x00, 0x82, 0x34, 0x01, 0x80, 0x52, 0xf8,
    0x38, 0x1d, 0x40, 0x07, 0xba, 0x3c, 0x1d, 0x80, 0x52, 0xc2, 0x40, 0x01, 0x00, 0x27, 0xb8,
    0x44, 0x00, 0x60, 0xa6, 0x80, 0x48, 0x07, 0x00, 0x80, 0x02, 0x4c, 0x98, 0x3f, 0x26, 0xf8,
    0x50, 0x94, 0x3f, 0x06, 0xc2, 0x54, 0x01, 0x00, 0xa7, 0x82, 0x58, 0x03, 0x00, 0x80, 0x2c,
    0x5c, 0x01, 0x40, 0x23, 0x9a, 0x60, 0x01, 0x40, 0x03, 0x9a, 0x64, 0x7d, 0x21, 0x08, 0xc2,
    0x68, 0x01, 0x60, 0x06, 0xb2, 0x6c, 0xff, 0x7f, 0x00, 0x82, 0x70, 0x01, 0x40, 0xa6, 0x80,
    0x74, 0xeb, 0xff, 0xbf, 0x04, 0x78, 0x04, 0x20, 0x06, 0xb0, 0x7c, 0x01, 0xe0, 0x03, 0x9e,
    0xf0, 0x54, 0x00, 0x00, 0x00, 0x00, 0x0a, 0xe0, 0xa3, 0x80, 0x04, 0xdc, 0xff, 0xbf, 0x04,
    0x08, 0x0f, 0x00, 0x03, 0x82, 0x0c, 0x01, 0xe0, 0x02, 0x96, 0x10, 0x01, 0xe0, 0xa2, 0x80,
    0x14, 0xd6, 0xff, 0xbf, 0x04, 0x18, 0x0c, 0x20, 0x03, 0x98, 0x1c, 0x9c, 0x25, 0x20, 0xda,
    0x20, 0x08, 0xe0, 0xc7, 0x81, 0x24, 0x00, 0x00, 0xe8, 0x81, 0x28, 0x58, 0xbf, 0xe3, 0x9d,
    0x2c, 0x4d, 0x22, 0x08, 0xc2, 0x30, 0x00, 0x60, 0xa0, 0x80, 0x34, 0x04, 0x00, 0x80, 0x12,
    0x38, 0xfe, 0x7f, 0x06, 0x94, 0x3c, 0x9c, 0x25, 0x20, 0xc0, 0x40, 0x65, 0x00, 0x80, 0x30,
    0x44, 0x02, 0x60, 0x06, 0xa6, 0x48, 0x13, 0x80, 0xa2, 0x80, 0x4c, 0x3f, 0x00, 0x80, 0x14,
    0x50, 0x00, 0x20, 0x10, 0x90, 0x54, 0x02, 0x20, 0x06, 0xa0, 0x58, 0xfe, 0x3f, 0x06, 0x96,
    0x5c, 0x10, 0xc0, 0xa2, 0x80, 0x60, 0x36, 0x00, 0x80, 0x14, 0x64, 0x1f, 0xa0, 0x3a, 0x83,
    0x68, 0x0a, 0x40, 0x20, 0x82, 0x6c, 0x19, 0x40, 0x06, 0x9a, 0x70, 0x0a, 0x40, 0x23, 0x9a,
    0x74, 0x02, 0x20, 0x2a, 0x99, 0x78, 0x1f, 0x60, 0x30, 0xab, 0x7c, 0x1e, 0x00, 0x03, 0x98,
    0xf0, 0x55, 0x00, 0x00, 0x00, 0x00, 0x18, 0x00, 0x00, 0x03, 0x04, 0x04, 0x60, 0x2b, 0xa9,
    0x08, 0xe0, 0x60, 0x10, 0xac, 0x0c, 0xb8, 0x3f, 0x03, 0x98, 0x10, 0xff, 0x3f, 0x06, 0xa4,
    0x14, 0x01, 0x20, 0x06, 0xa2, 0x18, 0xff, 0x7f, 0x06, 0x9a, 0x1c, 0x18, 0x00, 0x06, 0x82,
    0x20, 0x0b, 0x40, 0x20, 0x82, 0x24, 0x01, 0x00, 0x05, 0x82, 0x28, 0x12, 0xc0, 0xa2, 0x80,
    0x2c, 0x0b, 0x00, 0x80, 0x06, 0x30, 0x02, 0x60, 0x28, 0x9f, 0x34, 0x11, 0xc0, 0xa2, 0x80,
    0x38, 0x09, 0x00, 0x80, 0x14, 0x3c, 0x00, 0xe0, 0xa2, 0x80, 0x40, 0x0d, 0x80, 0xa2, 0x80,
    0x44, 0x05, 0x00, 0x80, 0x06, 0x48, 0x01, 0x60, 0x06, 0x82, 0x4c, 0x01, 0x80, 0xa2, 0x80,
    0x50, 0x17, 0x00, 0x80, 0x24, 0x54, 0x01, 0xe0, 0x02, 0x96, 0x58, 0x00, 0xe0, 0xa2, 0x80,
    0x5c, 0x10, 0x00, 0x80, 0x24, 0x60, 0x16, 0xc0, 0x03, 0xc2, 0x64, 0x08, 0x23, 0x00, 0xc2,
    0x68, 0x0b, 0x40, 0xa0, 0x80, 0x6c, 0xff, 0x3f, 0x60, 0x82, 0x70, 0x15, 0x40, 0x88, 0x80,
    0x74, 0x0a, 0x00, 0x80, 0x22, 0x78, 0x16, 0xc0, 0x03, 0xc2, 0x7c, 0x04, 0xa0, 0x2a, 0x83,
    0xf0, 0x56, 0x00, 0x00, 0x00, 0x00, 0x0b, 0x40, 0x00, 0x82, 0x04, 0x02, 0x60, 0x28, 0x93,
    0x08, 0x00, 0x23, 0x00, 0xc2, 0x0c, 0x01, 0x80, 0xa2, 0x80, 0x10, 0x03, 0x00, 0x80, 0x38,
    0x14, 0x16, 0xc0, 0x03, 0xc2, 0x18, 0x16, 0x40, 0x02, 0xc2, 0x1c, 0x00, 0x00, 0x23, 0xc2,
    0x20, 0x01, 0x20, 0x02, 0x90, 0x24, 0x04, 0x20, 0x03, 0x98, 0x28, 0x01, 0xe0, 0x02, 0x96,
    0x2c, 0x10, 0xc0, 0xa2, 0x80, 0x30, 0xdc, 0xff, 0xbf, 0x04, 0x34, 0x18, 0x00, 0x06, 0x82,
    0x38, 0x01, 0xa0, 0x02, 0x94, 0x3c, 0x13, 0x80, 0xa2, 0x80, 0x40, 0xc7, 0xff, 0xbf, 0x04,
    0x44, 0xfe, 0x3f, 0x06, 0x96, 0x48, 0xb8, 0xbf, 0x07, 0x90, 0x4c, 0xa2, 0xf8, 0xff, 0x7f,
    0x50, 0x10, 0x20, 0x10, 0x92, 0x54, 0x4f, 0x22, 0x08, 0xd6, 0x58, 0xff, 0xe0, 0x0a, 0xb0,
    0x5c, 0x4d, 0x22, 0x08, 0xd8, 0x60, 0x0c, 0x00, 0xa6, 0x80, 0x64, 0x0b, 0x00, 0x80, 0x14,
    0x68, 0x00, 0x20, 0x10, 0x90, 0x6c, 0x02, 0x20, 0x2e, 0x83, 0x70, 0x1e, 0x40, 0x00, 0x82,
    0x74, 0xb8, 0x7f, 0x00, 0x9a, 0x78, 0x00, 0x40, 0x03, 0xc2, 0x7c, 0x01, 0x20, 0x06, 0xb0,
    0xf0, 0x57, 0x00, 0x00, 0x00, 0x00, 0x01, 0x00, 0x02, 0x90, 0x04, 0x0c, 0x00, 0xa6, 0x80,
    0x08, 0xfc, 0xff, 0xbf, 0x04, 0x0c, 0x04, 0x60, 0x03, 0x9a, 0x10, 0xff, 0xe0, 0x0a, 0x82,
    0x14, 0x4d, 0x22, 0x08, 0xda, 0x18, 0x01, 0x40, 0x23, 0x9a, 0x1c, 0x4c, 0x22, 0x08, 0xc2,
    0x20, 0x01, 0x60, 0x03, 0x9a, 0x24, 0x01, 0x00, 0x5a, 0x82, 0x28, 0x1f, 0x60, 0x38, 0x99,
    0x2c, 0x00, 0x20, 0x83, 0x81, 0x30, 0x00, 0x00, 0x00, 0x01, 0x34, 0x00, 0x00, 0x00, 0x01,
    0x38, 0x00, 0x00, 0x00, 0x01, 0x3c, 0x0d, 0x40, 0x78, 0x82, 0x40, 0x1f, 0x60, 0x38, 0x9b,
    0x44, 0x19, 0x60, 0x33, 0x9b, 0x48, 0x0d, 0x40, 0x00, 0x82, 0x4c, 0x07, 0x60, 0x38, 0x83,
    0x50, 0x9c, 0x25, 0x20, 0xc2, 0x54, 0x08, 0xe0, 0xc7, 0x81, 0x58, 0x00, 0x00, 0xe8, 0x81,
    0x5c, 0x98, 0xbf, 0xe3, 0x9d, 0x60, 0x40, 0x25, 0x00, 0xc2, 0x64, 0x01, 0x60, 0x00, 0x82,
    0x68, 0x40, 0x25, 0x20, 0xc2, 0x6c, 0x88, 0x25, 0x00, 0xc2, 0x70, 0x00, 0x60, 0xa0, 0x80,
    0x74, 0x14, 0x00, 0x80, 0x02, 0x78, 0x17, 0x00, 0x00, 0x11, 0x7c, 0x94, 0x25, 0x00, 0xc2,
    0xf0, 0x58, 0x00, 0x00, 0x00, 0x00, 0x00, 0x60, 0xa0, 0x80, 0x04, 0x04, 0x00, 0x80, 0x12,
    0x08, 0x08, 0x22, 0x12, 0x90, 0x0c, 0xff, 0xfb, 0xff, 0x7f, 0x10, 0x00, 0x00, 0x00, 0x01,
    0x14, 0x88, 0x25, 0x00, 0xda, 0x18, 0x94, 0x25, 0x00, 0xc2, 0x1c, 0x01, 0x60, 0x00, 0x82,
    0x20, 0xff, 0x7f, 0x03, 0x9a, 0x24, 0x94, 0x25, 0x20, 0xc2, 0x28, 0xab, 0xf9, 0xff, 0x7f,
    0x2c, 0x88, 0x25, 0x20, 0xda, 0x30, 0x17, 0x00, 0x00, 0x13, 0x34, 0x08, 0x62, 0x12, 0x92,
    0x38, 0xc0, 0x2f, 0x00, 0xc2, 0x3c, 0x00, 0x40, 0xc0, 0x9f, 0x40, 0x94, 0x25, 0x00, 0xd4,
    0x44, 0x00, 0x00, 0x00, 0x01, 0x48, 0x08, 0xe0, 0xc7, 0x81, 0x4c, 0x00, 0x00, 0xe8, 0x81,
    0x50, 0x88, 0x25, 0x00, 0xc2, 0x54, 0x01, 0x60, 0xa0, 0x80, 0x58, 0x1a, 0x00, 0x80, 0x12,
    0x5c, 0x98, 0x22, 0x00, 0xda, 0x60, 0x48, 0x25, 0x10, 0xc2, 0x64, 0x01, 0x60, 0x88, 0x80,
    0x68, 0x09, 0x00, 0x80, 0x22, 0x6c, 0x08, 0x22, 0x00, 0xc2, 0x70, 0x70, 0x21, 0x00, 0xc2,
    0x74, 0x00, 0x60, 0xa0, 0x80, 0x78, 0x05, 0x00, 0x80, 0x22, 0x7c, 0x08, 0x22, 0x00, 0xc2,
    0xf0, 0x59, 0x00, 0x00, 0x00, 0x00, 0x98, 0x25, 0x20, 0xc0, 0x04, 0x0f, 0x00, 0x80, 0x10,
    0x08, 0x01, 0x00, 0x10, 0x9a, 0x0c, 0x00, 0x60, 0xa0, 0x80, 0x10, 0x09, 0x00, 0x80, 0x22,
    0x14, 0x98, 0x25, 0x00, 0xc2, 0x18, 0x58, 0x25, 0x00, 0xc2, 0x1c, 0x00, 0x60, 0xa0, 0x80,
    0x20, 0x05, 0x00, 0x80, 0x32, 0x24, 0x98, 0x25, 0x00, 0xc2, 0x28, 0x98, 0x25, 0x20, 0xc0,
    0x2c, 0x05, 0x00, 0x80, 0x10, 0x30, 0x34, 0x22, 0x00, 0xda, 0x34, 0x00, 0x60, 0xa0, 0x80,
    0x38, 0x02, 0x00, 0x80, 0x22, 0x3c, 0x3c, 0x23, 0x00, 0xda, 0x40, 0x00, 0xc2, 0x3f, 0x03,
    0x44, 0x70, 0x60, 0x10, 0x82, 0x48, 0x08, 0xe0, 0xc3, 0x81, 0x4c, 0x00, 0x40, 0x20, 0xda,
    0x50, 0x98, 0xbf, 0xe3, 0x9d, 0x54, 0x88, 0x25, 0x00, 0xc2, 0x58, 0x00, 0x60, 0xa0, 0x80,
    0x5c, 0x10, 0x00, 0x80, 0x02, 0x60, 0x17, 0x00, 0x00, 0x11, 0x64, 0x48, 0x25, 0x00, 0xd8,
    0x68, 0x10, 0x20, 0x33, 0x83, 0x6c, 0x01, 0x60, 0x88, 0x80, 0x70, 0x10, 0x00, 0x80, 0x22,
    0x74, 0x8c, 0x25, 0x00, 0xc2, 0x78, 0x58, 0x25, 0x00, 0xc2, 0x7c, 0x00, 0x60, 0xa0, 0x80,
    0xf0, 0x5a, 0x00, 0x00, 0x00, 0x00, 0x0c, 0x00, 0x80, 0x32, 0x04, 0x8c, 0x25, 0x00, 0xc2,
    0x08, 0x94, 0x25, 0x00, 0xc2, 0x0c, 0x01, 0x60, 0xa0, 0x80, 0x10, 0x08, 0x00, 0x80, 0x32,
    0x14, 0x8c, 0x25, 0x00, 0xc2, 0x18, 0x17, 0x00, 0x00, 0x11, 0x1c, 0x08, 0x22, 0x12, 0x90,
    0x20, 0x90, 0x25, 0x20, 0xd0, 0x24, 0x88, 0x25, 0x20, 0xc0, 0x28, 0x1a, 0x00, 0x80, 0x10,
    0x2c, 0x94, 0x25, 0x00, 0xd2, 0x30, 0x00, 0x60, 0xa0, 0x80, 0x34, 0x15, 0x00, 0x80, 0x12,
    0x38, 0x01, 0x20, 0x10, 0x82, 0x3c, 0x54, 0x25, 0x00, 0xda, 0x40, 0x98, 0x25, 0x00, 0xc2,
    0x44, 0x0d, 0x40, 0xa0, 0x80, 0x48, 0x07, 0x00, 0x80, 0x1a, 0x4c, 0x14, 0x00, 0x00, 0x03,
    0x50, 0x01, 0x20, 0x10, 0x82, 0x54, 0x8c, 0x25, 0x20, 0xda, 0x58, 0x84, 0x25, 0x20, 0xc2,
    0x5c, 0x2b, 0x00, 0x80, 0x10, 0x60, 0x98, 0x25, 0x20, 0xc0, 0x64, 0x00, 0x24, 0x8b, 0x80,
    0x68, 0x04, 0x00, 0x80, 0x12, 0x6c, 0xa8, 0x62, 0x10, 0x82, 0x70, 0x13, 0x00, 0x00, 0x03,
    0x74, 0xd0, 0x63, 0x10, 0x82, 0x78, 0x90, 0x25, 0x20, 0xc2, 0x7c, 0x98, 0x25, 0x00, 0xd2,
    0xf0, 0x5b, 0x00, 0x00, 0x00, 0x00, 0x04, 0x00, 0x80, 0x10, 0x04, 0x90, 0x25, 0x00, 0xd0,
    0x08, 0x20, 0x00, 0x80, 0x10, 0x0c, 0x84, 0x25, 0x20, 0xc2, 0x10, 0xa6, 0xfb, 0xff, 0x7f,
    0x14, 0x00, 0x00, 0x00, 0x01, 0x18, 0x16, 0x00, 0x00, 0x13, 0x1c, 0xd0, 0x2f, 0x00, 0xc2,
    0x20, 0x30, 0x63, 0x12, 0x92, 0x24, 0x00, 0x40, 0xc0, 0x9f, 0x28, 0x90, 0x25, 0x00, 0xd0,
    0x2c, 0x90, 0x26, 0x00, 0xc2, 0x30, 0xff, 0x7d, 0x08, 0x82, 0x34, 0x90, 0x26, 0x20, 0xc2,
    0x38, 0x80, 0x20, 0x10, 0x82, 0x3c, 0x6c, 0x25, 0x20, 0xc2, 0x40, 0x00, 0x22, 0x00, 0xc2,
    0x44, 0x00, 0x60, 0xa0, 0x80, 0x48, 0x08, 0x00, 0x80, 0x32, 0x4c, 0x48, 0x25, 0x00, 0xc2,
    0x50, 0x48, 0x25, 0x00, 0xda, 0x54, 0x10, 0x60, 0x33, 0x83, 0x58, 0x01, 0x60, 0x88, 0x80,
    0x5c, 0x06, 0x00, 0x80, 0x22, 0x60, 0x04, 0x00, 0x00, 0x03, 0x64, 0x48, 0x25, 0x00, 0xc2,
    0x68, 0x04, 0x00, 0x00, 0x1b, 0x6c, 0x03, 0x00, 0x80, 0x10, 0x70, 0x0d, 0x40, 0x10, 0x82,
    0x74, 0x01, 0x40, 0x2b, 0x82, 0x78, 0x48, 0x25, 0x20, 0xc2, 0x7c, 0x48, 0x25, 0x00, 0xc2,
    0xf0, 0x5c, 0x00, 0x00, 0x00, 0x00, 0xbf, 0x7f, 0x08, 0x82, 0x04, 0x48, 0x25, 0x20, 0xc2,
    0x08, 0x08, 0xe0, 0xc7, 0x81, 0x0c, 0x00, 0x00, 0xe8, 0x81, 0x10, 0x08, 0x25, 0x00, 0xda,
    0x14, 0x00, 0xc0, 0x3f, 0x03, 0x18, 0x01, 0x40, 0x0b, 0x96, 0x1c, 0x00, 0x7f, 0x8b, 0x80,
    0x20, 0x1a, 0x00, 0x80, 0x02, 0x24, 0xa5, 0x20, 0x10, 0x90, 0x28, 0x3f, 0x00, 0x00, 0x15,
    0x2c, 0x00, 0xa3, 0x12, 0x82, 0x30, 0x01, 0x40, 0x0b, 0x98, 0x34, 0x00, 0x40, 0x29, 0x03,
    0x38, 0x01, 0xc0, 0xa2, 0x80, 0x3c, 0x13, 0x00, 0x80, 0x02, 0x40, 0x00, 0x00, 0x00, 0x01,
    0x44, 0x4c, 0x25, 0x00, 0xc2, 0x48, 0x0c, 0x40, 0x10, 0x82, 0x4c, 0x4c, 0x25, 0x20, 0xc2,
    0x50, 0x00, 0x25, 0x00, 0xc2, 0x54, 0x28, 0x60, 0xa0, 0x80, 0x58, 0x08, 0x25, 0x20, 0xc0,
    0x5c, 0x0b, 0x00, 0x80, 0x08, 0x60, 0xc0, 0xff, 0x3f, 0x03, 0x64, 0x01, 0x40, 0x0b, 0x9a,
    0x68, 0x00, 0x80, 0x16, 0x03, 0x6c, 0x01, 0xc0, 0xa2, 0x80, 0x70, 0x06, 0x00, 0x80, 0x12,
    0x74, 0xff, 0xa3, 0x12, 0x98, 0x78, 0x48, 0x25, 0x00, 0xc2, 0x7c, 0x0c, 0x40, 0x08, 0x82,
    0xf0, 0x5d, 0x00, 0x00, 0x00, 0x00, 0x0d, 0x40, 0x10, 0x82, 0x04, 0x48, 0x25, 0x20, 0xc2,
    0x08, 0x06, 0x00, 0x00, 0x03, 0x0c, 0x84, 0x63, 0xc0, 0x81, 0x10, 0x00, 0x00, 0x00, 0x01,
    0x14, 0x00, 0x00, 0x00, 0x01, 0x18, 0x7c, 0x24, 0x00, 0xda, 0x1c, 0xf8, 0x22, 0x00, 0xc2,
    0x20, 0x0d, 0x40, 0x58, 0x82, 0x24, 0x01, 0x60, 0x30, 0x83, 0x28, 0x00, 0x20, 0x10, 0x9a,
    0x2c, 0x01, 0x40, 0xa3, 0x80, 0x30, 0x15, 0x00, 0x80, 0x1a, 0x34, 0xdf, 0xff, 0x1f, 0x03,
    0x38, 0xff, 0x63, 0x10, 0x96, 0x3c, 0x01, 0x60, 0x03, 0x98, 0x40, 0x08, 0x60, 0xa2, 0x80,
    0x44, 0x06, 0x00, 0x80, 0x04, 0x48, 0x02, 0x60, 0x2b, 0x9b, 0x4c, 0x0d, 0x00, 0x02, 0xc2,
    0x50, 0x01, 0x60, 0x30, 0x83, 0x54, 0x03, 0x00, 0x80, 0x10, 0x58, 0x0b, 0x40, 0x08, 0x82,
    0x5c, 0x0d, 0x00, 0x02, 0xc2, 0x60, 0x09, 0x40, 0x58, 0x82, 0x64, 0x0d, 0x00, 0x22, 0xc2,
    0x68, 0x7c, 0x24, 0x00, 0xda, 0x6c, 0xf8, 0x22, 0x00, 0xc2, 0x70, 0x0d, 0x40, 0x58, 0x82,
    0x74, 0x01, 0x60, 0x30, 0x83, 0x78, 0x01, 0x00, 0xa3, 0x80, 0x7c, 0xf0, 0xff, 0xbf, 0x0a,
    0xf0, 0x5e, 0x00, 0x00, 0x00, 0x00, 0x0c, 0x00, 0x10, 0x9a, 0x04, 0x08, 0xe0, 0xc3, 0x81,
    0x08, 0x00, 0x00, 0x00, 0x01, 0x0c, 0x98, 0xbf, 0xe3, 0x9d, 0x10, 0x48, 0x25, 0x10, 0xc2,
    0x14, 0x01, 0x60, 0x88, 0x80, 0x18, 0x68, 0x00, 0x80, 0x12, 0x1c, 0x00, 0x00, 0x00, 0x01,
    0x20, 0x60, 0x24, 0x00, 0xe6, 0x24, 0x00, 0xe0, 0xa4, 0x80, 0x28, 0x64, 0x00, 0x80, 0x02,
    0x2c, 0x00, 0x00, 0x00, 0x01, 0x30, 0x88, 0x25, 0x00, 0xc2, 0x34, 0x94, 0x25, 0x00, 0xda,
    0x38, 0x0d, 0x40, 0x00, 0x98, 0x3c, 0x54, 0x25, 0x00, 0xc2, 0x40, 0x01, 0x00, 0xa3, 0x80,
    0x44, 0x5d, 0x00, 0x80, 0x12, 0x48, 0x00, 0x00, 0x00, 0x01, 0x4c, 0x98, 0x25, 0x00, 0xda,
    0x50, 0x8c, 0x25, 0x00, 0xc2, 0x54, 0x0d, 0x40, 0x00, 0x82, 0x58, 0x0c, 0x40, 0xa0, 0x80,
    0x5c, 0x04, 0x00, 0x80, 0x02, 0x60, 0x00, 0x60, 0xa3, 0x80, 0x64, 0x55, 0x00, 0x80, 0x12,
    0x68, 0x00, 0x00, 0x00, 0x01, 0x6c, 0x01, 0x20, 0x10, 0x96, 0x70, 0x7e, 0x21, 0x08, 0xc2,
    0x74, 0x01, 0xc0, 0xa2, 0x80, 0x78, 0x2e, 0x00, 0x80, 0x14, 0x7c, 0x00, 0x20, 0x10, 0x9e,
    0xf0, 0x5f, 0x00, 0x00, 0x00, 0x00, 0x01, 0x00, 0x10, 0xa4, 0x04, 0x7f, 0x21, 0x08, 0xe2,
    0x08, 0x18, 0x00, 0x00, 0x13, 0x0c, 0x01, 0x20, 0x10, 0x94, 0x10, 0x11, 0x80, 0xa2, 0x80,
    0x14, 0x20, 0x00, 0x80, 0x14, 0x18, 0x00, 0x20, 0x10, 0xa0, 0x1c, 0x02, 0xe0, 0x2a, 0x83,
    0x20, 0x40, 0x60, 0x00, 0x98, 0x24, 0xe0, 0x60, 0x12, 0xac, 0x28, 0xa0, 0x60, 0x12, 0xaa,
    0x2c, 0x20, 0x61, 0x12, 0xa8, 0x30, 0x7f, 0x21, 0x08, 0xd0, 0x34, 0x16, 0x00, 0x03, 0xda,
    0x38, 0x13, 0x40, 0xa3, 0x80, 0x3c, 0x13, 0x00, 0x80, 0x26, 0x40, 0x01, 0xa0, 0x02, 0x94,
    0x44, 0x01, 0xa0, 0xa2, 0x80, 0x48, 0x07, 0x00, 0x80, 0x22, 0x4c, 0x7f, 0x21, 0x08, 0xc2,
    0x50, 0x15, 0x00, 0x03, 0xc2, 0x54, 0x01, 0x40, 0xa3, 0x80, 0x58, 0x0c, 0x00, 0x80, 0x24,
    0x5c, 0x01, 0xa0, 0x02, 0x94, 0x60, 0x7f, 0x21, 0x08, 0xc2, 0x64, 0x01, 0x80, 0xa2, 0x80,
    0x68, 0x07, 0x00, 0x80, 0x22, 0x6c, 0x01, 0x20, 0x04, 0xa0, 0x70, 0x14, 0x00, 0x03, 0xc2,
    0x74, 0x01, 0x40, 0xa3, 0x80, 0x78, 0x04, 0x00, 0x80, 0x26, 0x7c, 0x01, 0xa0, 0x02, 0x94,
    0xf0, 0x60, 0x00, 0x00, 0x00, 0x00, 0x01, 0x20, 0x04, 0xa0, 0x04, 0x01, 0xa0, 0x02, 0x94,
    0x08, 0x08, 0x80, 0xa2, 0x80, 0x0c, 0xea, 0xff, 0xbf, 0x04, 0x10, 0x40, 0x20, 0x03, 0x98,
    0x14, 0x0f, 0x00, 0xa4, 0x80, 0x18, 0x02, 0x00, 0x80, 0x34, 0x1c, 0x10, 0x00, 0x10, 0x9e,
    0x20, 0x01, 0xe0, 0x02, 0x96, 0x24, 0x12, 0xc0, 0xa2, 0x80, 0x28, 0xda, 0xff, 0xbf, 0x24,
    0x2c, 0x01, 0x20, 0x10, 0x94, 0x30, 0x00, 0x20, 0x10, 0x96, 0x34, 0x64, 0xe4, 0x0a, 0xc2,
    0x38, 0x00, 0x60, 0xa0, 0x80, 0x3c, 0x06, 0x00, 0x80, 0x22, 0x40, 0x01, 0xe0, 0x02, 0x96,
    0x44, 0x01, 0xc0, 0xa3, 0x80, 0x48, 0x07, 0x00, 0x80, 0x34, 0x4c, 0x78, 0xe2, 0x0a, 0xc2,
    0x50, 0x01, 0xe0, 0x02, 0x96, 0x54, 0x03, 0xe0, 0xa2, 0x80, 0x58, 0xf8, 0xff, 0xbf, 0x24,
    0x5c, 0x64, 0xe4, 0x0a, 0xc2, 0x60, 0x16, 0x00, 0x80, 0x30, 0x64, 0x6c, 0x25, 0x00, 0xda,
    0x68, 0x0d, 0x40, 0x58, 0x82, 0x6c, 0x07, 0x60, 0x30, 0x83, 0x70, 0x6c, 0x25, 0x20, 0xc2,
    0x74, 0x68, 0xe4, 0x0a, 0xe0, 0x78, 0x00, 0x20, 0xa4, 0x80, 0x7c, 0x0f, 0x00, 0x80, 0x02,
    0xf0, 0x61, 0x00, 0x00, 0x00, 0x00, 0x01, 0x20, 0x10, 0x82, 0x04, 0x84, 0x25, 0x20, 0xc2,
    0x08, 0x90, 0x25, 0x00, 0xd0, 0x0c, 0x83, 0xff, 0xff, 0x7f, 0x10, 0x54, 0x25, 0x00, 0xd2,
    0x14, 0x88, 0x25, 0x00, 0xc2, 0x18, 0x10, 0x40, 0x00, 0x82, 0x1c, 0x88, 0x25, 0x20, 0xc2,
    0x20, 0x8c, 0x25, 0x00, 0xda, 0x24, 0x54, 0x25, 0x00, 0xc2, 0x28, 0x01, 0x40, 0xa3, 0x80,
    0x2c, 0x03, 0x00, 0x80, 0x18, 0x30, 0x10, 0x40, 0x03, 0x82, 0x34, 0x8c, 0x25, 0x20, 0xc2,
    0x38, 0x08, 0xe0, 0xc7, 0x81, 0x3c, 0x00, 0x00, 0xe8, 0x81, 0x40, 0x98, 0xbf, 0xe3, 0x9d,
    0x44, 0x88, 0x25, 0x00, 0xc2, 0x48, 0x00, 0x60, 0xa0, 0x80, 0x4c, 0x60, 0x00, 0x80, 0x12,
    0x50, 0x00, 0x00, 0x00, 0x01, 0x54, 0xf4, 0x26, 0x00, 0xc2, 0x58, 0x01, 0x60, 0x00, 0x82,
    0x5c, 0x10, 0x23, 0x00, 0xda, 0x60, 0x0d, 0x40, 0xa0, 0x80, 0x64, 0x5a, 0x00, 0x80, 0x0a,
    0x68, 0xf4, 0x26, 0x20, 0xc2, 0x6c, 0x7c, 0x22, 0x00, 0xd8, 0x70, 0x00, 0x20, 0xa3, 0x80,
    0x74, 0x32, 0x00, 0x80, 0x02, 0x78, 0xf4, 0x26, 0x20, 0xc0, 0x7c, 0xf8, 0x22, 0x00, 0xda,
    0xf0, 0x62, 0x00, 0x00, 0x00, 0x00, 0x7c, 0x24, 0x00, 0xc2, 0x04, 0x01, 0x40, 0x5b, 0x96,
    0x08, 0x07, 0x00, 0x00, 0x03, 0x0c, 0xff, 0x63, 0x10, 0x82, 0x10, 0x0d, 0x20, 0x33, 0x9b,
    0x14, 0x00, 0x20, 0x10, 0xa2, 0x18, 0x01, 0x40, 0x0b, 0x92, 0x1c, 0x0b, 0x40, 0xa4, 0x80,
    0x20, 0x01, 0x00, 0x0b, 0x90, 0x24, 0x00, 0x20, 0x10, 0x94, 0x28, 0x15, 0x00, 0x80, 0x1a,
    0x2c, 0x00, 0x20, 0x10, 0xa0, 0x30, 0x17, 0x00, 0x00, 0x03, 0x34, 0x08, 0x62, 0x10, 0xa4,
    0x38, 0x00, 0x7c, 0x00, 0x82, 0x3c, 0x30, 0x63, 0x10, 0x9e, 0x40, 0x10, 0x00, 0x04, 0x9a,
    0x44, 0x12, 0x40, 0x13, 0xc2, 0x48, 0x01, 0x40, 0xa2, 0x80, 0x4c, 0x11, 0x00, 0x40, 0xa2,
    0x50, 0x0f, 0x40, 0x53, 0xc2, 0x54, 0x08, 0x40, 0xa0, 0x80, 0x58, 0x05, 0x00, 0x80, 0x0a,
    0x5c, 0x01, 0x20, 0x04, 0xa0, 0x60, 0x09, 0x40, 0xa0, 0x80, 0x64, 0x04, 0x00, 0x80, 0x08,
    0x68, 0x0b, 0x00, 0xa4, 0x80, 0x6c, 0x01, 0xa0, 0x02, 0x94, 0x70, 0x0b, 0x00, 0xa4, 0x80,
    0x74, 0xf4, 0xff, 0xbf, 0x0a, 0x78, 0x10, 0x00, 0x04, 0x9a, 0x7c, 0x1a, 0x20, 0x33, 0xa1,
    0xf0, 0x63, 0x00, 0x00, 0x00, 0x00, 0x10, 0x40, 0xa4, 0x80, 0x04, 0x03, 0x00, 0x80, 0x14,
    0x08, 0x01, 0x20, 0x10, 0x9a, 0x0c, 0x00, 0x20, 0x10, 0x9a, 0x10, 0x10, 0x80, 0xa2, 0x80,
    0x14, 0x03, 0x00, 0x80, 0x14, 0x18, 0x01, 0x20, 0x10, 0x82, 0x1c, 0x00, 0x20, 0x10, 0x82,
    0x20, 0x01, 0x40, 0x93, 0x80, 0x24, 0x07, 0x00, 0x80, 0x22, 0x28, 0x74, 0x22, 0x00, 0xc2,
    0x2c, 0x80, 0xc1, 0x3f, 0x03, 0x30, 0x00, 0x80, 0x00, 0x1b, 0x34, 0x3c, 0x60, 0x10, 0x82,
    0x38, 0x00, 0x40, 0x20, 0xda, 0x3c, 0x74, 0x22, 0x00, 0xc2, 0x40, 0x00, 0x60, 0xa0, 0x80,
    0x44, 0x22, 0x00, 0x80, 0x02, 0x48, 0x00, 0x20, 0x10, 0xa2, 0x4c, 0xd4, 0x23, 0x00, 0xc2,
    0x50, 0x01, 0x40, 0xa4, 0x80, 0x54, 0x00, 0x20, 0x10, 0xa4, 0x58, 0x16, 0x00, 0x80, 0x1a,
    0x5c, 0x00, 0x20, 0x10, 0xa0, 0x60, 0x7c, 0x24, 0x00, 0xc2, 0x64, 0x01, 0x00, 0xa4, 0x80,
    0x68, 0x0f, 0x00, 0x80, 0x3a, 0x6c, 0x01, 0xa0, 0x04, 0xa4, 0x70, 0xc3, 0xf8, 0xff, 0x7f,
    0x74, 0x10, 0x00, 0x10, 0x90, 0x78, 0x08, 0x00, 0x10, 0x92, 0x7c, 0x52, 0xf8, 0xff, 0x7f,
    0xf0, 0x64, 0x00, 0x00, 0x00, 0x00, 0x12, 0x00, 0x10, 0x90, 0x04, 0x3f, 0x00, 0x00, 0x03,
    0x08, 0x74, 0x22, 0x00, 0xda, 0x0c, 0xff, 0x63, 0x10, 0x82, 0x10, 0x01, 0x40, 0x0b, 0x9a,
    0x14, 0x0d, 0x00, 0xa2, 0x80, 0x18, 0x11, 0x00, 0x40, 0xa2, 0x1c, 0xf1, 0xff, 0xbf, 0x10,
    0x20, 0x01, 0x20, 0x04, 0xa0, 0x24, 0xd4, 0x23, 0x00, 0xc2, 0x28, 0xec, 0xff, 0xbf, 0x10,
    0x2c, 0x01, 0x80, 0xa4, 0x80, 0x30, 0x74, 0x22, 0x10, 0xc2, 0x34, 0x01, 0x40, 0xa4, 0x80,
    0x38, 0x05, 0x00, 0x80, 0x08, 0x3c, 0x80, 0xc1, 0x3f, 0x03, 0x40, 0x00, 0x40, 0x00, 0x1b,
    0x44, 0x3c, 0x60, 0x10, 0x82, 0x48, 0x00, 0x40, 0x20, 0xda, 0x4c, 0x08, 0xe0, 0xc7, 0x81,
    0x50, 0x00, 0x00, 0xe8, 0x81, 0x54, 0x98, 0xbf, 0xe3, 0x9d, 0x58, 0xbc, 0x2f, 0x00, 0xc2,
    0x5c, 0x00, 0x40, 0xc0, 0x9f, 0x60, 0x00, 0x00, 0x00, 0x01, 0x64, 0x00, 0x00, 0x00, 0x01,
    0x68, 0x08, 0xe0, 0xc7, 0x81, 0x6c, 0x00, 0x00, 0xe8, 0x81, 0x70, 0x30, 0xbf, 0xe3, 0x9d,
    0x74, 0x58, 0x24, 0x50, 0xe2, 0x78, 0x00, 0x60, 0xa4, 0x80, 0x7c, 0x65, 0x00, 0x80, 0x02,
    0xf0, 0x65, 0x00, 0x00, 0x00, 0x00, 0x00, 0x00, 0x00, 0x01, 0x04, 0x7f, 0x21, 0x08, 0xc2,
    0x08, 0x01, 0x40, 0xa4, 0x80, 0x0c, 0x61, 0x00, 0x80, 0x16, 0x10, 0x01, 0x20, 0x10, 0xa0,
    0x14, 0x7e, 0x21, 0x08, 0xc2, 0x18, 0x01, 0x00, 0xa4, 0x80, 0x1c, 0x5d, 0x00, 0x80, 0x14,
    0x20, 0x5a, 0x24, 0x50, 0xe4, 0x24, 0x01, 0x20, 0x10, 0x96, 0x28, 0x7f, 0x21, 0x08, 0xc2,
    0x2c, 0x01, 0xc0, 0xa2, 0x80, 0x30, 0x0f, 0x00, 0x80, 0x14, 0x34, 0x18, 0x00, 0x00, 0x03,
    0x38, 0x02, 0x20, 0x2c, 0x9b, 0x3c, 0xe0, 0x60, 0x10, 0x82, 0x40, 0x01, 0x40, 0x03, 0x9a,
    0x44, 0x40, 0x60, 0x03, 0x9a, 0x48, 0x90, 0xbf, 0x07, 0x98, 0x4c, 0x00, 0x40, 0x03, 0xc2,
    0x50, 0x00, 0x00, 0x23, 0xc2, 0x54, 0x01, 0xe0, 0x02, 0x96, 0x58, 0x7f, 0x21, 0x08, 0xc2,
    0x5c, 0x01, 0xc0, 0xa2, 0x80, 0x60, 0x40, 0x60, 0x03, 0x9a, 0x64, 0xfa, 0xff, 0xbf, 0x04,
    0x68, 0x04, 0x20, 0x03, 0x98, 0x6c, 0x90, 0xbf, 0x07, 0x90, 0x70, 0xb9, 0xf6, 0xff, 0x7f,
    0x74, 0x7f, 0x21, 0x08, 0xd2, 0x78, 0x12, 0x00, 0x10, 0x96, 0x7c, 0x11, 0x80, 0xa4, 0x80,
    0xf0, 0x66, 0x00, 0x00, 0x00, 0x00, 0x0b, 0x00, 0x80, 0x14, 0x04, 0x00, 0x20, 0x10, 0x94,
    0x08, 0x02, 0xa0, 0x2c, 0x83, 0x0c, 0x1e, 0x40, 0x00, 0x82, 0x10, 0x90, 0x7f, 0x00, 0x9a,
    0x14, 0x00, 0x40, 0x03, 0xc2, 0x18, 0x01, 0xe0, 0x02, 0x96, 0x1c, 0x01, 0x80, 0x02, 0x94,
    0x20, 0x11, 0xc0, 0xa2, 0x80, 0x24, 0xfc, 0xff, 0xbf, 0x04, 0x28, 0x04, 0x60, 0x03, 0x9a,
    0x2c, 0x12, 0x40, 0x24, 0x82, 0x30, 0x01, 0x60, 0x00, 0x82, 0x34, 0x1f, 0xa0, 0x3a, 0x9b,
    0x38, 0x00, 0x60, 0x83, 0x81, 0x3c, 0x00, 0x00, 0x00, 0x01, 0x40, 0x00, 0x00, 0x00, 0x01,
    0x44, 0x00, 0x00, 0x00, 0x01, 0x48, 0x01, 0x80, 0x7a, 0x94, 0x4c, 0xac, 0x21, 0x50, 0xc2,
    0x50, 0x01, 0x80, 0xa2, 0x80, 0x54, 0x02, 0x00, 0x80, 0x26, 0x58, 0x01, 0x00, 0x10, 0x94,
    0x5c, 0x01, 0x20, 0x10, 0x96, 0x60, 0x7f, 0x21, 0x08, 0xc2, 0x64, 0x01, 0xc0, 0xa2, 0x80,
    0x68, 0x25, 0x00, 0x80, 0x14, 0x6c, 0x02, 0x20, 0x2c, 0x83, 0x70, 0x18, 0x00, 0x00, 0x11,
    0x74, 0x40, 0x60, 0x00, 0x98, 0x78, 0xe0, 0x20, 0x12, 0x92, 0x7c, 0x00, 0xa0, 0xa2, 0x80,
    0xf0, 0x67, 0x00, 0x00, 0x00, 0x00, 0x0b, 0x00, 0x80, 0x04, 0x04, 0xe0, 0x20, 0x12, 0x9a,
    0x08, 0x0d, 0x00, 0x03, 0xc2, 0x0c, 0x0a, 0x40, 0xa0, 0x80, 0x10, 0x08, 0x00, 0x80, 0x36,
    0x14, 0x09, 0x00, 0x03, 0xc2, 0x18, 0x00, 0x60, 0xa0, 0x80, 0x1c, 0x07, 0x00, 0x80, 0x34,
    0x20, 0x0d, 0x00, 0x23, 0xc0, 0x24, 0x06, 0x00, 0x80, 0x10, 0x28, 0xc8, 0x23, 0x00, 0xc2,
    0x2c, 0x09, 0x00, 0x03, 0xc2, 0x30, 0x0a, 0x40, 0x20, 0x82, 0x34, 0x09, 0x00, 0x23, 0xc2,
    0x38, 0xc8, 0x23, 0x00, 0xc2, 0x3c, 0x12, 0x60, 0x30, 0x83, 0x40, 0x01, 0x60, 0x88, 0x80,
    0x44, 0x0a, 0x00, 0x80, 0x02, 0x48, 0x01, 0xe0, 0x02, 0x96, 0x4c, 0xaf, 0x22, 0x0c, 0xda,
    0x50, 0x09, 0x00, 0x03, 0xc2, 0x54, 0x0d, 0x40, 0x58, 0x82, 0x58, 0x1f, 0x60, 0x38, 0x9b,
    0x5c, 0x19, 0x60, 0x33, 0x9b, 0x60, 0x0d, 0x40, 0x00, 0x82, 0x64, 0x07, 0x60, 0x38, 0x83,
    0x68, 0x09, 0x00, 0x23, 0xc2, 0x6c, 0x7f, 0x21, 0x08, 0xc2, 0x70, 0x01, 0xc0, 0xa2, 0x80,
    0x74, 0xe2, 0xff, 0xbf, 0x04, 0x78, 0x40, 0x20, 0x03, 0x98, 0x7c, 0x01, 0x20, 0x04, 0xa0,
    0xf0, 0x68, 0x00, 0x00, 0x00, 0x00, 0x7e, 0x21, 0x08, 0xc2, 0x04, 0x01, 0x00, 0xa4, 0x80,
    0x08, 0xa8, 0xff, 0xbf, 0x04, 0x0c, 0x01, 0x20, 0x10, 0x96, 0x10, 0x08, 0xe0, 0xc7, 0x81,
    0x14, 0x00, 0x00, 0xe8, 0x81, 0x18, 0x98, 0xbf, 0xe3, 0x9d, 0x1c, 0xc6, 0x23, 0x50, 0xc2,
    0x20, 0x00, 0x60, 0xa0, 0x80, 0x24, 0x49, 0x00, 0x80, 0x02, 0x28, 0x01, 0x20, 0x10, 0xb0,
    0x2c, 0x7e, 0x21, 0x08, 0xc2, 0x30, 0x01, 0x00, 0xa6, 0x80, 0x34, 0x45, 0x00, 0x80, 0x14,
    0x38, 0x18, 0x00, 0x00, 0x1b, 0x3c, 0xe0, 0x60, 0x13, 0x82, 0x40, 0x04, 0x60, 0x00, 0x9e,
    0x44, 0x7f, 0x21, 0x08, 0xc2, 0x48, 0x00, 0x60, 0xa0, 0x80, 0x4c, 0x00, 0x20, 0x10, 0xba,
    0x50, 0x39, 0x00, 0x80, 0x02, 0x54, 0x00, 0x20, 0x10, 0xb4, 0x58, 0x01, 0x00, 0x10, 0xb8,
    0x5c, 0xc4, 0x23, 0x50, 0xf2, 0x60, 0x40, 0xe0, 0x03, 0x82, 0x64, 0x00, 0x40, 0x00, 0xf6,
    0x68, 0x19, 0xc0, 0xa6, 0x80, 0x6c, 0x04, 0x00, 0x80, 0x06, 0x70, 0x40, 0x60, 0x00, 0x82,
    0x74, 0x1b, 0x40, 0x07, 0xba, 0x78, 0x01, 0xa0, 0x06, 0xb4, 0x7c, 0xff, 0x3f, 0x87, 0xb8,
    0xf0, 0x69, 0x00, 0x00, 0x00, 0x00, 0xfa, 0xff, 0xbf, 0x32, 0x04, 0x00, 0x40, 0x00, 0xf6,
    0x08, 0x00, 0xa0, 0xa6, 0x80, 0x0c, 0x2b, 0x00, 0x80, 0x22, 0x10, 0x01, 0x20, 0x06, 0xb0,
    0x14, 0xc4, 0x23, 0x10, 0xc2, 0x18, 0x01, 0x60, 0x88, 0x80, 0x1c, 0xc6, 0x23, 0x10, 0xc2,
    0x20, 0x0a, 0x00, 0x80, 0x02, 0x24, 0x7f, 0x21, 0x08, 0xf8, 0x28, 0x10, 0x60, 0x28, 0x83,
    0x2c, 0x10, 0x60, 0x38, 0x83, 0x30, 0x01, 0x40, 0x5f, 0x82, 0x34, 0x1f, 0x60, 0x38, 0xbb,
    0x38, 0x16, 0x60, 0x37, 0xbb, 0x3c, 0x1d, 0x40, 0x00, 0x82, 0x40, 0x0f, 0x00, 0x80, 0x10,
    0x44, 0x0a, 0x60, 0x38, 0xbb, 0x48, 0x10, 0x60, 0x28, 0x83, 0x4c, 0x10, 0x60, 0x38, 0x83,
    0x50, 0x1f, 0x60, 0x3f, 0x99, 0x54, 0x00, 0x20, 0x83, 0x81, 0x58, 0x00, 0x00, 0x00, 0x01,
    0x5c, 0x00, 0x00, 0x00, 0x01, 0x60, 0x00, 0x00, 0x00, 0x01, 0x64, 0x1a, 0x40, 0x7f, 0xba,
    0x68, 0x01, 0x40, 0x5f, 0xba, 0x6c, 0x1f, 0x60, 0x3f, 0x83, 0x70, 0x16, 0x60, 0x30, 0x83,
    0x74, 0x01, 0x40, 0x07, 0xba, 0x78, 0x0a, 0x60, 0x3f, 0xbb, 0x7c, 0x00, 0x20, 0xa7, 0x80,
    0xf0, 0x6a, 0x00, 0x00, 0x00, 0x00, 0x0d, 0x00, 0x80, 0x02, 0x04, 0x01, 0x20, 0x10, 0xb8,
    0x08, 0x02, 0x20, 0x2e, 0x83, 0x0c, 0x40, 0x60, 0x00, 0xb6, 0x10, 0xe0, 0x60, 0x13, 0xb4,
    0x14, 0x1a, 0xc0, 0x06, 0xc2, 0x18, 0x1d, 0x40, 0x20, 0x82, 0x1c, 0x1a, 0xc0, 0x26, 0xc2,
    0x20, 0x01, 0x20, 0x07, 0xb8, 0x24, 0x7f, 0x21, 0x08, 0xc2, 0x28, 0x01, 0x00, 0xa7, 0x80,
    0x2c, 0xfa, 0xff, 0xbf, 0x04, 0x30, 0x40, 0xe0, 0x06, 0xb6, 0x34, 0x01, 0x20, 0x06, 0xb0,
    0x38, 0x7e, 0x21, 0x08, 0xc2, 0x3c, 0x01, 0x00, 0xa6, 0x80, 0x40, 0xc1, 0xff, 0xbf, 0x04,
    0x44, 0x04, 0xe0, 0x03, 0x9e, 0x48, 0x08, 0xe0, 0xc7, 0x81, 0x4c, 0x00, 0x00, 0xe8, 0x81,
    0x50, 0x73, 0x25, 0x08, 0xc2, 0x54, 0x6c, 0x25, 0x00, 0xda, 0x58, 0x01, 0x60, 0x00, 0x82,
    0x5c, 0x7f, 0x25, 0x08, 0xd8, 0x60, 0x01, 0x40, 0x5b, 0x9a, 0x64, 0x01, 0x20, 0x03, 0x98,
    0x68, 0x00, 0x00, 0x80, 0x81, 0x6c, 0x00, 0x00, 0x00, 0x01, 0x70, 0x00, 0x00, 0x00, 0x01,
    0x74, 0x00, 0x00, 0x00, 0x01, 0x78, 0x0c, 0x40, 0x73, 0x9a, 0x7c, 0x6c, 0x25, 0x20, 0xda,
    0xf0, 0x6b, 0x00, 0x00, 0x00, 0x00, 0x00, 0x20, 0x10, 0x96, 0x04, 0x02, 0xe0, 0x2a, 0x83,
    0x08, 0x6c, 0x25, 0x00, 0xd8, 0x0c, 0xb6, 0x63, 0x10, 0xda, 0x10, 0x0c, 0x40, 0x5b, 0x9a,
    0x14, 0x07, 0x60, 0x33, 0x9b, 0x18, 0x01, 0xe0, 0x02, 0x96, 0x1c, 0x03, 0xe0, 0xa2, 0x80,
    0x20, 0xf9, 0xff, 0xbf, 0x04, 0x24, 0x20, 0x65, 0x20, 0xda, 0x28, 0xc0, 0x23, 0x00, 0xc2,
    0x2c, 0x00, 0x60, 0xa0, 0x80, 0x30, 0x07, 0x00, 0x80, 0x02, 0x34, 0x00, 0x30, 0x10, 0x82,
    0x38, 0x00, 0x22, 0x00, 0xc2, 0x3c, 0x00, 0x60, 0xa0, 0x80, 0x40, 0x05, 0x00, 0x80, 0x22,
    0x44, 0x5c, 0x25, 0x00, 0xc2, 0x48, 0x00, 0x30, 0x10, 0x82, 0x4c, 0x2c, 0x25, 0x20, 0xc2,
    0x50, 0x5c, 0x25, 0x00, 0xc2, 0x54, 0x00, 0x60, 0xa0, 0x80, 0x58, 0x05, 0x00, 0x80, 0x02,
    0x5c, 0x88, 0x22, 0x00, 0xc2, 0x60, 0x01, 0x60, 0x30, 0x9b, 0x64, 0x02, 0x60, 0x30, 0x83,
    0x68, 0x0d, 0x40, 0x00, 0x82, 0x6c, 0x1c, 0x25, 0x20, 0xc2, 0x70, 0x07, 0x00, 0x00, 0x03,
    0x74, 0x98, 0x62, 0xc0, 0x81, 0x78, 0x00, 0x00, 0x00, 0x01, 0x7c, 0x00, 0x00, 0x00, 0x01,
    0xf0, 0x6c, 0x00, 0x00, 0x00, 0x00, 0x98, 0xbf, 0xe3, 0x9d, 0x04, 0x48, 0x25, 0x00, 0xc2,
    0x08, 0x00, 0x61, 0x88, 0x80, 0x0c, 0x00, 0x20, 0x10, 0xaa, 0x10, 0xcb, 0x00, 0x80, 0x12,
    0x14, 0x00, 0x20, 0x10, 0xa6, 0x18, 0xe4, 0x26, 0x00, 0xc2, 0x1c, 0x00, 0x60, 0xa0, 0x80,
    0x20, 0x04, 0x00, 0x80, 0x02, 0x24, 0x01, 0x20, 0x10, 0xa2, 0x28, 0xff, 0x7f, 0x00, 0x82,
    0x2c, 0xe4, 0x26, 0x20, 0xc2, 0x30, 0x00, 0x23, 0x00, 0xc2, 0x34, 0x01, 0x40, 0xa4, 0x80,
    0x38, 0xa5, 0x00, 0x80, 0x38, 0x3c, 0x30, 0x25, 0x00, 0xda, 0x40, 0x01, 0x20, 0x10, 0xa4,
    0x44, 0x08, 0x23, 0x00, 0xc2, 0x48, 0x01, 0x80, 0xa4, 0x80, 0x4c, 0x8f, 0x00, 0x80, 0x18,
    0x50, 0x50, 0x00, 0x00, 0x03, 0x54, 0x01, 0x40, 0x04, 0xa8, 0x58, 0x14, 0x25, 0x00, 0xc2,
    0x5c, 0x09, 0x60, 0xa0, 0x80, 0x60, 0x9a, 0x00, 0x80, 0x18, 0x64, 0x04, 0x60, 0x2c, 0x9b,
    0x68, 0x12, 0x40, 0x03, 0x9a, 0x6c, 0x18, 0x00, 0x00, 0x03, 0x70, 0xe0, 0x60, 0x10, 0x82,
    0x74, 0x02, 0x60, 0x2b, 0x9b, 0x78, 0x01, 0x40, 0x03, 0xda, 0x7c, 0x74, 0x24, 0x00, 0xc2,
    0xf0, 0x6d, 0x00, 0x00, 0x00, 0x00, 0x01, 0x40, 0xa3, 0x80, 0x04, 0x7b, 0x00, 0x80, 0x06,
    0x08, 0x40, 0x00, 0x00, 0x03, 0x0c, 0x12, 0x00, 0x10, 0x90, 0x10, 0xc2, 0xf9, 0xff, 0x7f,
    0x14, 0x11, 0x00, 0x10, 0x92, 0x18, 0x00, 0x20, 0xa2, 0x80, 0x1c, 0x75, 0x00, 0x80, 0x02,
    0x20, 0x40, 0x00, 0x00, 0x03, 0x24, 0xf0, 0x2f, 0x00, 0xc2, 0x28, 0x00, 0x60, 0xa0, 0x80,
    0x2c, 0x0a, 0x00, 0x80, 0x22, 0x30, 0xe0, 0x2f, 0x00, 0xc2, 0x34, 0x12, 0x00, 0x10, 0x90,
    0x38, 0x00, 0x40, 0xc0, 0x9f, 0x3c, 0x11, 0x00, 0x10, 0x92, 0x40, 0x9c, 0x25, 0x00, 0xc2,
    0x44, 0x00, 0x60, 0xa0, 0x80, 0x48, 0x6a, 0x00, 0x80, 0x12, 0x4c, 0x40, 0x00, 0x00, 0x03,
    0x50, 0xe0, 0x2f, 0x00, 0xc2, 0x54, 0x00, 0x60, 0xa0, 0x80, 0x58, 0x0b, 0x00, 0x80, 0x22,
    0x5c, 0xf4, 0x2f, 0x00, 0xc2, 0x60, 0x12, 0x00, 0x10, 0x90, 0x64, 0x11, 0x00, 0x10, 0x92,
    0x68, 0x00, 0x40, 0xc0, 0x9f, 0x6c, 0x73, 0x24, 0x08, 0xd4, 0x70, 0x9c, 0x25, 0x00, 0xc2,
    0x74, 0x00, 0x60, 0xa0, 0x80, 0x78, 0x5e, 0x00, 0x80, 0x12, 0x7c, 0x40, 0x00, 0x00, 0x03,
    0xf0, 0x6e, 0x00, 0x00, 0x00, 0x00, 0xf4, 0x2f, 0x00, 0xc2, 0x04, 0x00, 0x60, 0xa0, 0x80,
    0x08, 0x06, 0x00, 0x80, 0x02, 0x0c, 0x00, 0x20, 0x10, 0xa0, 0x10, 0x12, 0x00, 0x10, 0x90,
    0x14, 0x00, 0x40, 0xc0, 0x9f, 0x18, 0x11, 0x00, 0x10, 0x92, 0x1c, 0x9c, 0x25, 0x00, 0xe0,
    0x20, 0x12, 0x00, 0x10, 0x90, 0x24, 0x11, 0x00, 0x10, 0x92, 0x28, 0x10, 0x00, 0x10, 0x94,
    0x2c, 0xe6, 0xf9, 0xff, 0x7f, 0x30, 0x73, 0x24, 0x08, 0xd6, 0x34, 0x00, 0x20, 0xa2, 0x80,
    0x38, 0x4e, 0x00, 0x80, 0x02, 0x3c, 0x40, 0x00, 0x00, 0x03, 0x40, 0xe0, 0x2f, 0x00, 0xc2,
    0x44, 0x00, 0x60, 0xa0, 0x80, 0x48, 0x07, 0x00, 0x80, 0x02, 0x4c, 0x12, 0x00, 0x10, 0x90,
    0x50, 0x11, 0x00, 0x10, 0x92, 0x54, 0x00, 0x40, 0xc0, 0x9f, 0x58, 0x00, 0x21, 0x10, 0x94,
    0x5c, 0x04, 0x00, 0x80, 0x10, 0x60, 0x10, 0x00, 0x10, 0x94, 0x64, 0x9c, 0x25, 0x20, 0xc0,
    0x68, 0x10, 0x00, 0x10, 0x94, 0x6c, 0x12, 0x00, 0x10, 0x90, 0x70, 0x11, 0x00, 0x10, 0x92,
    0x74, 0xd4, 0xf9, 0xff, 0x7f, 0x78, 0x00, 0x21, 0x10, 0x96, 0x7c, 0x00, 0x20, 0xa2, 0x80,
    0xf0, 0x6f, 0x00, 0x00, 0x00, 0x00, 0x11, 0x00, 0x80, 0x22, 0x04, 0x14, 0x25, 0x00, 0xc2,
    0x08, 0x9c, 0x25, 0x00, 0xc2, 0x0c, 0x00, 0x60, 0xa0, 0x80, 0x10, 0x0d, 0x00, 0x80, 0x32,
    0x14, 0x14, 0x25, 0x00, 0xc2, 0x18, 0x80, 0x22, 0x00, 0xc2, 0x1c, 0x14, 0x25, 0x00, 0xd8,
    0x20, 0xe4, 0x26, 0x20, 0xc2, 0x24, 0x10, 0xa0, 0x2c, 0x9b, 0x28, 0x02, 0x20, 0x2b, 0x83,
    0x2c, 0x11, 0x40, 0x03, 0x9a, 0x30, 0x10, 0x67, 0x20, 0xda, 0x34, 0x01, 0x20, 0x03, 0x98,
    0x38, 0x14, 0x25, 0x20, 0xd8, 0x3c, 0x06, 0x00, 0x80, 0x10, 0x40, 0x01, 0x60, 0x05, 0xaa,
    0x44, 0x02, 0x60, 0x28, 0x9b, 0x48, 0x10, 0x67, 0x23, 0xe8, 0x4c, 0x01, 0x60, 0x00, 0x82,
    0x50, 0x14, 0x25, 0x20, 0xc2, 0x54, 0x14, 0x25, 0x00, 0xc2, 0x58, 0x0a, 0x60, 0xa0, 0x80,
    0x5c, 0x25, 0x00, 0x80, 0x12, 0x60, 0x40, 0x00, 0x00, 0x03, 0x64, 0x18, 0x00, 0x00, 0x03,
    0x68, 0xe0, 0x60, 0x10, 0x9e, 0x6c, 0x10, 0x27, 0x00, 0xe6, 0x70, 0x01, 0x20, 0x10, 0x90,
    0x74, 0x02, 0x20, 0x2a, 0x93, 0x78, 0x10, 0x67, 0x02, 0xd4, 0x7c, 0xff, 0xaf, 0x0a, 0x82,
    0xf0, 0x70, 0x00, 0x00, 0x00, 0x00, 0x10, 0xa0, 0x32, 0x99, 0x04, 0xff, 0x2f, 0x0b, 0x98,
    0x08, 0xff, 0xef, 0x0c, 0x9a, 0x0c, 0x10, 0xe0, 0x34, 0x97, 0x10, 0x04, 0x60, 0x28, 0x83,
    0x14, 0x0c, 0x40, 0x00, 0x82, 0x18, 0xff, 0xef, 0x0a, 0x96, 0x1c, 0x04, 0x60, 0x2b, 0x9b,
    0x20, 0x02, 0x60, 0x28, 0x83, 0x24, 0x0b, 0x40, 0x03, 0x9a, 0x28, 0x0f, 0x40, 0x00, 0xd8,
    0x2c, 0x02, 0x60, 0x2b, 0x9b, 0x30, 0x0f, 0x40, 0x03, 0xc2, 0x34, 0x01, 0x00, 0xa3, 0x80,
    0x38, 0x04, 0x00, 0x80, 0x36, 0x3c, 0x0c, 0x67, 0x22, 0xd4, 0x40, 0x0c, 0x67, 0x22, 0xe6,
    0x44, 0x0a, 0x00, 0x10, 0xa6, 0x48, 0x01, 0x20, 0x02, 0x90, 0x4c, 0x14, 0x25, 0x00, 0xc2,
    0x50, 0x01, 0x00, 0xa2, 0x80, 0x54, 0xe9, 0xff, 0xbf, 0x2a, 0x58, 0x02, 0x20, 0x2a, 0x93,
    0x5c, 0xff, 0x7f, 0x00, 0x82, 0x60, 0x14, 0x25, 0x20, 0xc2, 0x64, 0x02, 0x60, 0x28, 0x83,
    0x68, 0x10, 0x67, 0x20, 0xc0, 0x6c, 0x40, 0x00, 0x00, 0x03, 0x70, 0x01, 0x00, 0x05, 0xa8,
    0x74, 0x01, 0xa0, 0x04, 0xa4, 0x78, 0x08, 0x23, 0x00, 0xc2, 0x7c, 0x01, 0x80, 0xa4, 0x80,
    0xf0, 0x71, 0x00, 0x00, 0x00, 0x00, 0x77, 0xff, 0xbf, 0x28, 0x04, 0x14, 0x25, 0x00, 0xc2,
    0x08, 0x01, 0x60, 0x04, 0xa2, 0x0c, 0x00, 0x23, 0x00, 0xc2, 0x10, 0x01, 0x40, 0xa4, 0x80,
    0x14, 0x6c, 0xff, 0xbf, 0x28, 0x18, 0x01, 0x20, 0x10, 0xa4, 0x1c, 0x00, 0xe0, 0xa4, 0x80,
    0x20, 0x0b, 0x00, 0x80, 0x22, 0x24, 0x30, 0x25, 0x00, 0xda, 0x28, 0x14, 0x25, 0x00, 0xda,
    0x2c, 0x09, 0x60, 0xa3, 0x80, 0x30, 0x07, 0x00, 0x80, 0x38, 0x34, 0x30, 0x25, 0x00, 0xda,
    0x38, 0x02, 0x60, 0x2b, 0x83, 0x3c, 0x10, 0x67, 0x20, 0xe6, 0x40, 0x01, 0x60, 0x03, 0x82,
    0x44, 0x14, 0x25, 0x20, 0xc2, 0x48, 0x30, 0x25, 0x00, 0xda, 0x4c, 0x0d, 0x40, 0xa5, 0x80,
    0x50, 0x06, 0x00, 0x80, 0x14, 0x54, 0x15, 0x00, 0x10, 0x82, 0x58, 0x14, 0x25, 0x00, 0xc2,
    0x5c, 0x01, 0x40, 0xa3, 0x80, 0x60, 0x02, 0x00, 0x80, 0x28, 0x64, 0x0d, 0x00, 0x10, 0x82,
    0x68, 0x00, 0x60, 0xa5, 0x80, 0x6c, 0x04, 0x00, 0x80, 0x02, 0x70, 0x30, 0x25, 0x20, 0xc2,
    0x74, 0x0a, 0x00, 0x80, 0x10, 0x78, 0xf8, 0x21, 0x00, 0xc2, 0x7c, 0x00, 0x60, 0xa0, 0x80,
    0xf0, 0x72, 0x00, 0x00, 0x00, 0x00, 0x09, 0x00, 0x80, 0x22, 0x04, 0x30, 0x25, 0x00, 0xc2,
    0x08, 0xf8, 0x26, 0x00, 0xc2, 0x0c, 0x00, 0x60, 0xa0, 0x80, 0x10, 0x04, 0x00, 0x80, 0x22,
    0x14, 0x30, 0x25, 0x20, 0xc0, 0x18, 0x01, 0x60, 0x00, 0x82, 0x1c, 0xf8, 0x26, 0x20, 0xc2,
    0x20, 0x30, 0x25, 0x00, 0xc2, 0x24, 0x00, 0x60, 0xa0, 0x80, 0x28, 0x05, 0x00, 0x80, 0x02,
    0x2c, 0x00, 0x00, 0x00, 0x01, 0x30, 0x48, 0x25, 0x00, 0xc2, 0x34, 0x40, 0x60, 0x10, 0x82,
    0x38, 0x48, 0x25, 0x20, 0xc2, 0x3c, 0x08, 0xe0, 0xc7, 0x81, 0x40, 0x00, 0x00, 0xe8, 0x81,
    0x44, 0x09, 0x00, 0x22, 0x82, 0x48, 0x0a, 0x40, 0x58, 0x9a, 0x4c, 0x1f, 0x60, 0x3b, 0x83,
    0x50, 0x09, 0x00, 0xa2, 0x80, 0x54, 0x19, 0x60, 0x30, 0x83, 0x58, 0x04, 0x00, 0x80, 0x04,
    0x5c, 0x00, 0x20, 0x10, 0x90, 0x60, 0x01, 0x40, 0x03, 0x82, 0x64, 0x07, 0x60, 0x38, 0x91,
    0x68, 0x08, 0xe0, 0xc3, 0x81, 0x6c, 0x00, 0x00, 0x00, 0x01, 0x70, 0x98, 0xbf, 0xe3, 0x9d,
    0x74, 0xda, 0xf9, 0xff, 0x7f, 0x78, 0x01, 0x20, 0x10, 0xa6, 0x7c, 0x7f, 0x21, 0x08, 0xc2,
    0xf0, 0x73, 0x00, 0x00, 0x00, 0x00, 0xff, 0x7f, 0xa0, 0x80, 0x04, 0x1d, 0x00, 0x80, 0x22,
    0x08, 0x01, 0x20, 0x10, 0xa6, 0x0c, 0x18, 0x00, 0x00, 0x23, 0x10, 0x06, 0xe0, 0x2c, 0xa1,
    0x14, 0xe8, 0x60, 0x14, 0x82, 0x18, 0xe4, 0x60, 0x14, 0xa4, 0x1c, 0x01, 0x00, 0x04, 0xd2,
    0x20, 0x8c, 0x22, 0x08, 0xd4, 0x24, 0xe8, 0xff, 0xff, 0x7f, 0x28, 0x12, 0x00, 0x04, 0xd0,
    0x2c, 0xe0, 0x60, 0x14, 0x9a, 0x30, 0x0d, 0x00, 0x24, 0xd0, 0x34, 0x08, 0x23, 0x00, 0xc2,
    0x38, 0x04, 0xe0, 0x2c, 0xa1, 0x3c, 0x01, 0x00, 0x04, 0xa0, 0x40, 0x02, 0x20, 0x2c, 0xa1,
    0x44, 0xdc, 0x60, 0x14, 0xa2, 0x48, 0x0d, 0x00, 0x04, 0xd0, 0x4c, 0x11, 0x00, 0x04, 0xd2,
    0x50, 0xdd, 0xff, 0xff, 0x7f, 0x54, 0x8d, 0x22, 0x08, 0xd4, 0x58, 0x12, 0x00, 0x24, 0xd0,
    0x5c, 0x7f, 0x21, 0x08, 0xc2, 0x60, 0x01, 0xe0, 0x04, 0xa6, 0x64, 0x01, 0x60, 0x00, 0x82,
    0x68, 0x01, 0xc0, 0xa4, 0x80, 0x6c, 0xe9, 0xff, 0xbf, 0x08, 0x70, 0x18, 0x00, 0x00, 0x23,
    0x74, 0x01, 0x20, 0x10, 0xa6, 0x78, 0x08, 0x23, 0x00, 0xc2, 0x7c, 0x01, 0xc0, 0xa4, 0x80,
    0xf0, 0x74, 0x00, 0x00, 0x00, 0x00, 0x1a, 0x00, 0x80, 0x18, 0x04, 0x18, 0x00, 0x00, 0x23,
    0x08, 0x02, 0xe0, 0x2c, 0xa1, 0x0c, 0x60, 0x61, 0x14, 0x82, 0x10, 0x20, 0x61, 0x14, 0xa4,
    0x14, 0x01, 0x00, 0x04, 0xd2, 0x18, 0x8e, 0x22, 0x08, 0xd4, 0x1c, 0xca, 0xff, 0xff, 0x7f,
    0x20, 0x12, 0x00, 0x04, 0xd0, 0x24, 0xe0, 0x60, 0x14, 0x82, 0x28, 0x01, 0x00, 0x24, 0xd0,
    0x2c, 0x00, 0x23, 0x00, 0xe0, 0x30, 0x04, 0x20, 0x2c, 0xa1, 0x34, 0x13, 0x00, 0x04, 0xa0,
    0x38, 0x02, 0x20, 0x2c, 0xa1, 0x3c, 0xa0, 0x60, 0x14, 0xa2, 0x40, 0x01, 0x00, 0x04, 0xd0,
    0x44, 0x11, 0x00, 0x04, 0xd2, 0x48, 0xbf, 0xff, 0xff, 0x7f, 0x4c, 0x8f, 0x22, 0x08, 0xd4,
    0x50, 0x12, 0x00, 0x24, 0xd0, 0x54, 0x01, 0xe0, 0x04, 0xa6, 0x58, 0x08, 0x23, 0x00, 0xc2,
    0x5c, 0x01, 0xc0, 0xa4, 0x80, 0x60, 0xea, 0xff, 0xbf, 0x08, 0x64, 0x18, 0x00, 0x00, 0x23,
    0x68, 0x08, 0xe0, 0xc7, 0x81, 0x6c, 0x00, 0x00, 0xe8, 0x81, 0x70, 0x88, 0xbf, 0xe3, 0x9d,
    0x74, 0xe4, 0x2f, 0x00, 0xc2, 0x78, 0x00, 0x40, 0xc0, 0x9f, 0x7c, 0x90, 0x25, 0x00, 0xd0,
    0xf0, 0x75, 0x00, 0x00, 0x00, 0x00, 0x50, 0x25, 0x00, 0xda, 0x04, 0x04, 0x60, 0x2b, 0x83,
    0x08, 0x0d, 0x40, 0x20, 0x82, 0x0c, 0x9c, 0x25, 0x00, 0xe0, 0x10, 0x01, 0x00, 0x04, 0x82,
    0x14, 0x04, 0x60, 0x30, 0x83, 0x18, 0x50, 0x25, 0x20, 0xc2, 0x1c, 0x16, 0x00, 0x00, 0x11,
    0x20, 0xe4, 0x2f, 0x00, 0xc2, 0x24, 0x00, 0x40, 0xc0, 0x9f, 0x28, 0x30, 0x23, 0x12, 0x90,
    0x2c, 0x7c, 0x21, 0x08, 0xc2, 0x30, 0x7d, 0x21, 0x08, 0xda, 0x34, 0x01, 0x40, 0x5b, 0x9a,
    0x38, 0x9c, 0x25, 0x00, 0xc2, 0x3c, 0x0d, 0x40, 0x00, 0x82, 0x40, 0x9c, 0x25, 0x20, 0xc2,
    0x44, 0x9c, 0x25, 0x00, 0xda, 0x48, 0x50, 0x25, 0x00, 0xc2, 0x4c, 0x01, 0x40, 0xa3, 0x80,
    0x50, 0x11, 0x00, 0x80, 0x28, 0x54, 0x48, 0x25, 0x00, 0xc2, 0x58, 0x9c, 0x25, 0x00, 0xc2,
    0x5c, 0x10, 0x40, 0xa0, 0x80, 0x60, 0x0d, 0x00, 0x80, 0x08, 0x64, 0x48, 0x25, 0x00, 0xc2,
    0x68, 0x00, 0x20, 0xa4, 0x80, 0x6c, 0x0a, 0x00, 0x80, 0x02, 0x70, 0x00, 0x00, 0x00, 0x01,
    0x74, 0x7f, 0x7f, 0x08, 0x82, 0x78, 0x48, 0x25, 0x20, 0xc2, 0x7c, 0x58, 0x26, 0x00, 0xc2,
    0xf0, 0x76, 0x00, 0x00, 0x00, 0x00, 0x00, 0x60, 0xa0, 0x80, 0x04, 0x06, 0x00, 0x80, 0x26,
    0x08, 0x58, 0x26, 0x20, 0xc0, 0x0c, 0x05, 0x00, 0x80, 0x10, 0x10, 0x4e, 0x25, 0x08, 0xc2,
    0x14, 0x80, 0x60, 0x10, 0x82, 0x18, 0x48, 0x25, 0x20, 0xc2, 0x1c, 0x4e, 0x25, 0x08, 0xc2,
    0x20, 0x01, 0x00, 0xa0, 0x80, 0x24, 0x00, 0x20, 0x60, 0x82, 0x28, 0xfe, 0x7f, 0x08, 0xa0,
    0x2c, 0x48, 0x25, 0x00, 0xd8, 0x30, 0x10, 0x20, 0x33, 0x83, 0x34, 0x01, 0x60, 0x88, 0x80,
    0x38, 0x12, 0x00, 0x80, 0x02, 0x3c, 0x03, 0x20, 0x04, 0xa0, 0x40, 0x80, 0x01, 0x00, 0x03,
    0x44, 0x01, 0x00, 0x0b, 0x82, 0x48, 0x80, 0x00, 0x00, 0x1b, 0x4c, 0x0d, 0x40, 0xa0, 0x80,
    0x50, 0x64, 0x00, 0x80, 0x22, 0x54, 0xd4, 0x26, 0x20, 0xc0, 0x58, 0x60, 0x21, 0x00, 0xc2,
    0x5c, 0x40, 0x60, 0x88, 0x80, 0x60, 0x2f, 0x00, 0x80, 0x02, 0x64, 0x00, 0x20, 0x10, 0xa0,
    0x68, 0x58, 0x25, 0x00, 0xc2, 0x6c, 0x00, 0x60, 0xa0, 0x80, 0x70, 0x2b, 0x00, 0x80, 0x02,
    0x74, 0x02, 0x20, 0x10, 0xa0, 0x78, 0x29, 0x00, 0x80, 0x10, 0x7c, 0x00, 0x20, 0x10, 0xa0,
    0xf0, 0x77, 0x00, 0x00, 0x00, 0x00, 0x00, 0xc2, 0x3f, 0x03, 0x04, 0x30, 0x60, 0x10, 0x82,
    0x08, 0x00, 0x40, 0x00, 0xda, 0x0c, 0x70, 0x25, 0x00, 0xc2, 0x10, 0x01, 0x40, 0xa3, 0x80,
    0x14, 0x53, 0x00, 0x80, 0x32, 0x18, 0xd4, 0x26, 0x20, 0xc0, 0x1c, 0x00, 0x22, 0x00, 0xc2,
    0x20, 0x00, 0x60, 0xa0, 0x80, 0x24, 0x4f, 0x00, 0x80, 0x32, 0x28, 0xd4, 0x26, 0x20, 0xc0,
    0x2c, 0x90, 0x26, 0x00, 0xda, 0x30, 0x07, 0x00, 0x00, 0x03, 0x34, 0x01, 0x40, 0x8b, 0x80,
    0x38, 0x4a, 0x00, 0x80, 0x32, 0x3c, 0xd4, 0x26, 0x20, 0xc0, 0x40, 0x01, 0x20, 0x8b, 0x80,
    0x44, 0x47, 0x00, 0x80, 0x32, 0x48, 0xd4, 0x26, 0x20, 0xc0, 0x4c, 0x54, 0x26, 0x00, 0xda,
    0x50, 0xdc, 0x21, 0x00, 0xc2, 0x54, 0x01, 0x40, 0xa3, 0x80, 0x58, 0x08, 0x00, 0x80, 0x2a,
    0x5c, 0x14, 0x25, 0x00, 0xc2, 0x60, 0x4c, 0x25, 0x00, 0xc2, 0x64, 0x0e, 0x60, 0x30, 0x83,
    0x68, 0x01, 0x60, 0x88, 0x80, 0x6c, 0x0a, 0x00, 0x80, 0x12, 0x70, 0x40, 0x20, 0x8b, 0x80,
    0x74, 0x14, 0x25, 0x00, 0xc2, 0x78, 0x00, 0x60, 0xa0, 0x80, 0x7c, 0x09, 0x00, 0x80, 0x22,
    0xf0, 0x78, 0x00, 0x00, 0x00, 0x00, 0x14, 0x23, 0x0c, 0xc2, 0x04, 0x80, 0x20, 0x8b, 0x80,
    0x08, 0x06, 0x00, 0x80, 0x22, 0x0c, 0x14, 0x23, 0x0c, 0xc2, 0x10, 0x40, 0x20, 0x8b, 0x80,
    0x14, 0x33, 0x00, 0x80, 0x32, 0x18, 0xd4, 0x26, 0x20, 0xc0, 0x1c, 0x14, 0x23, 0x0c, 0xc2,
    0x20, 0x00, 0x60, 0xa0, 0x80, 0x24, 0x2f, 0x00, 0x80, 0x22, 0x28, 0xd4, 0x26, 0x20, 0xc0,
    0x2c, 0xd4, 0x26, 0x00, 0xc2, 0x30, 0x01, 0x60, 0x00, 0x98, 0x34, 0x00, 0x27, 0x00, 0xc2,
    0x38, 0x69, 0x21, 0x08, 0xda, 0x3c, 0xd4, 0x26, 0x20, 0xd8, 0x40, 0x0d, 0x40, 0xa0, 0x80,
    0x44, 0x0a, 0x00, 0x80, 0x04, 0x48, 0x14, 0x23, 0x0c, 0xc2, 0x4c, 0xff, 0x60, 0x08, 0x82,
    0x50, 0x68, 0x21, 0x08, 0xda, 0x54, 0x0d, 0x40, 0x58, 0x82, 0x58, 0x01, 0x00, 0xa3, 0x80,
    0x5c, 0x21, 0x00, 0x80, 0x06, 0x60, 0x00, 0x00, 0x00, 0x01, 0x64, 0x07, 0x00, 0x80, 0x10,
    0x68, 0xd4, 0x26, 0x20, 0xc0, 0x6c, 0xff, 0x60, 0x08, 0x82, 0x70, 0x01, 0x00, 0xa3, 0x80,
    0x74, 0x1b, 0x00, 0x80, 0x06, 0x78, 0x00, 0x00, 0x00, 0x01, 0x7c, 0xd4, 0x26, 0x20, 0xc0,
    0xf0, 0x79, 0x00, 0x00, 0x00, 0x00, 0x4c, 0x23, 0x0c, 0xc2, 0x04, 0xec, 0xbf, 0x27, 0xc2,
    0x08, 0x0c, 0x23, 0x0c, 0xc2, 0x0c, 0xf0, 0xbf, 0x27, 0xc2, 0x10, 0x00, 0x20, 0x10, 0xa0,
    0x14, 0x7c, 0x21, 0x08, 0xc2, 0x18, 0x01, 0x00, 0xa4, 0x80, 0x1c, 0x11, 0x00, 0x80, 0x1a,
    0x20, 0x00, 0x00, 0x00, 0x01, 0x24, 0x80, 0x23, 0x0c, 0xc2, 0x28, 0xe8, 0xbf, 0x27, 0xc2,
    0x2c, 0x00, 0x20, 0x10, 0xa2, 0x30, 0x7d, 0x21, 0x08, 0xc2, 0x34, 0x01, 0x40, 0xa4, 0x80,
    0x38, 0x06, 0x00, 0x80, 0x3a, 0x3c, 0x01, 0x20, 0x04, 0xa0, 0x40, 0x1b, 0xf9, 0xff, 0x7f,
    0x44, 0xe8, 0xbf, 0x07, 0x90, 0x48, 0xfa, 0xff, 0xbf, 0x10, 0x4c, 0x01, 0x60, 0x04, 0xa2,
    0x50, 0x7c, 0x21, 0x08, 0xc2, 0x54, 0x01, 0x00, 0xa4, 0x80, 0x58, 0xf4, 0xff, 0xbf, 0x2a,
    0x5c, 0x80, 0x23, 0x0c, 0xc2, 0x60, 0x08, 0xe0, 0xc7, 0x81, 0x64, 0x00, 0x00, 0xe8, 0x81,
    0x68, 0x08, 0x22, 0x00, 0xd2, 0x6c, 0x00, 0x60, 0xa2, 0x80, 0x70, 0x1a, 0x00, 0x80, 0x02,
    0x74, 0x00, 0x00, 0x00, 0x01, 0x78, 0x48, 0x25, 0x10, 0xc2, 0x7c, 0x01, 0x60, 0x88, 0x80,
    0xf0, 0x7a, 0x00, 0x00, 0x00, 0x00, 0x16, 0x00, 0x80, 0x12, 0x04, 0x00, 0x00, 0x00, 0x01,
    0x08, 0x14, 0x25, 0x00, 0xc2, 0x0c, 0x00, 0x60, 0xa0, 0x80, 0x10, 0x07, 0x00, 0x80, 0x12,
    0x14, 0x58, 0x25, 0x00, 0xc2, 0x18, 0x00, 0x60, 0xa0, 0x80, 0x1c, 0x0f, 0x00, 0x80, 0x02,
    0x20, 0xff, 0x7f, 0x00, 0x9a, 0x24, 0x0d, 0x00, 0x80, 0x10, 0x28, 0x58, 0x25, 0x20, 0xda,
    0x2c, 0x40, 0x00, 0x20, 0x15, 0x30, 0x00, 0xc2, 0x3f, 0x1b, 0x34, 0x01, 0xa0, 0x12, 0x98,
    0x38, 0x00, 0x60, 0xa0, 0x80, 0x3c, 0x06, 0x00, 0x80, 0x12, 0x40, 0x70, 0x60, 0x13, 0x96,
    0x44, 0x00, 0x40, 0x23, 0xd8, 0x48, 0x98, 0x22, 0x00, 0xc2, 0x4c, 0x00, 0xc0, 0x22, 0xc2,
    0x50, 0x00, 0x40, 0x23, 0xd4, 0x54, 0x58, 0x25, 0x20, 0xd2, 0x58, 0x08, 0xe0, 0xc3, 0x81,
    0x5c, 0x00, 0x00, 0x00, 0x01, 0x60, 0x00, 0x20, 0x10, 0x92, 0x64, 0x14, 0x25, 0x00, 0xc2,
    0x68, 0x01, 0x40, 0xa2, 0x80, 0x6c, 0x19, 0x00, 0x80, 0x1a, 0x70, 0x02, 0x60, 0x2a, 0x91,
    0x74, 0x10, 0x27, 0x02, 0xd4, 0x78, 0xff, 0xaf, 0x0a, 0x82, 0x7c, 0x10, 0xa0, 0x32, 0x97,
    0xf0, 0x7b, 0x00, 0x00, 0x00, 0x00, 0x01, 0x60, 0x00, 0x98, 0x04, 0xff, 0xef, 0x0a, 0x96,
    0x08, 0xff, 0x7f, 0x00, 0x82, 0x0c, 0x18, 0x60, 0x28, 0x83, 0x10, 0x10, 0x20, 0x2b, 0x99,
    0x14, 0xff, 0xff, 0x02, 0x9a, 0x18, 0x0c, 0x40, 0x00, 0x82, 0x1c, 0x08, 0x60, 0x2b, 0x9b,
    0x20, 0x0d, 0x40, 0x00, 0x82, 0x24, 0x0b, 0x40, 0x00, 0x82, 0x28, 0x0c, 0xa0, 0x32, 0x95,
    0x2c, 0x01, 0x60, 0x02, 0x92, 0x30, 0x01, 0xa0, 0x8a, 0x80, 0x34, 0x03, 0x00, 0x80, 0x12,
    0x38, 0x01, 0x60, 0x00, 0x82, 0x3c, 0x38, 0x27, 0x22, 0xc2, 0x40, 0x14, 0x25, 0x00, 0xc2,
    0x44, 0x01, 0x40, 0xa2, 0x80, 0x48, 0xeb, 0xff, 0xbf, 0x0a, 0x4c, 0x02, 0x60, 0x2a, 0x91,
    0x50, 0x08, 0xe0, 0xc3, 0x81, 0x54, 0x00, 0x00, 0x00, 0x01, 0x58, 0x98, 0xbf, 0xe3, 0x9d,
    0x5c, 0x00, 0x20, 0x10, 0x94, 0x60, 0x14, 0x25, 0x00, 0xc2, 0x64, 0x01, 0x80, 0xa2, 0x80,
    0x68, 0x5d, 0x00, 0x80, 0x1a, 0x6c, 0x00, 0x20, 0x10, 0x96, 0x70, 0x02, 0xa0, 0x2a, 0xbb,
    0x74, 0x38, 0x67, 0x0f, 0xf2, 0x78, 0x39, 0x67, 0x0f, 0xc2, 0x7c, 0x01, 0x40, 0xa6, 0x80,
    0xf0, 0x7c, 0x00, 0x00, 0x00, 0x00, 0x00, 0x20, 0x10, 0x98, 0x04, 0x00, 0x20, 0x10, 0x9e,
    0x08, 0x20, 0x00, 0x80, 0x14, 0x0c, 0x00, 0x20, 0x10, 0x9a, 0x10, 0x18, 0x00, 0x00, 0x03,
    0x14, 0xe0, 0x60, 0x10, 0x92, 0x18, 0x3b, 0x67, 0x0f, 0xc2, 0x1c, 0x3a, 0x67, 0x0f, 0xf6,
    0x20, 0x01, 0xc0, 0xa6, 0x80, 0x24, 0x13, 0x00, 0x80, 0x14, 0x28, 0x04, 0x60, 0x2e, 0x83,
    0x2c, 0x1b, 0x40, 0x00, 0x82, 0x30, 0x02, 0x60, 0x28, 0x83, 0x34, 0x09, 0x40, 0x00, 0x82,
    0x38, 0x3b, 0xe7, 0x0a, 0xf8, 0x3c, 0x00, 0x40, 0x00, 0xfa, 0x40, 0x1b, 0x40, 0x5f, 0xb0,
    0x44, 0x04, 0x60, 0x00, 0x82, 0x48, 0x01, 0xe0, 0x06, 0xb6, 0x4c, 0x00, 0x60, 0xa7, 0x80,
    0x50, 0x05, 0x00, 0x80, 0x04, 0x54, 0x19, 0x40, 0x5f, 0xb4, 0x58, 0x1a, 0xc0, 0x03, 0x9e,
    0x5c, 0x18, 0x40, 0x03, 0x9a, 0x60, 0x1d, 0x00, 0x03, 0x98, 0x64, 0x1c, 0xc0, 0xa6, 0x80,
    0x68, 0xf6, 0xff, 0xbf, 0x24, 0x6c, 0x00, 0x40, 0x00, 0xfa, 0x70, 0x02, 0xa0, 0x2a, 0xbb,
    0x74, 0x01, 0x60, 0x06, 0xb2, 0x78, 0x39, 0x67, 0x0f, 0xc2, 0x7c, 0x01, 0x40, 0xa6, 0x80,
    0xf0, 0x7d, 0x00, 0x00, 0x00, 0x00, 0xe7, 0xff, 0xbf, 0x24, 0x04, 0x3b, 0x67, 0x0f, 0xc2,
    0x08, 0x06, 0x60, 0x2b, 0xbb, 0x0c, 0x06, 0xe0, 0x2b, 0xb9, 0x10, 0x10, 0xe7, 0x02, 0xc2,
    0x14, 0x1f, 0x20, 0x3f, 0x9b, 0x18, 0x00, 0x60, 0x83, 0x81, 0x1c, 0x00, 0x00, 0x00, 0x01,
    0x20, 0x00, 0x00, 0x00, 0x01, 0x24, 0x00, 0x00, 0x00, 0x01, 0x28, 0x0c, 0x00, 0x7f, 0xb8,
    0x2c, 0x1f, 0x60, 0x3f, 0x9b, 0x30, 0x00, 0x60, 0x83, 0x81, 0x34, 0x00, 0x00, 0x00, 0x01,
    0x38, 0x00, 0x00, 0x00, 0x01, 0x3c, 0x00, 0x00, 0x00, 0x01, 0x40, 0x0c, 0x40, 0x7f, 0xba,
    0x44, 0x0c, 0x60, 0x30, 0x83, 0x48, 0x01, 0x60, 0x88, 0x80, 0x4c, 0xe0, 0x3f, 0x07, 0x9e,
    0x50, 0x07, 0x00, 0x80, 0x02, 0x54, 0xe0, 0x7f, 0x07, 0x9a, 0x58, 0x7c, 0x23, 0x00, 0xc2,
    0x5c, 0x00, 0x60, 0xa0, 0x80, 0x60, 0x03, 0x00, 0x80, 0x22, 0x64, 0xa0, 0x3f, 0x07, 0x9e,
    0x68, 0xa0, 0x7f, 0x07, 0x9a, 0x6c, 0x00, 0xe0, 0xa3, 0x80, 0x70, 0x02, 0x00, 0x80, 0x24,
    0x74, 0x01, 0x20, 0x10, 0x9e, 0x78, 0x00, 0x60, 0xa3, 0x80, 0x7c, 0x02, 0x00, 0x80, 0x24,
    0xf0, 0x7e, 0x00, 0x00, 0x00, 0x00, 0x01, 0x20, 0x10, 0x9a, 0x04, 0x7f, 0x21, 0x08, 0xc2,
    0x08, 0x06, 0x60, 0x28, 0x83, 0x0c, 0x01, 0xc0, 0xa3, 0x80, 0x10, 0x02, 0x00, 0x80, 0x36,
    0x14, 0xff, 0x7f, 0x00, 0x9e, 0x18, 0x7e, 0x21, 0x08, 0xc2, 0x1c, 0x06, 0x60, 0x28, 0x83,
    0x20, 0x01, 0x40, 0xa3, 0x80, 0x24, 0x02, 0x00, 0x80, 0x36, 0x28, 0xff, 0x7f, 0x00, 0x9a,
    0x2c, 0x10, 0xe7, 0x02, 0xfa, 0x30, 0x10, 0xe0, 0x2b, 0x83, 0x34, 0x3c, 0x00, 0x3c, 0x39,
    0x38, 0x0d, 0x40, 0x00, 0x82, 0x3c, 0x1c, 0x40, 0x0f, 0xba, 0x40, 0x1d, 0x40, 0x00, 0x82,
    0x44, 0x10, 0xe7, 0x22, 0xc2, 0x48, 0x01, 0xa0, 0x02, 0x94, 0x4c, 0x14, 0x25, 0x00, 0xc2,
    0x50, 0x01, 0x80, 0xa2, 0x80, 0x54, 0xa7, 0xff, 0xbf, 0x0a, 0x58, 0x04, 0xe0, 0x02, 0x96,
    0x5c, 0x0a, 0xf7, 0xff, 0x7f, 0x60, 0x5a, 0x20, 0xe8, 0x91, 0x64, 0x00, 0x00, 0x00, 0x01,
    0x68, 0x98, 0xbf, 0xe3, 0x9d, 0x6c, 0x48, 0x25, 0x00, 0xd8, 0x70, 0x0c, 0x20, 0x33, 0x83,
    0x74, 0x01, 0x60, 0x88, 0x80, 0x78, 0x81, 0x00, 0x80, 0x12, 0x7c, 0x00, 0x00, 0x00, 0x01,
    0xf0, 0x7f, 0x00, 0x00, 0x00, 0x00, 0x4d, 0x25, 0x08, 0xc2, 0x04, 0x00, 0x60, 0xa0, 0x80,
    0x08, 0x7d, 0x00, 0x80, 0x12, 0x0c, 0x00, 0x00, 0x00, 0x01, 0x10, 0x4e, 0x25, 0x08, 0xc2,
    0x14, 0x00, 0x60, 0xa0, 0x80, 0x18, 0x79, 0x00, 0x80, 0x02, 0x1c, 0x00, 0x00, 0x00, 0x01,
    0x20, 0x54, 0x25, 0x00, 0xc2, 0x24, 0xfa, 0x60, 0x58, 0x82, 0x28, 0x00, 0x25, 0x00, 0xda,
    0x2c, 0x01, 0x40, 0xa3, 0x80, 0x30, 0x73, 0x00, 0x80, 0x0a, 0x34, 0x00, 0x00, 0x00, 0x01,
    0x38, 0x58, 0x26, 0x00, 0xd6, 0x3c, 0x00, 0xe0, 0xa2, 0x80, 0x40, 0x1c, 0x00, 0x80, 0x14,
    0x44, 0xff, 0xff, 0x02, 0x82, 0x48, 0x14, 0x25, 0x00, 0xc2, 0x4c, 0x01, 0x60, 0xa0, 0x80,
    0x50, 0x6b, 0x00, 0x80, 0x32, 0x54, 0x58, 0x26, 0x20, 0xc0, 0x58, 0x10, 0x27, 0x00, 0xc2,
    0x5c, 0x00, 0x60, 0xa0, 0x80, 0x60, 0x04, 0x00, 0x80, 0x12, 0x64, 0x40, 0x20, 0x8b, 0x80,
    0x68, 0x65, 0x00, 0x80, 0x10, 0x6c, 0x58, 0x26, 0x20, 0xc0, 0x70, 0x06, 0x00, 0x80, 0x32,
    0x74, 0x9c, 0x23, 0x00, 0xd8, 0x78, 0x00, 0xe0, 0xa2, 0x80, 0x7c, 0x0d, 0x00, 0x80, 0x06,
    0xf0, 0x80, 0x00, 0x00, 0x00, 0x00, 0x01, 0xe0, 0x02, 0x82, 0x04, 0x9c, 0x23, 0x00, 0xd8,
    0x08, 0x3f, 0x00, 0x00, 0x03, 0x0c, 0x10, 0x20, 0x33, 0x9b, 0x10, 0xff, 0x63, 0x10, 0x82,
    0x14, 0x01, 0x00, 0x0b, 0x98, 0x18, 0x0d, 0x00, 0x38, 0x9a, 0x1c, 0x0c, 0x40, 0x23, 0x9a,
    0x20, 0x0d, 0xc0, 0xa2, 0x80, 0x24, 0x05, 0x00, 0x80, 0x06, 0x28, 0x56, 0x69, 0x29, 0x03,
    0x2c, 0xff, 0xff, 0x02, 0x82, 0x30, 0x53, 0x00, 0x80, 0x10, 0x34, 0x58, 0x26, 0x20, 0xc2,
    0x38, 0x5a, 0x62, 0x10, 0x9a, 0x3c, 0x0c, 0x25, 0x00, 0xc2, 0x40, 0x0d, 0x40, 0xa0, 0x80,
    0x44, 0x04, 0x00, 0x80, 0x02, 0x48, 0x00, 0x20, 0x10, 0xa0, 0x4c, 0x0c, 0x25, 0x20, 0xda,
    0x50, 0x54, 0x26, 0x20, 0xc0, 0x54, 0x02, 0x20, 0x2c, 0x83, 0x58, 0x10, 0x66, 0x00, 0x92,
    0x5c, 0x10, 0x66, 0x00, 0xc2, 0x60, 0x10, 0x27, 0x10, 0x90, 0x64, 0x00, 0x60, 0xa0, 0x80,
    0x68, 0x0d, 0x00, 0x80, 0x02, 0x6c, 0x01, 0x20, 0x04, 0xa0, 0x70, 0x3a, 0xf7, 0xff, 0x7f,
    0x74, 0x00, 0x00, 0x00, 0x01, 0x78, 0x00, 0x23, 0x00, 0xc2, 0x7c, 0x08, 0x23, 0x00, 0xda,
    0xf0, 0x81, 0x00, 0x00, 0x00, 0x00, 0x01, 0x40, 0x58, 0x82, 0x04, 0x0d, 0x40, 0x5b, 0x9a,
    0x08, 0x0d, 0x40, 0x00, 0x82, 0x0c, 0x06, 0x60, 0x28, 0x83, 0x10, 0x01, 0x00, 0xa2, 0x80,
    0x14, 0x3a, 0x00, 0x80, 0x0a, 0x18, 0x00, 0x00, 0x00, 0x01, 0x1c, 0x0f, 0x20, 0xa4, 0x80,
    0x20, 0xee, 0xff, 0xbf, 0x08, 0x24, 0x02, 0x20, 0x2c, 0x83, 0x28, 0xeb, 0x41, 0x00, 0x03,
    0x2c, 0x58, 0x26, 0x20, 0xc2, 0x30, 0x0f, 0x20, 0x10, 0xa0, 0x34, 0x02, 0x20, 0x2c, 0x9b,
    0x38, 0x0c, 0x66, 0x03, 0xc2, 0x3c, 0xff, 0x3f, 0x84, 0xa0, 0x40, 0xfd, 0xff, 0xbf, 0x12,
    0x44, 0x10, 0x66, 0x23, 0xc2, 0x48, 0x54, 0x26, 0x00, 0xda, 0x4c, 0x10, 0x27, 0x00, 0xc2,
    0x50, 0x10, 0x26, 0x20, 0xc2, 0x54, 0x0f, 0x60, 0xa3, 0x80, 0x58, 0x03, 0x00, 0x80, 0x14,
    0x5c, 0x0f, 0x20, 0x10, 0x90, 0x60, 0x0d, 0x00, 0x10, 0x90, 0x64, 0x14, 0x00, 0x00, 0x03,
    0x68, 0xa8, 0x62, 0x10, 0x9e, 0x6c, 0x00, 0x68, 0x00, 0x82, 0x70, 0x30, 0x63, 0x10, 0xa2,
    0x74, 0x3f, 0x00, 0x00, 0x03, 0x78, 0xff, 0x63, 0x10, 0xa6, 0x7c, 0x01, 0x20, 0x02, 0x92,
    0xf0, 0x82, 0x00, 0x00, 0x00, 0x00, 0x00, 0x20, 0x10, 0xa0, 0x04, 0x0f, 0x00, 0x10, 0xa4,
    0x08, 0x02, 0x20, 0x2c, 0x97, 0x0c, 0x0b, 0xc0, 0x03, 0x82, 0x10, 0x02, 0x60, 0x10, 0xda,
    0x14, 0x0b, 0x40, 0x04, 0x98, 0x18, 0x02, 0x20, 0x13, 0xd4, 0x1c, 0x0b, 0xc0, 0x13, 0xc2,
    0x20, 0x0b, 0x40, 0x14, 0xd8, 0x24, 0x08, 0x40, 0x58, 0x82, 0x28, 0x08, 0x40, 0x5b, 0x9a,
    0x2c, 0x0c, 0x40, 0x00, 0x82, 0x30, 0x0a, 0x40, 0x03, 0x9a, 0x34, 0x00, 0x00, 0x80, 0x81,
    0x38, 0x00, 0x00, 0x00, 0x01, 0x3c, 0x00, 0x00, 0x00, 0x01, 0x40, 0x00, 0x00, 0x00, 0x01,
    0x44, 0x09, 0x40, 0x70, 0x82, 0x48, 0x00, 0x00, 0x80, 0x81, 0x4c, 0x00, 0x00, 0x00, 0x01,
    0x50, 0x00, 0x00, 0x00, 0x01, 0x54, 0x00, 0x00, 0x00, 0x01, 0x58, 0x09, 0x40, 0x73, 0x9a,
    0x5c, 0x10, 0x60, 0x28, 0x83, 0x60, 0x13, 0x40, 0x0b, 0x9a, 0x64, 0x0d, 0x40, 0x00, 0x82,
    0x68, 0x01, 0x20, 0x04, 0xa0, 0x6c, 0xb5, 0x20, 0xa4, 0x80, 0x70, 0xe6, 0xff, 0xbf, 0x08,
    0x74, 0x12, 0xc0, 0x22, 0xc2, 0x78, 0x54, 0x26, 0x20, 0xd2, 0x7c, 0x08, 0xe0, 0xc7, 0x81,
    0xf0, 0x83, 0x00, 0x00, 0x00, 0x00, 0x00, 0x00, 0xe8, 0x81, 0x04, 0x98, 0xbf, 0xe3, 0x9d,
    0x08, 0x00, 0x20, 0x10, 0xa2, 0x0c, 0x14, 0x25, 0x00, 0xc2, 0x10, 0x01, 0x40, 0xa4, 0x80,
    0x14, 0x00, 0x20, 0x10, 0xa0, 0x18, 0x12, 0x00, 0x80, 0x1a, 0x1c, 0x02, 0x20, 0x2c, 0x83,
    0x20, 0x10, 0x67, 0x00, 0x92, 0x24, 0x10, 0x67, 0x00, 0xc2, 0x28, 0x00, 0x60, 0xa0, 0x80,
    0x2c, 0x09, 0x00, 0x80, 0x02, 0x30, 0x18, 0x00, 0x10, 0x90, 0x34, 0xe9, 0xf6, 0xff, 0x7f,
    0x38, 0x00, 0x00, 0x00, 0x01, 0x3c, 0x01, 0x20, 0x10, 0x82, 0x40, 0x19, 0x00, 0xa2, 0x80,
    0x44, 0x03, 0x00, 0x80, 0x1a, 0x48, 0x10, 0x40, 0x28, 0x83, 0x4c, 0x01, 0x40, 0x14, 0xa2,
    0x50, 0x01, 0x20, 0x04, 0xa0, 0x54, 0x14, 0x25, 0x00, 0xc2, 0x58, 0xf0, 0xff, 0xbf, 0x10,
    0x5c, 0x01, 0x00, 0xa4, 0x80, 0x60, 0x08, 0xe0, 0xc7, 0x81, 0x64, 0x11, 0x00, 0xe8, 0x91,
    0x68, 0x90, 0xbf, 0xe3, 0x9d, 0x6c, 0xc0, 0x3f, 0x00, 0x03, 0x70, 0x01, 0x60, 0x10, 0x82,
    0x74, 0xf0, 0xbf, 0x27, 0xc2, 0x78, 0xf4, 0xbf, 0x27, 0xc0, 0x7c, 0x00, 0x20, 0x10, 0xa0,
    0xf0, 0x84, 0x00, 0x00, 0x00, 0x00, 0xf8, 0xbf, 0x07, 0x82, 0x04, 0x01, 0x00, 0x04, 0x82,
    0x08, 0xf9, 0x7f, 0x48, 0xd2, 0x0c, 0xf8, 0x7f, 0x48, 0xd0, 0x10, 0x08, 0x00, 0x06, 0x90,
    0x14, 0x09, 0x40, 0x06, 0x92, 0x18, 0x00, 0x20, 0x10, 0x94, 0x1c, 0x2a, 0xf7, 0xff, 0x7f,
    0x20, 0x1a, 0x00, 0x10, 0x96, 0x24, 0x00, 0x20, 0xa2, 0x80, 0x28, 0x04, 0x00, 0x80, 0x02,
    0x2c, 0x01, 0x20, 0x04, 0xa0, 0x30, 0x06, 0x00, 0x80, 0x10, 0x34, 0x01, 0x20, 0x10, 0xb0,
    0x38, 0x04, 0x20, 0xa4, 0x80, 0x3c, 0xf2, 0xff, 0xbf, 0x04, 0x40, 0xf8, 0xbf, 0x07, 0x82,
    0x44, 0x00, 0x20, 0x10, 0xb0, 0x48, 0x08, 0xe0, 0xc7, 0x81, 0x4c, 0x00, 0x00, 0xe8, 0x81,
    0x50, 0x98, 0xbf, 0xe3, 0x9d, 0x54, 0x48, 0x25, 0x10, 0xc2, 0x58, 0x01, 0x60, 0x88, 0x80,
    0x5c, 0x00, 0x20, 0x10, 0xb8, 0x60, 0x00, 0x20, 0x10, 0xba, 0x64, 0x04, 0x00, 0x80, 0x02,
    0x68, 0x00, 0x20, 0x10, 0xae, 0x6c, 0x29, 0x00, 0x80, 0x10, 0x70, 0x54, 0x23, 0x00, 0xec,
    0x74, 0x4c, 0x25, 0x00, 0xc2, 0x78, 0x00, 0x62, 0x88, 0x80, 0x7c, 0x10, 0x00, 0x80, 0x32,
    0xf0, 0x85, 0x00, 0x00, 0x00, 0x00, 0x90, 0x26, 0x00, 0xc2, 0x04, 0x56, 0x69, 0x29, 0x03,
    0x08, 0x0c, 0x25, 0x00, 0xda, 0x0c, 0x5a, 0x62, 0x10, 0x82, 0x10, 0x01, 0x40, 0xa3, 0x80,
    0x14, 0x06, 0x00, 0x80, 0x12, 0x18, 0xc8, 0x23, 0x00, 0xc2, 0x1c, 0x00, 0x68, 0x88, 0x80,
    0x20, 0x07, 0x00, 0x80, 0x32, 0x24, 0x90, 0x26, 0x00, 0xc2, 0x28, 0xc8, 0x23, 0x00, 0xc2,
    0x2c, 0x00, 0x64, 0x88, 0x80, 0x30, 0x18, 0x00, 0x80, 0x22, 0x34, 0xac, 0x22, 0x00, 0xec,
    0x38, 0x90, 0x26, 0x00, 0xc2, 0x3c, 0x00, 0x62, 0x88, 0x80, 0x40, 0x0d, 0x00, 0x80, 0x12,
    0x44, 0x01, 0x20, 0x10, 0xb8, 0x48, 0x14, 0x00, 0x00, 0x13, 0x4c, 0xa8, 0x62, 0x12, 0x92,
    0x50, 0xd0, 0x2f, 0x00, 0xc2, 0x54, 0x00, 0x40, 0xc0, 0x9f, 0x58, 0x90, 0x25, 0x00, 0xd0,
    0x5c, 0xbc, 0x2f, 0x00, 0xc2, 0x60, 0x00, 0x40, 0xc0, 0x9f, 0x64, 0x00, 0x00, 0x00, 0x01,
    0x68, 0x90, 0x26, 0x00, 0xc2, 0x6c, 0x00, 0x62, 0x10, 0x82, 0x70, 0x90, 0x26, 0x20, 0xc2,
    0x74, 0x07, 0x00, 0x80, 0x10, 0x78, 0xa0, 0x23, 0x00, 0xec, 0x7c, 0x4c, 0x25, 0x00, 0xc2,
    0xf0, 0x86, 0x00, 0x00, 0x00, 0x00, 0x80, 0x00, 0x00, 0x1b, 0x04, 0x0d, 0x40, 0x10, 0x82,
    0x08, 0x84, 0x00, 0x80, 0x10, 0x0c, 0x4c, 0x25, 0x20, 0xc2, 0x10, 0x1d, 0xf6, 0xff, 0x7f,
    0x14, 0xaa, 0x20, 0x10, 0x90, 0x18, 0x00, 0x25, 0x00, 0xda, 0x1c, 0xd0, 0x22, 0x00, 0xc2,
    0x20, 0x01, 0x40, 0xa3, 0x80, 0x24, 0x0f, 0x00, 0x80, 0x38, 0x28, 0x01, 0x20, 0x10, 0xba,
    0x2c, 0x00, 0x22, 0x00, 0xc2, 0x30, 0x01, 0x00, 0xa0, 0x80, 0x34, 0x00, 0x20, 0x40, 0x9a,
    0x38, 0x16, 0x00, 0xa0, 0x80, 0x3c, 0xff, 0x3f, 0x60, 0x82, 0x40, 0x01, 0x40, 0x93, 0x80,
    0x44, 0x07, 0x00, 0x80, 0x32, 0x48, 0x01, 0x20, 0x10, 0xba, 0x4c, 0x48, 0x25, 0x00, 0xc2,
    0x50, 0x01, 0x60, 0x88, 0x80, 0x54, 0x04, 0x00, 0x80, 0x02, 0x58, 0x00, 0x20, 0x10, 0xaa,
    0x5c, 0x01, 0x20, 0x10, 0xba, 0x60, 0x00, 0x20, 0x10, 0xaa, 0x64, 0x03, 0x60, 0x2d, 0xa5,
    0x68, 0x60, 0xa7, 0x04, 0xc2, 0x6c, 0x00, 0x60, 0xa0, 0x80, 0x70, 0x67, 0x00, 0x80, 0x22,
    0x74, 0x01, 0x60, 0x05, 0xaa, 0x78, 0x00, 0x60, 0xa5, 0x80, 0x7c, 0x08, 0x00, 0x80, 0x12,
    0xf0, 0x87, 0x00, 0x00, 0x00, 0x00, 0x00, 0x60, 0xa7, 0x80, 0x04, 0x5c, 0x25, 0x00, 0xc2,
    0x08, 0x00, 0x60, 0xa0, 0x80, 0x0c, 0x0c, 0x00, 0x80, 0x12, 0x10, 0x00, 0x00, 0x20, 0x29,
    0x14, 0x0a, 0x00, 0x80, 0x10, 0x18, 0x00, 0x20, 0x10, 0xa8, 0x1c, 0x05, 0x00, 0x80, 0x02,
    0x20, 0x60, 0xa7, 0x04, 0x90, 0x24, 0x64, 0xa7, 0x24, 0xc0, 0x28, 0x58, 0x00, 0x80, 0x10,
    0x2c, 0x60, 0xa7, 0x24, 0xc0, 0x30, 0x75, 0xff, 0xff, 0x7f, 0x34, 0x16, 0x00, 0x10, 0x92,
    0x38, 0x08, 0x00, 0x10, 0xa8, 0x3c, 0x00, 0x20, 0xa5, 0x80, 0x40, 0x50, 0x00, 0x80, 0x02,
    0x44, 0x14, 0xc0, 0x15, 0xae, 0x48, 0x66, 0xa7, 0x14, 0xc2, 0x4c, 0x00, 0x60, 0xa0, 0x80,
    0x50, 0x0a, 0x00, 0x80, 0x02, 0x54, 0x00, 0x60, 0xa5, 0x80, 0x58, 0x64, 0xa7, 0x04, 0xc2,
    0x5c, 0xff, 0x7f, 0x00, 0x82, 0x60, 0x64, 0xa7, 0x24, 0xc2, 0x64, 0x66, 0xa7, 0x14, 0xc2,
    0x68, 0x00, 0x60, 0xa0, 0x80, 0x6c, 0x48, 0x00, 0x80, 0x32, 0x70, 0x01, 0x60, 0x05, 0xaa,
    0x74, 0x00, 0x60, 0xa5, 0x80, 0x78, 0x06, 0x00, 0x80, 0x12, 0x7c, 0x00, 0x40, 0x00, 0x1b,
    0xf0, 0x88, 0x00, 0x00, 0x00, 0x00, 0x4c, 0x25, 0x00, 0xc2, 0x04, 0x0d, 0x40, 0x10, 0x82,
    0x08, 0x40, 0x00, 0x80, 0x10, 0x0c, 0x4c, 0x25, 0x20, 0xc2, 0x10, 0x48, 0x25, 0x10, 0xc2,
    0x14, 0x01, 0x60, 0x88, 0x80, 0x18, 0x06, 0x00, 0x80, 0x02, 0x1c, 0xff, 0x3f, 0x10, 0x82,
    0x20, 0x64, 0xa7, 0x24, 0xc0, 0x24, 0x60, 0xa7, 0x24, 0xc0, 0x28, 0x38, 0x00, 0x80, 0x10,
    0x2c, 0x00, 0x27, 0x20, 0xc2, 0x30, 0x00, 0x20, 0xa7, 0x80, 0x34, 0xb2, 0xff, 0xbf, 0x02,
    0x38, 0x00, 0x20, 0x10, 0xa6, 0x3c, 0x14, 0x25, 0x00, 0xc2, 0x40, 0x01, 0xc0, 0xa4, 0x80,
    0x44, 0x2c, 0x00, 0x80, 0x1a, 0x48, 0x13, 0x00, 0x35, 0x83, 0x4c, 0x01, 0x60, 0x88, 0x80,
    0x50, 0x27, 0x00, 0x80, 0x02, 0x54, 0x02, 0xe0, 0x2c, 0x9b, 0x58, 0x10, 0x67, 0x03, 0xe0,
    0x5c, 0x16, 0x20, 0x34, 0xa3, 0x60, 0xff, 0x2f, 0x0c, 0xa0, 0x64, 0x06, 0x20, 0x3c, 0xa1,
    0x68, 0x3f, 0x60, 0x0c, 0xa2, 0x6c, 0x01, 0x20, 0x04, 0xa0, 0x70, 0x01, 0x60, 0x04, 0xa2,
    0x74, 0x11, 0x00, 0x10, 0x92, 0x78, 0x6e, 0x24, 0x10, 0xd4, 0x7c, 0x5b, 0xff, 0xff, 0x7f,
    0xf0, 0x89, 0x00, 0x00, 0x00, 0x00, 0x10, 0x00, 0x10, 0x90, 0x04, 0x00, 0x20, 0xa2, 0x80,
    0x08, 0x11, 0x00, 0x10, 0x92, 0x0c, 0x0f, 0x00, 0x80, 0x12, 0x10, 0x10, 0x00, 0x10, 0x90,
    0x14, 0x6c, 0x24, 0x10, 0xc2, 0x18, 0x00, 0x60, 0x90, 0x94, 0x1c, 0x0f, 0x00, 0x80, 0x22,
    0x20, 0x4c, 0x25, 0x00, 0xc2, 0x24, 0x48, 0x25, 0x00, 0xc2, 0x28, 0x80, 0x60, 0x88, 0x80,
    0x2c, 0x0b, 0x00, 0x80, 0x22, 0x30, 0x4c, 0x25, 0x00, 0xc2, 0x34, 0x4d, 0xff, 0xff, 0x7f,
    0x38, 0x00, 0x00, 0x00, 0x01, 0x3c, 0x00, 0x20, 0xa2, 0x80, 0x40, 0x06, 0x00, 0x80, 0x22,
    0x44, 0x4c, 0x25, 0x00, 0xc2, 0x48, 0x01, 0x20, 0x10, 0x82, 0x4c, 0x13, 0x40, 0x28, 0x83,
    0x50, 0x07, 0x00, 0x80, 0x10, 0x54, 0x01, 0x00, 0x2d, 0xa8, 0x58, 0x80, 0x00, 0x00, 0x1b,
    0x5c, 0x0d, 0x40, 0x10, 0x82, 0x60, 0x4c, 0x25, 0x20, 0xc2, 0x64, 0x04, 0x00, 0x80, 0x10,
    0x68, 0xe8, 0x26, 0x20, 0xc0, 0x6c, 0xd4, 0xff, 0xbf, 0x10, 0x70, 0x01, 0xe0, 0x04, 0xa6,
    0x74, 0x00, 0x20, 0xa5, 0x80, 0x78, 0x05, 0x00, 0x80, 0x32, 0x7c, 0x01, 0x60, 0x05, 0xaa,
    0xf0, 0x8a, 0x00, 0x00, 0x00, 0x00, 0x64, 0xa7, 0x24, 0xc0, 0x04, 0x60, 0xa7, 0x24, 0xc0,
    0x08, 0x01, 0x60, 0x05, 0xaa, 0x0c, 0x13, 0x60, 0xa5, 0x80, 0x10, 0x96, 0xff, 0xbf, 0x04,
    0x14, 0x03, 0x60, 0x2d, 0xa5, 0x18, 0x00, 0xe0, 0xa5, 0x80, 0x1c, 0x02, 0x00, 0x80, 0x22,
    0x20, 0xe8, 0x26, 0x20, 0xc0, 0x24, 0x5c, 0x25, 0x00, 0xc2, 0x28, 0x00, 0x60, 0xa0, 0x80,
    0x2c, 0x0a, 0x00, 0x80, 0x02, 0x30, 0x00, 0x60, 0xa7, 0x80, 0x34, 0x60, 0x27, 0x00, 0xc2,
    0x38, 0x00, 0x60, 0xa0, 0x80, 0x3c, 0x06, 0x00, 0x80, 0x12, 0x40, 0x00, 0x60, 0xa7, 0x80,
    0x44, 0x04, 0x00, 0x00, 0x03, 0x48, 0x60, 0x27, 0x20, 0xc2, 0x4c, 0x48, 0x22, 0x00, 0xc2,
    0x50, 0x64, 0x27, 0x20, 0xc2, 0x54, 0x2b, 0x00, 0x80, 0x12, 0x58, 0x00, 0x20, 0x10, 0xaa,
    0x5c, 0x14, 0x25, 0x00, 0xc2, 0x60, 0x01, 0x40, 0xa5, 0x80, 0x64, 0x27, 0x00, 0x80, 0x1a,
    0x68, 0x01, 0x20, 0x10, 0x96, 0x6c, 0x02, 0x60, 0x2d, 0x99, 0x70, 0x10, 0x27, 0x03, 0xc2,
    0x74, 0x0c, 0x60, 0x30, 0x83, 0x78, 0x01, 0x60, 0x88, 0x80, 0x7c, 0x1d, 0x00, 0x80, 0x32,
    0xf0, 0x8b, 0x00, 0x00, 0x00, 0x00, 0x01, 0x60, 0x05, 0xaa, 0x04, 0x15, 0xc0, 0x2a, 0x83,
    0x08, 0x01, 0xc0, 0x8d, 0x80, 0x0c, 0x19, 0x00, 0x80, 0x32, 0x10, 0x01, 0x60, 0x05, 0xaa,
    0x14, 0x01, 0x20, 0x10, 0xa6, 0x18, 0x03, 0xe0, 0x2c, 0x9b, 0x1c, 0x60, 0x67, 0x03, 0xc2,
    0x20, 0x00, 0x60, 0xa0, 0x80, 0x24, 0x0f, 0x00, 0x80, 0x12, 0x28, 0x01, 0xe0, 0x04, 0xa6,
    0x2c, 0x10, 0x27, 0x03, 0xc2, 0x30, 0x60, 0x67, 0x23, 0xc2, 0x34, 0x48, 0x25, 0x10, 0xc2,
    0x38, 0x01, 0x60, 0x88, 0x80, 0x3c, 0x04, 0x00, 0x80, 0x02, 0x40, 0x00, 0x20, 0xa7, 0x80,
    0x44, 0x05, 0x00, 0x80, 0x10, 0x48, 0x58, 0x23, 0x00, 0xc2, 0x4c, 0x03, 0x00, 0x80, 0x22,
    0x50, 0x78, 0x23, 0x00, 0xc2, 0x54, 0x9c, 0x23, 0x00, 0xc2, 0x58, 0x05, 0x00, 0x80, 0x10,
    0x5c, 0x64, 0x67, 0x23, 0xc2, 0x60, 0x13, 0xe0, 0xa4, 0x80, 0x64, 0xee, 0xff, 0xbf, 0x04,
    0x68, 0x03, 0xe0, 0x2c, 0x9b, 0x6c, 0x01, 0x60, 0x05, 0xaa, 0x70, 0x14, 0x25, 0x00, 0xc2,
    0x74, 0x01, 0x40, 0xa5, 0x80, 0x78, 0xde, 0xff, 0xbf, 0x0a, 0x7c, 0x02, 0x60, 0x2d, 0x99,
    0xf0, 0x8c, 0x00, 0x00, 0x00, 0x00, 0x08, 0xe0, 0xc7, 0x81, 0x04, 0x00, 0x00, 0xe8, 0x81,
    0x08, 0x98, 0xbf, 0xe3, 0x9d, 0x0c, 0xb4, 0xf6, 0xff, 0x7f, 0x10, 0x00, 0x00, 0x00, 0x01,
    0x14, 0x48, 0x25, 0x00, 0xda, 0x18, 0x10, 0x60, 0x33, 0x83, 0x1c, 0x01, 0x60, 0x88, 0x80,
    0x20, 0x1d, 0x00, 0x80, 0x12, 0x24, 0x0c, 0x60, 0x33, 0x83, 0x28, 0x01, 0x60, 0x88, 0x80,
    0x2c, 0x1a, 0x00, 0x80, 0x12, 0x30, 0x00, 0x00, 0x00, 0x01, 0x34, 0x4d, 0x25, 0x08, 0xc2,
    0x38, 0x00, 0x60, 0xa0, 0x80, 0x3c, 0x16, 0x00, 0x80, 0x02, 0x40, 0x80, 0xc1, 0x3f, 0x03,
    0x44, 0x00, 0x40, 0x20, 0xc0, 0x48, 0x02, 0x20, 0x10, 0xa0, 0x4c, 0xfa, 0xf6, 0xff, 0x7f,
    0x50, 0x01, 0x20, 0x10, 0x90, 0x54, 0x99, 0x00, 0x00, 0x11, 0x58, 0xcf, 0xf1, 0xff, 0x7f,
    0x5c, 0x3c, 0x23, 0x12, 0x90, 0x60, 0xff, 0x3f, 0x84, 0xa0, 0x64, 0xfa, 0xff, 0xbf, 0x1c,
    0x68, 0x00, 0x00, 0x00, 0x01, 0x6c, 0xf2, 0xf6, 0xff, 0x7f, 0x70, 0x00, 0x20, 0x10, 0x90,
    0x74, 0x4c, 0x25, 0x10, 0xc2, 0x78, 0x01, 0x60, 0x88, 0x80, 0x7c, 0x02, 0x00, 0x80, 0x32,
    0xf0, 0x8d, 0x00, 0x00, 0x00, 0x00, 0x0c, 0x25, 0x20, 0xc0, 0x04, 0x1e, 0xf4, 0xff, 0x7f,
    0x08, 0x15, 0x20, 0x10, 0x90, 0x0c, 0x01, 0x20, 0x10, 0x82, 0x10, 0x84, 0x25, 0x20, 0xc2,
    0x14, 0x08, 0xe0, 0xc7, 0x81, 0x18, 0x00, 0x00, 0xe8, 0x81, 0x1c, 0x88, 0x25, 0x00, 0xc2,
    0x20, 0x00, 0x60, 0xa0, 0x80, 0x24, 0x06, 0x00, 0x80, 0x32, 0x28, 0x8c, 0x25, 0x00, 0xc2,
    0x2c, 0x54, 0x25, 0x00, 0xc2, 0x30, 0x88, 0x25, 0x20, 0xc2, 0x34, 0x94, 0x25, 0x20, 0xc0,
    0x38, 0x8c, 0x25, 0x00, 0xc2, 0x3c, 0x00, 0x60, 0xa0, 0x80, 0x40, 0x06, 0x00, 0x80, 0x32,
    0x44, 0x48, 0x25, 0x10, 0xc2, 0x48, 0x54, 0x25, 0x00, 0xc2, 0x4c, 0x8c, 0x25, 0x20, 0xc2,
    0x50, 0x98, 0x25, 0x20, 0xc0, 0x54, 0x48, 0x25, 0x10, 0xc2, 0x58, 0x01, 0x60, 0x88, 0x80,
    0x5c, 0x07, 0x00, 0x80, 0x02, 0x60, 0x00, 0x00, 0x00, 0x01, 0x64, 0x58, 0x25, 0x00, 0xc2,
    0x68, 0x01, 0x60, 0xa0, 0x80, 0x6c, 0x03, 0x00, 0x80, 0x18, 0x70, 0x01, 0x20, 0x10, 0x82,
    0x74, 0x84, 0x25, 0x20, 0xc2, 0x78, 0x08, 0xe0, 0xc3, 0x81, 0x7c, 0x00, 0x00, 0x00, 0x01,
    0xf0, 0x8e, 0x00, 0x00, 0x00, 0x00, 0x48, 0x25, 0x00, 0xc2, 0x04, 0x0e, 0x60, 0x30, 0x83,
    0x08, 0x01, 0x60, 0x88, 0x80, 0x0c, 0x58, 0x00, 0x80, 0x12, 0x10, 0x00, 0x20, 0x10, 0x98,
    0x14, 0x14, 0x25, 0x00, 0xc2, 0x18, 0x01, 0x00, 0xa3, 0x80, 0x1c, 0x0b, 0x00, 0x80, 0x1a,
    0x20, 0x80, 0xc1, 0x3f, 0x03, 0x24, 0x04, 0x60, 0x10, 0x96, 0x28, 0x02, 0x20, 0x2b, 0x83,
    0x2c, 0x10, 0x67, 0x00, 0xda, 0x30, 0x0b, 0x40, 0x20, 0xda, 0x34, 0x01, 0x20, 0x03, 0x98,
    0x38, 0x14, 0x25, 0x00, 0xc2, 0x3c, 0x01, 0x00, 0xa3, 0x80, 0x40, 0xfb, 0xff, 0xbf, 0x0a,
    0x44, 0x02, 0x20, 0x2b, 0x83, 0x48, 0x4c, 0x25, 0x00, 0xda, 0x4c, 0x01, 0x60, 0x8b, 0x80,
    0x50, 0x08, 0x00, 0x80, 0x32, 0x54, 0x4e, 0x25, 0x08, 0xc2, 0x58, 0x14, 0x25, 0x00, 0xc2,
    0x5c, 0x01, 0x60, 0x13, 0x9a, 0x60, 0x00, 0x61, 0x10, 0x82, 0x64, 0x4c, 0x25, 0x20, 0xda,
    0x68, 0x14, 0x25, 0x20, 0xc2, 0x6c, 0x4e, 0x25, 0x08, 0xc2, 0x70, 0x00, 0x60, 0xa0, 0x80,
    0x74, 0x0b, 0x00, 0x80, 0x32, 0x78, 0x17, 0x25, 0x08, 0xc2, 0x7c, 0xc8, 0x23, 0x00, 0xc2,
    0xf0, 0x8f, 0x00, 0x00, 0x00, 0x00, 0x16, 0x60, 0x30, 0x83, 0x04, 0x01, 0x60, 0x88, 0x80,
    0x08, 0x06, 0x00, 0x80, 0x22, 0x0c, 0x17, 0x25, 0x08, 0xc2, 0x10, 0x14, 0x25, 0x00, 0xc2,
    0x14, 0x00, 0x62, 0x10, 0x82, 0x18, 0x14, 0x25, 0x20, 0xc2, 0x1c, 0x17, 0x25, 0x08, 0xc2,
    0x20, 0x00, 0x60, 0xa0, 0x80, 0x24, 0x1d, 0x00, 0x80, 0x22, 0x28, 0x14, 0x25, 0x00, 0xda,
    0x2c, 0x48, 0x25, 0x00, 0xc2, 0x30, 0x00, 0x68, 0x88, 0x80, 0x34, 0x06, 0x00, 0x80, 0x22,
    0x38, 0xc8, 0x23, 0x00, 0xd8, 0x3c, 0x14, 0x25, 0x00, 0xc2, 0x40, 0x00, 0x64, 0x10, 0x82,
    0x44, 0x14, 0x25, 0x20, 0xc2, 0x48, 0xc8, 0x23, 0x00, 0xd8, 0x4c, 0x00, 0x20, 0xa3, 0x80,
    0x50, 0x07, 0x00, 0x80, 0x16, 0x54, 0x0c, 0x20, 0x33, 0x83, 0x58, 0x14, 0x25, 0x00, 0xc2,
    0x5c, 0x04, 0x00, 0x00, 0x1b, 0x60, 0x0d, 0x40, 0x10, 0x82, 0x64, 0x14, 0x25, 0x20, 0xc2,
    0x68, 0x0c, 0x20, 0x33, 0x83, 0x6c, 0x01, 0x60, 0x88, 0x80, 0x70, 0x0a, 0x00, 0x80, 0x22,
    0x74, 0x14, 0x25, 0x00, 0xda, 0x78, 0x40, 0x25, 0x00, 0xc2, 0x7c, 0x20, 0x40, 0x16, 0x1b,
    0xf0, 0x90, 0x00, 0x00, 0x00, 0x00, 0x10, 0x60, 0x28, 0x83, 0x04, 0x0d, 0x40, 0x00, 0x82,
    0x08, 0x14, 0x25, 0x00, 0xda, 0x0c, 0x01, 0x40, 0x13, 0x9a, 0x10, 0x14, 0x25, 0x20, 0xda,
    0x14, 0x14, 0x25, 0x00, 0xda, 0x18, 0x20, 0x00, 0x00, 0x03, 0x1c, 0x01, 0x40, 0x8b, 0x80,
    0x20, 0x0e, 0x00, 0x80, 0x12, 0x24, 0x40, 0x25, 0x20, 0xc0, 0x28, 0x17, 0x25, 0x08, 0xc2,
    0x2c, 0x00, 0x60, 0xa0, 0x80, 0x30, 0x07, 0x00, 0x80, 0x32, 0x34, 0x00, 0x25, 0x00, 0xc2,
    0x38, 0x60, 0x25, 0x00, 0xc2, 0x3c, 0x00, 0x60, 0xa0, 0x80, 0x40, 0x07, 0x00, 0x80, 0x22,
    0x44, 0x17, 0x25, 0x08, 0xd8, 0x48, 0x00, 0x25, 0x00, 0xc2, 0x4c, 0x10, 0x60, 0x28, 0x83,
    0x50, 0x01, 0x40, 0x13, 0x82, 0x54, 0x14, 0x25, 0x20, 0xc2, 0x58, 0x17, 0x25, 0x08, 0xd8,
    0x5c, 0x14, 0x25, 0x00, 0xda, 0x60, 0x80, 0xc1, 0x3f, 0x03, 0x64, 0x00, 0x40, 0x20, 0xda,
    0x68, 0x68, 0x25, 0x20, 0xd8, 0x6c, 0x08, 0xe0, 0xc3, 0x81, 0x70, 0x00, 0x00, 0x00, 0x01,
    0x74, 0x98, 0xbf, 0xe3, 0x9d, 0x78, 0x48, 0x25, 0x00, 0xd8, 0x7c, 0x0e, 0x20, 0x33, 0x83,
    0xf0, 0x91, 0x00, 0x00, 0x00, 0x00, 0x01, 0x60, 0x88, 0x80, 0x04, 0x06, 0x00, 0x80, 0x22,
    0x08, 0x16, 0x25, 0x10, 0xc2, 0x0c, 0x10, 0x00, 0x00, 0x03, 0x10, 0x01, 0x00, 0x2b, 0x82,
    0x14, 0x22, 0x00, 0x80, 0x10, 0x18, 0x48, 0x25, 0x20, 0xc2, 0x1c, 0x00, 0x60, 0xa0, 0x80,
    0x20, 0x0a, 0x00, 0x80, 0x02, 0x24, 0x03, 0x20, 0x33, 0x9b, 0x28, 0x04, 0x20, 0x8b, 0x80,
    0x2c, 0x0e, 0x00, 0x80, 0x22, 0x30, 0x1c, 0x23, 0x00, 0xc2, 0x34, 0x60, 0x21, 0x00, 0xc2,
    0x38, 0x00, 0x64, 0x88, 0x80, 0x3c, 0x0a, 0x00, 0x80, 0x32, 0x40, 0x1c, 0x23, 0x00, 0xc2,
    0x44, 0x03, 0x20, 0x33, 0x9b, 0x48, 0x02, 0x20, 0x33, 0x83, 0x4c, 0x01, 0x60, 0x08, 0x82,
    0x50, 0x01, 0x60, 0x0b, 0x9a, 0x54, 0x0d, 0x40, 0xa0, 0x80, 0x58, 0x0a, 0x00, 0x80, 0x22,
    0x5c, 0x60, 0x25, 0x00, 0xc2, 0x60, 0x1c, 0x23, 0x00, 0xc2, 0x64, 0x00, 0x60, 0xa0, 0x80,
    0x68, 0x03, 0x00, 0x80, 0x22, 0x6c, 0x60, 0x23, 0x08, 0xc2, 0x70, 0x05, 0x20, 0x10, 0x82,
    0x74, 0x60, 0x25, 0x20, 0xc2, 0x78, 0x07, 0x00, 0x80, 0x10, 0x7c, 0x01, 0x20, 0x10, 0x90,
    0xf0, 0x92, 0x00, 0x00, 0x00, 0x00, 0x00, 0x60, 0xa0, 0x80, 0x04, 0x04, 0x00, 0x80, 0x02,
    0x08, 0x00, 0x20, 0x10, 0x90, 0x0c, 0xfa, 0xff, 0xbf, 0x10, 0x10, 0xff, 0x7f, 0x00, 0x82,
    0x14, 0x48, 0xf6, 0xff, 0x7f, 0x18, 0x00, 0x00, 0x00, 0x01, 0x1c, 0x48, 0x25, 0x00, 0xc2,
    0x20, 0x01, 0x40, 0x00, 0x9a, 0x24, 0x08, 0x60, 0x0b, 0x9a, 0x28, 0xf7, 0x7f, 0x08, 0x82,
    0x2c, 0x0d, 0x40, 0x10, 0x82, 0x30, 0x48, 0x25, 0x20, 0xc2, 0x34, 0x08, 0xe0, 0xc7, 0x81,
    0x38, 0x00, 0x00, 0xe8, 0x81, 0x3c, 0x00, 0x00, 0x00, 0x00, 0x40, 0x00, 0x00, 0x00, 0x00,
    0x44, 0x00, 0x00, 0x00, 0x00, 0x48, 0x00, 0x00, 0x00, 0x00, 0x4c, 0x00, 0x00, 0x00, 0x00,
    0x50, 0x00, 0x00, 0x00, 0x00, 0x54, 0x00, 0x00, 0x00, 0x00, 0x58, 0x00, 0x00, 0x00, 0x00,
    0x5c, 0x00, 0x00, 0x00, 0x00, 0x60, 0x00, 0x00, 0x00, 0x00, 0x64, 0x00, 0x00, 0x00, 0x00,
    0x68, 0x00, 0x00, 0x00, 0x00, 0x6c, 0x00, 0x00, 0x00, 0x00, 0x70, 0x00, 0x00, 0x00, 0x00,
    0x74, 0x00, 0x00, 0x00, 0x00, 0x78, 0x00, 0x00, 0x00, 0x00, 0x7c, 0x00, 0x00, 0x00, 0x00,
    0xf0, 0x93, 0x00, 0x00, 0x00, 0x00, 0x70, 0x36, 0x00, 0x00, 0x04, 0x03, 0x05, 0x01, 0xa5,
    0x08, 0x22, 0x00, 0x00, 0xa5, 0x0c, 0x00, 0x00, 0x00, 0x00, 0x10, 0x48, 0x43, 0x49, 0x4c,
    0x14, 0x49, 0x44, 0x44, 0x49, 0x18, 0xec, 0x88, 0xcb, 0x80, 0x1c, 0xcf, 0x39, 0xae, 0xbd,
    0x20, 0xcd, 0x80, 0x48, 0x86, 0x24, 0x71, 0xbe, 0x6f, 0xc9, 0x28, 0xd1, 0x80, 0x43, 0x92,
    0x2c, 0xe5, 0xcc, 0x71, 0xc4, 0x30, 0x00, 0xc4, 0xe5, 0xc9, 0x34, 0x43, 0xbc, 0x0d, 0xbc,
    0x38, 0x13, 0xbd, 0x43, 0xc6, 0x3c, 0x00, 0x00, 0x00, 0x00, 0x40, 0x00, 0x00, 0x00, 0x00,
    0x44, 0x00, 0x00, 0x00, 0x00, 0x48, 0x00, 0x00, 0x00, 0x00, 0x4c, 0x00, 0x00, 0x00, 0x00,
    0x50, 0x00, 0x00, 0x00, 0x00, 0x54, 0x00, 0x00, 0x00, 0x00, 0x58, 0x00, 0x00, 0x00, 0x00,
    0x5c, 0x00, 0x00, 0x00, 0x00, 0x60, 0x00, 0x00, 0x00, 0x00, 0x64, 0x00, 0x00, 0x00, 0x00,
    0x68, 0x20, 0x6e, 0x61, 0x4a, 0x6c, 0x32, 0x20, 0x38, 0x20, 0x70, 0x00, 0x38, 0x31, 0x30,
    0x74, 0x00, 0x00, 0x00, 0x00, 0x78, 0x32, 0x3a, 0x34, 0x31, 0x7c, 0x39, 0x34, 0x3a, 0x34,
};
const size_t moy_gsl_fw_LEN = sizeof(moy_gsl_fw);
